[0m18:22:45.073123 [debug] [MainThread]: Sending event: {'category': 'dbt', 'action': 'invocation', 'label': 'start', 'context': [<snowplow_tracker.self_describing_json.SelfDescribingJson object at 0x00000123CD0CDFD0>, <snowplow_tracker.self_describing_json.SelfDescribingJson object at 0x00000123CAE7C190>, <snowplow_tracker.self_describing_json.SelfDescribingJson object at 0x00000123CE48FC50>]}


============================== 18:22:45.077320 | a632a3a2-349b-4667-bfd3-9fdcb6ce8fed ==============================
[0m18:22:45.077320 [info ] [MainThread]: Running with dbt=1.11.7
[0m18:22:45.078016 [debug] [MainThread]: running dbt with arguments {'version_check': 'True', 'no_print': 'None', 'static_parser': 'True', 'target_path': 'None', 'warn_error_options': 'WarnErrorOptionsV2(error=[], warn=[], silence=[])', 'printer_width': '80', 'write_json': 'True', 'introspect': 'True', 'log_cache_events': 'False', 'empty': 'None', 'cache_selected_only': 'False', 'log_format': 'default', 'debug': 'False', 'fail_fast': 'False', 'partial_parse': 'True', 'send_anonymous_usage_stats': 'True', 'quiet': 'False', 'warn_error': 'None', 'profiles_dir': 'C:\\Users\\Huang\\.dbt', 'use_colors': 'True', 'invocation_command': 'dbt debug', 'indirect_selection': 'eager', 'use_experimental_parser': 'False', 'log_path': 'logs'}
[0m18:22:45.091682 [info ] [MainThread]: dbt version: 1.11.7
[0m18:22:45.091921 [info ] [MainThread]: python version: 3.13.9
[0m18:22:45.092109 [info ] [MainThread]: python path: F:\Tool\Coding\Python\python.exe
[0m18:22:45.092293 [info ] [MainThread]: os info: Windows-11-10.0.26100-SP0
[0m18:22:45.129781 [info ] [MainThread]: Using profiles dir at C:\Users\Huang\.dbt
[0m18:22:45.130363 [info ] [MainThread]: Using profiles.yml file at C:\Users\Huang\.dbt\profiles.yml
[0m18:22:45.130688 [info ] [MainThread]: Using dbt_project.yml file at E:\Study\Stage\Grocery-Sales-Database\dbt\dbt_project.yml
[0m18:22:45.131371 [info ] [MainThread]: adapter type: postgres
[0m18:22:45.131590 [info ] [MainThread]: adapter version: 1.10.0
[0m18:22:45.132058 [info ] [MainThread]: Configuration:
[0m18:22:45.132538 [info ] [MainThread]:   profiles.yml file [[32mOK found and valid[0m]
[0m18:22:45.132768 [info ] [MainThread]:   dbt_project.yml file [[31mERROR not found[0m]
[0m18:22:45.132974 [info ] [MainThread]: Required dependencies:
[0m18:22:45.133172 [debug] [MainThread]: Executing "git --help"
[0m18:22:45.161171 [debug] [MainThread]: STDOUT: "b"usage: git [-v | --version] [-h | --help] [-C <path>] [-c <name>=<value>]\n           [--exec-path[=<path>]] [--html-path] [--man-path] [--info-path]\n           [-p | --paginate | -P | --no-pager] [--no-replace-objects] [--no-lazy-fetch]\n           [--no-optional-locks] [--no-advice] [--bare] [--git-dir=<path>]\n           [--work-tree=<path>] [--namespace=<name>] [--config-env=<name>=<envvar>]\n           <command> [<args>]\n\nThese are common Git commands used in various situations:\n\nstart a working area (see also: git help tutorial)\n   clone      Clone a repository into a new directory\n   init       Create an empty Git repository or reinitialize an existing one\n\nwork on the current change (see also: git help everyday)\n   add        Add file contents to the index\n   mv         Move or rename a file, a directory, or a symlink\n   restore    Restore working tree files\n   rm         Remove files from the working tree and from the index\n\nexamine the history and state (see also: git help revisions)\n   bisect     Use binary search to find the commit that introduced a bug\n   diff       Show changes between commits, commit and working tree, etc\n   grep       Print lines matching a pattern\n   log        Show commit logs\n   show       Show various types of objects\n   status     Show the working tree status\n\ngrow, mark and tweak your common history\n   backfill   Download missing objects in a partial clone\n   branch     List, create, or delete branches\n   commit     Record changes to the repository\n   merge      Join two or more development histories together\n   rebase     Reapply commits on top of another base tip\n   reset      Reset current HEAD to the specified state\n   switch     Switch branches\n   tag        Create, list, delete or verify a tag object signed with GPG\n\ncollaborate (see also: git help workflows)\n   fetch      Download objects and refs from another repository\n   pull       Fetch from and integrate with another repository or a local branch\n   push       Update remote refs along with associated objects\n\n'git help -a' and 'git help -g' list available subcommands and some\nconcept guides. See 'git help <command>' or 'git help <concept>'\nto read about a specific subcommand or concept.\nSee 'git help git' for an overview of the system.\n""
[0m18:22:45.161550 [debug] [MainThread]: STDERR: "b''"
[0m18:22:45.161815 [info ] [MainThread]:  - git [[32mOK found[0m]

[0m18:22:45.162293 [info ] [MainThread]: Connection:
[0m18:22:45.162696 [info ] [MainThread]:   host: localhost
[0m18:22:45.162905 [info ] [MainThread]:   port: 5432
[0m18:22:45.163089 [info ] [MainThread]:   user: postgres
[0m18:22:45.163264 [info ] [MainThread]:   database: grocery_sales
[0m18:22:45.163435 [info ] [MainThread]:   schema: public
[0m18:22:45.163602 [info ] [MainThread]:   connect_timeout: 10
[0m18:22:45.163770 [info ] [MainThread]:   role: None
[0m18:22:45.163933 [info ] [MainThread]:   search_path: None
[0m18:22:45.164106 [info ] [MainThread]:   keepalives_idle: 0
[0m18:22:45.164333 [info ] [MainThread]:   sslmode: None
[0m18:22:45.164624 [info ] [MainThread]:   sslcert: None
[0m18:22:45.164997 [info ] [MainThread]:   sslkey: None
[0m18:22:45.165433 [info ] [MainThread]:   sslrootcert: None
[0m18:22:45.165708 [info ] [MainThread]:   application_name: dbt
[0m18:22:45.165925 [info ] [MainThread]:   retries: 1
[0m18:22:45.166272 [info ] [MainThread]: Registered adapter: postgres=1.10.0
[0m18:22:45.286273 [debug] [MainThread]: Acquiring new postgres connection 'debug'
[0m18:22:45.327610 [debug] [MainThread]: Using postgres connection "debug"
[0m18:22:45.327868 [debug] [MainThread]: On debug: select 1 as id
[0m18:22:45.328028 [debug] [MainThread]: Opening a new connection, currently in state init
[0m18:22:45.371394 [debug] [MainThread]: Postgres adapter: Error running SQL: select 1 as id
[0m18:22:45.371902 [debug] [MainThread]: Postgres adapter: Rolling back transaction.
[0m18:22:45.372101 [debug] [MainThread]: On debug: No close available on handle
[0m18:22:45.372263 [info ] [MainThread]:   Connection test: [[31mERROR[0m]

[0m18:22:45.372605 [info ] [MainThread]: [31m2 checks failed:[0m
[0m18:22:45.372996 [info ] [MainThread]: Project loading failed for the following reason:
 project path <E:\Study\Stage\Grocery-Sales-Database\dbt\dbt_project.yml> not found

[0m18:22:45.373270 [info ] [MainThread]: dbt was unable to connect to the specified database.
The database returned the following error:

  >Database Error
  'utf-8' codec can't decode byte 0xd6 in position 67: invalid continuation byte

Check your database credentials and try again. For more information, visit:
https://docs.getdbt.com/docs/configure-your-profile


[0m18:22:45.373875 [debug] [MainThread]: Command `dbt debug` failed at 18:22:45.373797 after 0.38 seconds
[0m18:22:45.374107 [debug] [MainThread]: Connection 'debug' was properly closed.
[0m18:22:45.374313 [debug] [MainThread]: Sending event: {'category': 'dbt', 'action': 'invocation', 'label': 'end', 'context': [<snowplow_tracker.self_describing_json.SelfDescribingJson object at 0x00000123CFA05810>, <snowplow_tracker.self_describing_json.SelfDescribingJson object at 0x00000123CF735A30>, <snowplow_tracker.self_describing_json.SelfDescribingJson object at 0x00000123CF4E3BD0>]}
[0m18:22:45.374570 [debug] [MainThread]: Flushing usage events
[0m18:22:45.917910 [debug] [MainThread]: An error was encountered while trying to flush usage events
[0m18:23:02.758201 [debug] [MainThread]: Sending event: {'category': 'dbt', 'action': 'invocation', 'label': 'start', 'context': [<snowplow_tracker.self_describing_json.SelfDescribingJson object at 0x000002A756A6DFD0>, <snowplow_tracker.self_describing_json.SelfDescribingJson object at 0x000002A754818190>, <snowplow_tracker.self_describing_json.SelfDescribingJson object at 0x000002A757E2BC50>]}


============================== 18:23:02.761021 | 5f97eeba-a1ff-4721-a02b-729bbf071b2c ==============================
[0m18:23:02.761021 [info ] [MainThread]: Running with dbt=1.11.7
[0m18:23:02.761593 [debug] [MainThread]: running dbt with arguments {'static_parser': 'True', 'no_print': 'None', 'version_check': 'True', 'target_path': 'None', 'warn_error_options': 'WarnErrorOptionsV2(error=[], warn=[], silence=[])', 'printer_width': '80', 'write_json': 'True', 'introspect': 'True', 'log_cache_events': 'False', 'empty': 'None', 'cache_selected_only': 'False', 'log_format': 'default', 'debug': 'False', 'fail_fast': 'False', 'partial_parse': 'True', 'send_anonymous_usage_stats': 'True', 'quiet': 'False', 'warn_error': 'None', 'profiles_dir': 'C:\\Users\\Huang\\.dbt', 'indirect_selection': 'eager', 'use_colors': 'True', 'invocation_command': 'dbt debug', 'use_experimental_parser': 'False', 'log_path': 'E:\\Study\\Stage\\Grocery-Sales-Database\\dbt\\logs'}
[0m18:23:02.771393 [info ] [MainThread]: dbt version: 1.11.7
[0m18:23:02.771811 [info ] [MainThread]: python version: 3.13.9
[0m18:23:02.772478 [info ] [MainThread]: python path: F:\Tool\Coding\Python\python.exe
[0m18:23:02.772774 [info ] [MainThread]: os info: Windows-11-10.0.26100-SP0
[0m18:23:02.804027 [info ] [MainThread]: Using profiles dir at C:\Users\Huang\.dbt
[0m18:23:02.804451 [info ] [MainThread]: Using profiles.yml file at C:\Users\Huang\.dbt\profiles.yml
[0m18:23:02.804731 [info ] [MainThread]: Using dbt_project.yml file at E:\Study\Stage\Grocery-Sales-Database\dbt\dbt_project.yml
[0m18:23:02.805426 [info ] [MainThread]: adapter type: postgres
[0m18:23:02.805750 [info ] [MainThread]: adapter version: 1.10.0
[0m18:23:02.864252 [info ] [MainThread]: Configuration:
[0m18:23:02.864641 [info ] [MainThread]:   profiles.yml file [[32mOK found and valid[0m]
[0m18:23:02.864893 [info ] [MainThread]:   dbt_project.yml file [[32mOK found and valid[0m]
[0m18:23:02.865106 [info ] [MainThread]: Required dependencies:
[0m18:23:02.865330 [debug] [MainThread]: Executing "git --help"
[0m18:23:02.889741 [debug] [MainThread]: STDOUT: "b"usage: git [-v | --version] [-h | --help] [-C <path>] [-c <name>=<value>]\n           [--exec-path[=<path>]] [--html-path] [--man-path] [--info-path]\n           [-p | --paginate | -P | --no-pager] [--no-replace-objects] [--no-lazy-fetch]\n           [--no-optional-locks] [--no-advice] [--bare] [--git-dir=<path>]\n           [--work-tree=<path>] [--namespace=<name>] [--config-env=<name>=<envvar>]\n           <command> [<args>]\n\nThese are common Git commands used in various situations:\n\nstart a working area (see also: git help tutorial)\n   clone      Clone a repository into a new directory\n   init       Create an empty Git repository or reinitialize an existing one\n\nwork on the current change (see also: git help everyday)\n   add        Add file contents to the index\n   mv         Move or rename a file, a directory, or a symlink\n   restore    Restore working tree files\n   rm         Remove files from the working tree and from the index\n\nexamine the history and state (see also: git help revisions)\n   bisect     Use binary search to find the commit that introduced a bug\n   diff       Show changes between commits, commit and working tree, etc\n   grep       Print lines matching a pattern\n   log        Show commit logs\n   show       Show various types of objects\n   status     Show the working tree status\n\ngrow, mark and tweak your common history\n   backfill   Download missing objects in a partial clone\n   branch     List, create, or delete branches\n   commit     Record changes to the repository\n   merge      Join two or more development histories together\n   rebase     Reapply commits on top of another base tip\n   reset      Reset current HEAD to the specified state\n   switch     Switch branches\n   tag        Create, list, delete or verify a tag object signed with GPG\n\ncollaborate (see also: git help workflows)\n   fetch      Download objects and refs from another repository\n   pull       Fetch from and integrate with another repository or a local branch\n   push       Update remote refs along with associated objects\n\n'git help -a' and 'git help -g' list available subcommands and some\nconcept guides. See 'git help <command>' or 'git help <concept>'\nto read about a specific subcommand or concept.\nSee 'git help git' for an overview of the system.\n""
[0m18:23:02.890089 [debug] [MainThread]: STDERR: "b''"
[0m18:23:02.890332 [info ] [MainThread]:  - git [[32mOK found[0m]

[0m18:23:02.890635 [info ] [MainThread]: Connection:
[0m18:23:02.890883 [info ] [MainThread]:   host: localhost
[0m18:23:02.891070 [info ] [MainThread]:   port: 5432
[0m18:23:02.891245 [info ] [MainThread]:   user: postgres
[0m18:23:02.891416 [info ] [MainThread]:   database: grocery_sales
[0m18:23:02.891587 [info ] [MainThread]:   schema: public
[0m18:23:02.891807 [info ] [MainThread]:   connect_timeout: 10
[0m18:23:02.892025 [info ] [MainThread]:   role: None
[0m18:23:02.892206 [info ] [MainThread]:   search_path: None
[0m18:23:02.892371 [info ] [MainThread]:   keepalives_idle: 0
[0m18:23:02.892531 [info ] [MainThread]:   sslmode: None
[0m18:23:02.892695 [info ] [MainThread]:   sslcert: None
[0m18:23:02.892911 [info ] [MainThread]:   sslkey: None
[0m18:23:02.893080 [info ] [MainThread]:   sslrootcert: None
[0m18:23:02.893240 [info ] [MainThread]:   application_name: dbt
[0m18:23:02.893591 [info ] [MainThread]:   retries: 1
[0m18:23:02.894138 [info ] [MainThread]: Registered adapter: postgres=1.10.0
[0m18:23:02.988033 [debug] [MainThread]: Acquiring new postgres connection 'debug'
[0m18:23:03.014208 [debug] [MainThread]: Using postgres connection "debug"
[0m18:23:03.014452 [debug] [MainThread]: On debug: select 1 as id
[0m18:23:03.014612 [debug] [MainThread]: Opening a new connection, currently in state init
[0m18:23:03.048804 [debug] [MainThread]: Postgres adapter: Error running SQL: select 1 as id
[0m18:23:03.049192 [debug] [MainThread]: Postgres adapter: Rolling back transaction.
[0m18:23:03.049372 [debug] [MainThread]: On debug: No close available on handle
[0m18:23:03.049544 [info ] [MainThread]:   Connection test: [[31mERROR[0m]

[0m18:23:03.050051 [info ] [MainThread]: [31m1 check failed:[0m
[0m18:23:03.050351 [info ] [MainThread]: dbt was unable to connect to the specified database.
The database returned the following error:

  >Database Error
  'utf-8' codec can't decode byte 0xd6 in position 67: invalid continuation byte

Check your database credentials and try again. For more information, visit:
https://docs.getdbt.com/docs/configure-your-profile


[0m18:23:03.050959 [debug] [MainThread]: Command `dbt debug` failed at 18:23:03.050855 after 0.37 seconds
[0m18:23:03.051182 [debug] [MainThread]: Connection 'debug' was properly closed.
[0m18:23:03.051367 [debug] [MainThread]: Sending event: {'category': 'dbt', 'action': 'invocation', 'label': 'end', 'context': [<snowplow_tracker.self_describing_json.SelfDescribingJson object at 0x000002A7590F1E00>, <snowplow_tracker.self_describing_json.SelfDescribingJson object at 0x000002A7591455B0>, <snowplow_tracker.self_describing_json.SelfDescribingJson object at 0x000002A758E73790>]}
[0m18:23:03.051592 [debug] [MainThread]: Flushing usage events
[0m18:23:03.636311 [debug] [MainThread]: An error was encountered while trying to flush usage events
[0m18:25:08.919917 [debug] [MainThread]: Sending event: {'category': 'dbt', 'action': 'invocation', 'label': 'start', 'context': [<snowplow_tracker.self_describing_json.SelfDescribingJson object at 0x000002134199DFD0>, <snowplow_tracker.self_describing_json.SelfDescribingJson object at 0x000002133F748190>, <snowplow_tracker.self_describing_json.SelfDescribingJson object at 0x0000021342D63C50>]}


============================== 18:25:08.923848 | 88a5adc8-d9ec-418e-97df-1ee65738b02c ==============================
[0m18:25:08.923848 [info ] [MainThread]: Running with dbt=1.11.7
[0m18:25:08.924483 [debug] [MainThread]: running dbt with arguments {'version_check': 'True', 'no_print': 'None', 'static_parser': 'True', 'target_path': 'None', 'warn_error_options': 'WarnErrorOptionsV2(error=[], warn=[], silence=[])', 'printer_width': '80', 'write_json': 'True', 'empty': 'None', 'log_cache_events': 'False', 'introspect': 'True', 'cache_selected_only': 'False', 'log_format': 'default', 'debug': 'False', 'fail_fast': 'False', 'profiles_dir': 'C:\\Users\\Huang\\.dbt', 'send_anonymous_usage_stats': 'True', 'quiet': 'False', 'warn_error': 'None', 'partial_parse': 'True', 'use_colors': 'True', 'invocation_command': 'dbt debug', 'indirect_selection': 'eager', 'use_experimental_parser': 'False', 'log_path': 'E:\\Study\\Stage\\Grocery-Sales-Database\\dbt\\logs'}
[0m18:25:08.936620 [info ] [MainThread]: dbt version: 1.11.7
[0m18:25:08.937112 [info ] [MainThread]: python version: 3.13.9
[0m18:25:08.937518 [info ] [MainThread]: python path: F:\Tool\Coding\Python\python.exe
[0m18:25:08.937726 [info ] [MainThread]: os info: Windows-11-10.0.26100-SP0
[0m18:25:08.971308 [info ] [MainThread]: Using profiles dir at C:\Users\Huang\.dbt
[0m18:25:08.971977 [info ] [MainThread]: Using profiles.yml file at C:\Users\Huang\.dbt\profiles.yml
[0m18:25:08.972501 [info ] [MainThread]: Using dbt_project.yml file at E:\Study\Stage\Grocery-Sales-Database\dbt\dbt_project.yml
[0m18:25:08.973232 [info ] [MainThread]: adapter type: postgres
[0m18:25:08.973535 [info ] [MainThread]: adapter version: 1.10.0
[0m18:25:09.035298 [info ] [MainThread]: Configuration:
[0m18:25:09.035928 [info ] [MainThread]:   profiles.yml file [[32mOK found and valid[0m]
[0m18:25:09.036554 [info ] [MainThread]:   dbt_project.yml file [[32mOK found and valid[0m]
[0m18:25:09.036806 [info ] [MainThread]: Required dependencies:
[0m18:25:09.037033 [debug] [MainThread]: Executing "git --help"
[0m18:25:09.065149 [debug] [MainThread]: STDOUT: "b"usage: git [-v | --version] [-h | --help] [-C <path>] [-c <name>=<value>]\n           [--exec-path[=<path>]] [--html-path] [--man-path] [--info-path]\n           [-p | --paginate | -P | --no-pager] [--no-replace-objects] [--no-lazy-fetch]\n           [--no-optional-locks] [--no-advice] [--bare] [--git-dir=<path>]\n           [--work-tree=<path>] [--namespace=<name>] [--config-env=<name>=<envvar>]\n           <command> [<args>]\n\nThese are common Git commands used in various situations:\n\nstart a working area (see also: git help tutorial)\n   clone      Clone a repository into a new directory\n   init       Create an empty Git repository or reinitialize an existing one\n\nwork on the current change (see also: git help everyday)\n   add        Add file contents to the index\n   mv         Move or rename a file, a directory, or a symlink\n   restore    Restore working tree files\n   rm         Remove files from the working tree and from the index\n\nexamine the history and state (see also: git help revisions)\n   bisect     Use binary search to find the commit that introduced a bug\n   diff       Show changes between commits, commit and working tree, etc\n   grep       Print lines matching a pattern\n   log        Show commit logs\n   show       Show various types of objects\n   status     Show the working tree status\n\ngrow, mark and tweak your common history\n   backfill   Download missing objects in a partial clone\n   branch     List, create, or delete branches\n   commit     Record changes to the repository\n   merge      Join two or more development histories together\n   rebase     Reapply commits on top of another base tip\n   reset      Reset current HEAD to the specified state\n   switch     Switch branches\n   tag        Create, list, delete or verify a tag object signed with GPG\n\ncollaborate (see also: git help workflows)\n   fetch      Download objects and refs from another repository\n   pull       Fetch from and integrate with another repository or a local branch\n   push       Update remote refs along with associated objects\n\n'git help -a' and 'git help -g' list available subcommands and some\nconcept guides. See 'git help <command>' or 'git help <concept>'\nto read about a specific subcommand or concept.\nSee 'git help git' for an overview of the system.\n""
[0m18:25:09.065557 [debug] [MainThread]: STDERR: "b''"
[0m18:25:09.065851 [info ] [MainThread]:  - git [[32mOK found[0m]

[0m18:25:09.066329 [info ] [MainThread]: Connection:
[0m18:25:09.066863 [info ] [MainThread]:   host: localhost
[0m18:25:09.067280 [info ] [MainThread]:   port: 5432
[0m18:25:09.067771 [info ] [MainThread]:   user: postgres
[0m18:25:09.068164 [info ] [MainThread]:   database: grocery_sales
[0m18:25:09.068570 [info ] [MainThread]:   schema: public
[0m18:25:09.069162 [info ] [MainThread]:   connect_timeout: 10
[0m18:25:09.069771 [info ] [MainThread]:   role: None
[0m18:25:09.070051 [info ] [MainThread]:   search_path: None
[0m18:25:09.070306 [info ] [MainThread]:   keepalives_idle: 0
[0m18:25:09.070519 [info ] [MainThread]:   sslmode: None
[0m18:25:09.070747 [info ] [MainThread]:   sslcert: None
[0m18:25:09.070958 [info ] [MainThread]:   sslkey: None
[0m18:25:09.071141 [info ] [MainThread]:   sslrootcert: None
[0m18:25:09.071315 [info ] [MainThread]:   application_name: dbt
[0m18:25:09.071551 [info ] [MainThread]:   retries: 1
[0m18:25:09.072281 [info ] [MainThread]: Registered adapter: postgres=1.10.0
[0m18:25:09.171012 [debug] [MainThread]: Acquiring new postgres connection 'debug'
[0m18:25:09.196478 [debug] [MainThread]: Using postgres connection "debug"
[0m18:25:09.196715 [debug] [MainThread]: On debug: select 1 as id
[0m18:25:09.196875 [debug] [MainThread]: Opening a new connection, currently in state init
[0m18:25:09.232331 [debug] [MainThread]: Postgres adapter: Error running SQL: select 1 as id
[0m18:25:09.232828 [debug] [MainThread]: Postgres adapter: Rolling back transaction.
[0m18:25:09.233088 [debug] [MainThread]: On debug: No close available on handle
[0m18:25:09.233256 [info ] [MainThread]:   Connection test: [[31mERROR[0m]

[0m18:25:09.233538 [info ] [MainThread]: [31m1 check failed:[0m
[0m18:25:09.233770 [info ] [MainThread]: dbt was unable to connect to the specified database.
The database returned the following error:

  >Database Error
  'utf-8' codec can't decode byte 0xd6 in position 67: invalid continuation byte

Check your database credentials and try again. For more information, visit:
https://docs.getdbt.com/docs/configure-your-profile


[0m18:25:09.234368 [debug] [MainThread]: Command `dbt debug` failed at 18:25:09.234291 after 0.40 seconds
[0m18:25:09.234561 [debug] [MainThread]: Connection 'debug' was properly closed.
[0m18:25:09.234810 [debug] [MainThread]: Sending event: {'category': 'dbt', 'action': 'invocation', 'label': 'end', 'context': [<snowplow_tracker.self_describing_json.SelfDescribingJson object at 0x00000213440DDE00>, <snowplow_tracker.self_describing_json.SelfDescribingJson object at 0x000002134411D5B0>, <snowplow_tracker.self_describing_json.SelfDescribingJson object at 0x0000021343DCF790>]}
[0m18:25:09.235063 [debug] [MainThread]: Flushing usage events
[0m18:25:09.739215 [debug] [MainThread]: An error was encountered while trying to flush usage events
[0m18:27:33.008415 [debug] [MainThread]: Sending event: {'category': 'dbt', 'action': 'invocation', 'label': 'start', 'context': [<snowplow_tracker.self_describing_json.SelfDescribingJson object at 0x0000025FB5CCDFD0>, <snowplow_tracker.self_describing_json.SelfDescribingJson object at 0x0000025FB3A98190>, <snowplow_tracker.self_describing_json.SelfDescribingJson object at 0x0000025FB707FC50>]}


============================== 18:27:33.011214 | 8e7fffbc-187c-4584-8df2-f6f89d8d2439 ==============================
[0m18:27:33.011214 [info ] [MainThread]: Running with dbt=1.11.7
[0m18:27:33.011826 [debug] [MainThread]: running dbt with arguments {'static_parser': 'True', 'no_print': 'None', 'version_check': 'True', 'warn_error_options': 'WarnErrorOptionsV2(error=[], warn=[], silence=[])', 'target_path': 'None', 'printer_width': '80', 'write_json': 'True', 'empty': 'None', 'log_cache_events': 'False', 'introspect': 'True', 'cache_selected_only': 'False', 'log_format': 'default', 'debug': 'False', 'fail_fast': 'False', 'profiles_dir': 'C:\\Users\\Huang\\.dbt', 'send_anonymous_usage_stats': 'True', 'quiet': 'False', 'warn_error': 'None', 'partial_parse': 'True', 'indirect_selection': 'eager', 'invocation_command': 'dbt debug', 'use_colors': 'True', 'use_experimental_parser': 'False', 'log_path': 'E:\\Study\\Stage\\Grocery-Sales-Database\\dbt\\logs'}
[0m18:27:33.022762 [info ] [MainThread]: dbt version: 1.11.7
[0m18:27:33.023278 [info ] [MainThread]: python version: 3.13.9
[0m18:27:33.023811 [info ] [MainThread]: python path: F:\Tool\Coding\Python\python.exe
[0m18:27:33.024032 [info ] [MainThread]: os info: Windows-11-10.0.26100-SP0
[0m18:27:33.056700 [info ] [MainThread]: Using profiles dir at C:\Users\Huang\.dbt
[0m18:27:33.057257 [info ] [MainThread]: Using profiles.yml file at C:\Users\Huang\.dbt\profiles.yml
[0m18:27:33.057883 [info ] [MainThread]: Using dbt_project.yml file at E:\Study\Stage\Grocery-Sales-Database\dbt\dbt_project.yml
[0m18:27:33.058444 [info ] [MainThread]: adapter type: postgres
[0m18:27:33.058686 [info ] [MainThread]: adapter version: 1.10.0
[0m18:27:33.116414 [info ] [MainThread]: Configuration:
[0m18:27:33.116969 [info ] [MainThread]:   profiles.yml file [[32mOK found and valid[0m]
[0m18:27:33.117242 [info ] [MainThread]:   dbt_project.yml file [[32mOK found and valid[0m]
[0m18:27:33.117456 [info ] [MainThread]: Required dependencies:
[0m18:27:33.117716 [debug] [MainThread]: Executing "git --help"
[0m18:27:33.140187 [debug] [MainThread]: STDOUT: "b"usage: git [-v | --version] [-h | --help] [-C <path>] [-c <name>=<value>]\n           [--exec-path[=<path>]] [--html-path] [--man-path] [--info-path]\n           [-p | --paginate | -P | --no-pager] [--no-replace-objects] [--no-lazy-fetch]\n           [--no-optional-locks] [--no-advice] [--bare] [--git-dir=<path>]\n           [--work-tree=<path>] [--namespace=<name>] [--config-env=<name>=<envvar>]\n           <command> [<args>]\n\nThese are common Git commands used in various situations:\n\nstart a working area (see also: git help tutorial)\n   clone      Clone a repository into a new directory\n   init       Create an empty Git repository or reinitialize an existing one\n\nwork on the current change (see also: git help everyday)\n   add        Add file contents to the index\n   mv         Move or rename a file, a directory, or a symlink\n   restore    Restore working tree files\n   rm         Remove files from the working tree and from the index\n\nexamine the history and state (see also: git help revisions)\n   bisect     Use binary search to find the commit that introduced a bug\n   diff       Show changes between commits, commit and working tree, etc\n   grep       Print lines matching a pattern\n   log        Show commit logs\n   show       Show various types of objects\n   status     Show the working tree status\n\ngrow, mark and tweak your common history\n   backfill   Download missing objects in a partial clone\n   branch     List, create, or delete branches\n   commit     Record changes to the repository\n   merge      Join two or more development histories together\n   rebase     Reapply commits on top of another base tip\n   reset      Reset current HEAD to the specified state\n   switch     Switch branches\n   tag        Create, list, delete or verify a tag object signed with GPG\n\ncollaborate (see also: git help workflows)\n   fetch      Download objects and refs from another repository\n   pull       Fetch from and integrate with another repository or a local branch\n   push       Update remote refs along with associated objects\n\n'git help -a' and 'git help -g' list available subcommands and some\nconcept guides. See 'git help <command>' or 'git help <concept>'\nto read about a specific subcommand or concept.\nSee 'git help git' for an overview of the system.\n""
[0m18:27:33.140546 [debug] [MainThread]: STDERR: "b''"
[0m18:27:33.140820 [info ] [MainThread]:  - git [[32mOK found[0m]

[0m18:27:33.141228 [info ] [MainThread]: Connection:
[0m18:27:33.141791 [info ] [MainThread]:   host: localhost
[0m18:27:33.142188 [info ] [MainThread]:   port: 5432
[0m18:27:33.142463 [info ] [MainThread]:   user: postgres
[0m18:27:33.142744 [info ] [MainThread]:   database: grocery_sales
[0m18:27:33.142948 [info ] [MainThread]:   schema: public
[0m18:27:33.143285 [info ] [MainThread]:   connect_timeout: 10
[0m18:27:33.143729 [info ] [MainThread]:   role: None
[0m18:27:33.144062 [info ] [MainThread]:   search_path: None
[0m18:27:33.144263 [info ] [MainThread]:   keepalives_idle: 0
[0m18:27:33.144442 [info ] [MainThread]:   sslmode: None
[0m18:27:33.144615 [info ] [MainThread]:   sslcert: None
[0m18:27:33.144879 [info ] [MainThread]:   sslkey: None
[0m18:27:33.145092 [info ] [MainThread]:   sslrootcert: None
[0m18:27:33.145277 [info ] [MainThread]:   application_name: dbt
[0m18:27:33.145658 [info ] [MainThread]:   retries: 1
[0m18:27:33.146257 [info ] [MainThread]: Registered adapter: postgres=1.10.0
[0m18:27:33.241598 [debug] [MainThread]: Acquiring new postgres connection 'debug'
[0m18:27:33.267903 [debug] [MainThread]: Using postgres connection "debug"
[0m18:27:33.268134 [debug] [MainThread]: On debug: select 1 as id
[0m18:27:33.268293 [debug] [MainThread]: Opening a new connection, currently in state init
[0m18:27:33.305468 [debug] [MainThread]: Postgres adapter: Error running SQL: select 1 as id
[0m18:27:33.305726 [debug] [MainThread]: Postgres adapter: Rolling back transaction.
[0m18:27:33.305902 [debug] [MainThread]: On debug: No close available on handle
[0m18:27:33.306068 [info ] [MainThread]:   Connection test: [[31mERROR[0m]

[0m18:27:33.306535 [info ] [MainThread]: [31m1 check failed:[0m
[0m18:27:33.307142 [info ] [MainThread]: dbt was unable to connect to the specified database.
The database returned the following error:

  >Database Error
  'utf-8' codec can't decode byte 0xd6 in position 67: invalid continuation byte

Check your database credentials and try again. For more information, visit:
https://docs.getdbt.com/docs/configure-your-profile


[0m18:27:33.307871 [debug] [MainThread]: Command `dbt debug` failed at 18:27:33.307795 after 0.44 seconds
[0m18:27:33.308097 [debug] [MainThread]: Connection 'debug' was properly closed.
[0m18:27:33.308308 [debug] [MainThread]: Sending event: {'category': 'dbt', 'action': 'invocation', 'label': 'end', 'context': [<snowplow_tracker.self_describing_json.SelfDescribingJson object at 0x0000025FB837DE00>, <snowplow_tracker.self_describing_json.SelfDescribingJson object at 0x0000025FB83BD5B0>, <snowplow_tracker.self_describing_json.SelfDescribingJson object at 0x0000025FB80EF790>]}
[0m18:27:33.308550 [debug] [MainThread]: Flushing usage events
[0m18:27:33.818626 [debug] [MainThread]: An error was encountered while trying to flush usage events
[0m18:48:55.246493 [debug] [MainThread]: Sending event: {'category': 'dbt', 'action': 'invocation', 'label': 'start', 'context': [<snowplow_tracker.self_describing_json.SelfDescribingJson object at 0x000001899646DFD0>, <snowplow_tracker.self_describing_json.SelfDescribingJson object at 0x0000018994218190>, <snowplow_tracker.self_describing_json.SelfDescribingJson object at 0x0000018997837C50>]}


============================== 18:48:55.249287 | e1929e77-9d66-4116-83b5-52359f0e031e ==============================
[0m18:48:55.249287 [info ] [MainThread]: Running with dbt=1.11.7
[0m18:48:55.249865 [debug] [MainThread]: running dbt with arguments {'static_parser': 'True', 'no_print': 'None', 'version_check': 'True', 'warn_error_options': 'WarnErrorOptionsV2(error=[], warn=[], silence=[])', 'target_path': 'None', 'printer_width': '80', 'write_json': 'True', 'introspect': 'True', 'log_cache_events': 'False', 'empty': 'False', 'cache_selected_only': 'False', 'log_format': 'default', 'debug': 'False', 'fail_fast': 'False', 'partial_parse': 'True', 'send_anonymous_usage_stats': 'True', 'quiet': 'False', 'warn_error': 'None', 'profiles_dir': 'C:\\Users\\Huang\\.dbt', 'use_colors': 'True', 'invocation_command': 'dbt run', 'indirect_selection': 'eager', 'use_experimental_parser': 'False', 'log_path': 'E:\\Study\\Stage\\Grocery-Sales-Database\\dbt\\logs'}
[0m18:48:55.375452 [debug] [MainThread]: Sending event: {'category': 'dbt', 'action': 'project_id', 'label': 'e1929e77-9d66-4116-83b5-52359f0e031e', 'context': [<snowplow_tracker.self_describing_json.SelfDescribingJson object at 0x0000018996B36FD0>]}
[0m18:48:55.411757 [debug] [MainThread]: Sending event: {'category': 'dbt', 'action': 'adapter_info', 'label': 'e1929e77-9d66-4116-83b5-52359f0e031e', 'context': [<snowplow_tracker.self_describing_json.SelfDescribingJson object at 0x00000189988A1D00>]}
[0m18:48:55.412716 [info ] [MainThread]: Registered adapter: postgres=1.10.0
[0m18:48:55.522695 [debug] [MainThread]: checksum: b80718358155fc17c3559352095564dd56ada1cc1a1c0ef2e62c857e71583775, vars: {}, profile: , target: , version: 1.11.7
[0m18:48:55.523519 [info ] [MainThread]: Unable to do partial parsing because saved manifest not found. Starting full parse.
[0m18:48:55.523998 [debug] [MainThread]: Sending event: {'category': 'dbt', 'action': 'partial_parser', 'label': 'e1929e77-9d66-4116-83b5-52359f0e031e', 'context': [<snowplow_tracker.self_describing_json.SelfDescribingJson object at 0x00000189977B6350>]}
[0m18:48:55.933370 [warn ] [MainThread]: [[33mWARNING[0m]: Configuration paths exist in your dbt_project.yml file which do not apply to any resources.
There are 3 unused configuration paths:
- models.grocery_sales.intermediate
- models.grocery_sales.marts
- models.grocery_sales.staging
[0m18:48:55.936238 [debug] [MainThread]: Sending event: {'category': 'dbt', 'action': 'load_project', 'label': 'e1929e77-9d66-4116-83b5-52359f0e031e', 'context': [<snowplow_tracker.self_describing_json.SelfDescribingJson object at 0x000001899704E990>]}
[0m18:48:55.957880 [debug] [MainThread]: Wrote artifact WritableManifest to E:\Study\Stage\Grocery-Sales-Database\dbt\target\manifest.json
[0m18:48:55.960609 [debug] [MainThread]: Wrote artifact SemanticManifest to E:\Study\Stage\Grocery-Sales-Database\dbt\target\semantic_manifest.json
[0m18:48:55.977972 [debug] [MainThread]: Sending event: {'category': 'dbt', 'action': 'resource_counts', 'label': 'e1929e77-9d66-4116-83b5-52359f0e031e', 'context': [<snowplow_tracker.self_describing_json.SelfDescribingJson object at 0x0000018998CDB690>]}
[0m18:48:55.978288 [info ] [MainThread]: Found 464 macros
[0m18:48:55.978567 [debug] [MainThread]: Sending event: {'category': 'dbt', 'action': 'runnable_timing', 'label': 'e1929e77-9d66-4116-83b5-52359f0e031e', 'context': [<snowplow_tracker.self_describing_json.SelfDescribingJson object at 0x0000018998DFBEE0>]}
[0m18:48:55.979488 [warn ] [MainThread]: Nothing to do. Try checking your model configs and model specification args
[0m18:48:55.979926 [debug] [MainThread]: Command end result
[0m18:48:55.990200 [debug] [MainThread]: Wrote artifact WritableManifest to E:\Study\Stage\Grocery-Sales-Database\dbt\target\manifest.json
[0m18:48:55.991536 [debug] [MainThread]: Wrote artifact SemanticManifest to E:\Study\Stage\Grocery-Sales-Database\dbt\target\semantic_manifest.json
[0m18:48:55.994022 [debug] [MainThread]: Wrote artifact RunExecutionResult to E:\Study\Stage\Grocery-Sales-Database\dbt\target\run_results.json
[0m18:48:55.994502 [debug] [MainThread]: Command `dbt run` succeeded at 18:48:55.994430 after 0.83 seconds
[0m18:48:55.994725 [debug] [MainThread]: Sending event: {'category': 'dbt', 'action': 'invocation', 'label': 'end', 'context': [<snowplow_tracker.self_describing_json.SelfDescribingJson object at 0x0000018997730D10>, <snowplow_tracker.self_describing_json.SelfDescribingJson object at 0x0000018998E4A830>, <snowplow_tracker.self_describing_json.SelfDescribingJson object at 0x0000018998E4A990>]}
[0m18:48:55.994954 [debug] [MainThread]: Flushing usage events
[0m18:48:56.529514 [debug] [MainThread]: An error was encountered while trying to flush usage events
[0m18:50:52.253678 [debug] [MainThread]: Sending event: {'category': 'dbt', 'action': 'invocation', 'label': 'start', 'context': [<snowplow_tracker.self_describing_json.SelfDescribingJson object at 0x000002D4EDDFDFD0>, <snowplow_tracker.self_describing_json.SelfDescribingJson object at 0x000002D4EBBA8190>, <snowplow_tracker.self_describing_json.SelfDescribingJson object at 0x000002D4EF1BBC50>]}


============================== 18:50:52.257561 | b1fe33bd-a899-40bf-8724-46d48b34e685 ==============================
[0m18:50:52.257561 [info ] [MainThread]: Running with dbt=1.11.7
[0m18:50:52.258225 [debug] [MainThread]: running dbt with arguments {'version_check': 'True', 'no_print': 'None', 'static_parser': 'True', 'target_path': 'None', 'warn_error_options': 'WarnErrorOptionsV2(error=[], warn=[], silence=[])', 'printer_width': '80', 'write_json': 'True', 'empty': 'False', 'log_cache_events': 'False', 'introspect': 'True', 'cache_selected_only': 'False', 'log_format': 'default', 'debug': 'False', 'fail_fast': 'False', 'profiles_dir': 'C:\\Users\\Huang\\.dbt', 'send_anonymous_usage_stats': 'True', 'quiet': 'False', 'warn_error': 'None', 'partial_parse': 'True', 'invocation_command': 'dbt run', 'indirect_selection': 'eager', 'use_colors': 'True', 'use_experimental_parser': 'False', 'log_path': 'E:\\Study\\Stage\\Grocery-Sales-Database\\dbt\\logs'}
[0m18:50:52.360810 [debug] [MainThread]: Sending event: {'category': 'dbt', 'action': 'project_id', 'label': 'b1fe33bd-a899-40bf-8724-46d48b34e685', 'context': [<snowplow_tracker.self_describing_json.SelfDescribingJson object at 0x000002D4EE4BAFD0>]}
[0m18:50:52.397189 [debug] [MainThread]: Sending event: {'category': 'dbt', 'action': 'adapter_info', 'label': 'b1fe33bd-a899-40bf-8724-46d48b34e685', 'context': [<snowplow_tracker.self_describing_json.SelfDescribingJson object at 0x000002D4F0225D00>]}
[0m18:50:52.398129 [info ] [MainThread]: Registered adapter: postgres=1.10.0
[0m18:50:52.495140 [debug] [MainThread]: checksum: b80718358155fc17c3559352095564dd56ada1cc1a1c0ef2e62c857e71583775, vars: {}, profile: , target: , version: 1.11.7
[0m18:50:52.551026 [debug] [MainThread]: Partial parsing enabled: 0 files deleted, 0 files added, 0 files changed.
[0m18:50:52.551331 [debug] [MainThread]: Nothing changed, skipping partial parsing.
[0m18:50:52.551516 [debug] [MainThread]: Partial parsing enabled, no changes found, skipping parsing
[0m18:50:52.551943 [warn ] [MainThread]: [[33mWARNING[0m]: Configuration paths exist in your dbt_project.yml file which do not apply to any resources.
There are 3 unused configuration paths:
- models.grocery_sales.intermediate
- models.grocery_sales.marts
- models.grocery_sales.staging
[0m18:50:52.555878 [debug] [MainThread]: Sending event: {'category': 'dbt', 'action': 'load_project', 'label': 'b1fe33bd-a899-40bf-8724-46d48b34e685', 'context': [<snowplow_tracker.self_describing_json.SelfDescribingJson object at 0x000002D4F07AD350>]}
[0m18:50:52.579520 [debug] [MainThread]: Wrote artifact WritableManifest to E:\Study\Stage\Grocery-Sales-Database\dbt\target\manifest.json
[0m18:50:52.581008 [debug] [MainThread]: Wrote artifact SemanticManifest to E:\Study\Stage\Grocery-Sales-Database\dbt\target\semantic_manifest.json
[0m18:50:52.594401 [debug] [MainThread]: Sending event: {'category': 'dbt', 'action': 'resource_counts', 'label': 'b1fe33bd-a899-40bf-8724-46d48b34e685', 'context': [<snowplow_tracker.self_describing_json.SelfDescribingJson object at 0x000002D4EE4F0500>]}
[0m18:50:52.594694 [info ] [MainThread]: Found 464 macros
[0m18:50:52.595352 [debug] [MainThread]: Sending event: {'category': 'dbt', 'action': 'runnable_timing', 'label': 'b1fe33bd-a899-40bf-8724-46d48b34e685', 'context': [<snowplow_tracker.self_describing_json.SelfDescribingJson object at 0x000002D4F063B5B0>]}
[0m18:50:52.596644 [warn ] [MainThread]: Nothing to do. Try checking your model configs and model specification args
[0m18:50:52.598236 [debug] [MainThread]: Command end result
[0m18:50:52.608304 [debug] [MainThread]: Wrote artifact WritableManifest to E:\Study\Stage\Grocery-Sales-Database\dbt\target\manifest.json
[0m18:50:52.609649 [debug] [MainThread]: Wrote artifact SemanticManifest to E:\Study\Stage\Grocery-Sales-Database\dbt\target\semantic_manifest.json
[0m18:50:52.611762 [debug] [MainThread]: Wrote artifact RunExecutionResult to E:\Study\Stage\Grocery-Sales-Database\dbt\target\run_results.json
[0m18:50:52.612293 [debug] [MainThread]: Command `dbt run` succeeded at 18:50:52.612191 after 0.48 seconds
[0m18:50:52.612551 [debug] [MainThread]: Sending event: {'category': 'dbt', 'action': 'invocation', 'label': 'end', 'context': [<snowplow_tracker.self_describing_json.SelfDescribingJson object at 0x000002D4F07DFEE0>, <snowplow_tracker.self_describing_json.SelfDescribingJson object at 0x000002D4EF0B0D10>, <snowplow_tracker.self_describing_json.SelfDescribingJson object at 0x000002D4F0848290>]}
[0m18:50:52.612776 [debug] [MainThread]: Flushing usage events
[0m18:50:53.137496 [debug] [MainThread]: An error was encountered while trying to flush usage events
[0m18:51:16.308099 [debug] [MainThread]: Sending event: {'category': 'dbt', 'action': 'invocation', 'label': 'start', 'context': [<snowplow_tracker.self_describing_json.SelfDescribingJson object at 0x00000246C700DFD0>, <snowplow_tracker.self_describing_json.SelfDescribingJson object at 0x00000246C4DBC190>, <snowplow_tracker.self_describing_json.SelfDescribingJson object at 0x00000246C83D7C50>]}


============================== 18:51:16.310880 | 0f1a8249-11d1-44cb-8e74-2d7cb4c796f5 ==============================
[0m18:51:16.310880 [info ] [MainThread]: Running with dbt=1.11.7
[0m18:51:16.311445 [debug] [MainThread]: running dbt with arguments {'version_check': 'True', 'no_print': 'None', 'static_parser': 'True', 'target_path': 'None', 'warn_error_options': 'WarnErrorOptionsV2(error=[], warn=[], silence=[])', 'printer_width': '80', 'write_json': 'True', 'introspect': 'True', 'log_cache_events': 'False', 'empty': 'False', 'cache_selected_only': 'False', 'fail_fast': 'False', 'debug': 'False', 'log_format': 'default', 'profiles_dir': 'C:\\Users\\Huang\\.dbt', 'send_anonymous_usage_stats': 'True', 'quiet': 'False', 'warn_error': 'None', 'partial_parse': 'True', 'invocation_command': 'dbt run', 'use_colors': 'True', 'indirect_selection': 'eager', 'use_experimental_parser': 'False', 'log_path': 'E:\\Study\\Stage\\Grocery-Sales-Database\\dbt\\logs'}
[0m18:51:16.412852 [debug] [MainThread]: Sending event: {'category': 'dbt', 'action': 'project_id', 'label': '0f1a8249-11d1-44cb-8e74-2d7cb4c796f5', 'context': [<snowplow_tracker.self_describing_json.SelfDescribingJson object at 0x00000246C76D6FD0>]}
[0m18:51:16.448710 [debug] [MainThread]: Sending event: {'category': 'dbt', 'action': 'adapter_info', 'label': '0f1a8249-11d1-44cb-8e74-2d7cb4c796f5', 'context': [<snowplow_tracker.self_describing_json.SelfDescribingJson object at 0x00000246C9441D00>]}
[0m18:51:16.449624 [info ] [MainThread]: Registered adapter: postgres=1.10.0
[0m18:51:16.549246 [debug] [MainThread]: checksum: b80718358155fc17c3559352095564dd56ada1cc1a1c0ef2e62c857e71583775, vars: {}, profile: , target: , version: 1.11.7
[0m18:51:16.588125 [debug] [MainThread]: Partial parsing enabled: 0 files deleted, 0 files added, 0 files changed.
[0m18:51:16.588344 [debug] [MainThread]: Nothing changed, skipping partial parsing.
[0m18:51:16.588497 [debug] [MainThread]: Partial parsing enabled, no changes found, skipping parsing
[0m18:51:16.588798 [warn ] [MainThread]: [[33mWARNING[0m]: Configuration paths exist in your dbt_project.yml file which do not apply to any resources.
There are 3 unused configuration paths:
- models.grocery_sales.intermediate
- models.grocery_sales.staging
- models.grocery_sales.marts
[0m18:51:16.592658 [debug] [MainThread]: Sending event: {'category': 'dbt', 'action': 'load_project', 'label': '0f1a8249-11d1-44cb-8e74-2d7cb4c796f5', 'context': [<snowplow_tracker.self_describing_json.SelfDescribingJson object at 0x00000246C998D350>]}
[0m18:51:16.614892 [debug] [MainThread]: Wrote artifact WritableManifest to E:\Study\Stage\Grocery-Sales-Database\dbt\target\manifest.json
[0m18:51:16.616218 [debug] [MainThread]: Wrote artifact SemanticManifest to E:\Study\Stage\Grocery-Sales-Database\dbt\target\semantic_manifest.json
[0m18:51:16.630605 [debug] [MainThread]: Sending event: {'category': 'dbt', 'action': 'resource_counts', 'label': '0f1a8249-11d1-44cb-8e74-2d7cb4c796f5', 'context': [<snowplow_tracker.self_describing_json.SelfDescribingJson object at 0x00000246C7710500>]}
[0m18:51:16.630869 [info ] [MainThread]: Found 464 macros
[0m18:51:16.631293 [debug] [MainThread]: Sending event: {'category': 'dbt', 'action': 'runnable_timing', 'label': '0f1a8249-11d1-44cb-8e74-2d7cb4c796f5', 'context': [<snowplow_tracker.self_describing_json.SelfDescribingJson object at 0x00000246C981B5B0>]}
[0m18:51:16.632533 [warn ] [MainThread]: Nothing to do. Try checking your model configs and model specification args
[0m18:51:16.634107 [debug] [MainThread]: Command end result
[0m18:51:16.643983 [debug] [MainThread]: Wrote artifact WritableManifest to E:\Study\Stage\Grocery-Sales-Database\dbt\target\manifest.json
[0m18:51:16.645108 [debug] [MainThread]: Wrote artifact SemanticManifest to E:\Study\Stage\Grocery-Sales-Database\dbt\target\semantic_manifest.json
[0m18:51:16.647150 [debug] [MainThread]: Wrote artifact RunExecutionResult to E:\Study\Stage\Grocery-Sales-Database\dbt\target\run_results.json
[0m18:51:16.647999 [debug] [MainThread]: Command `dbt run` succeeded at 18:51:16.647900 after 0.42 seconds
[0m18:51:16.648223 [debug] [MainThread]: Sending event: {'category': 'dbt', 'action': 'invocation', 'label': 'end', 'context': [<snowplow_tracker.self_describing_json.SelfDescribingJson object at 0x00000246C99BFEE0>, <snowplow_tracker.self_describing_json.SelfDescribingJson object at 0x00000246C82D0D10>, <snowplow_tracker.self_describing_json.SelfDescribingJson object at 0x00000246C9A28290>]}
[0m18:51:16.648424 [debug] [MainThread]: Flushing usage events
[0m18:51:17.175304 [debug] [MainThread]: An error was encountered while trying to flush usage events
[0m18:54:18.328078 [debug] [MainThread]: Sending event: {'category': 'dbt', 'action': 'invocation', 'label': 'start', 'context': [<snowplow_tracker.self_describing_json.SelfDescribingJson object at 0x00000261856CDFD0>, <snowplow_tracker.self_describing_json.SelfDescribingJson object at 0x000002618347C190>, <snowplow_tracker.self_describing_json.SelfDescribingJson object at 0x0000026186A8BC50>]}


============================== 18:54:18.330826 | dd0ad631-4395-44bc-b040-639aef99884f ==============================
[0m18:54:18.330826 [info ] [MainThread]: Running with dbt=1.11.7
[0m18:54:18.331471 [debug] [MainThread]: running dbt with arguments {'static_parser': 'True', 'no_print': 'None', 'version_check': 'True', 'warn_error_options': 'WarnErrorOptionsV2(error=[], warn=[], silence=[])', 'target_path': 'None', 'printer_width': '80', 'write_json': 'True', 'introspect': 'True', 'log_cache_events': 'False', 'empty': 'False', 'cache_selected_only': 'False', 'log_format': 'default', 'debug': 'False', 'fail_fast': 'False', 'partial_parse': 'True', 'send_anonymous_usage_stats': 'True', 'quiet': 'False', 'warn_error': 'None', 'profiles_dir': 'C:\\Users\\Huang\\.dbt', 'indirect_selection': 'eager', 'invocation_command': 'dbt run', 'use_colors': 'True', 'use_experimental_parser': 'False', 'log_path': 'E:\\Study\\Stage\\Grocery-Sales-Database\\dbt\\logs'}
[0m18:54:18.432594 [debug] [MainThread]: Sending event: {'category': 'dbt', 'action': 'project_id', 'label': 'dd0ad631-4395-44bc-b040-639aef99884f', 'context': [<snowplow_tracker.self_describing_json.SelfDescribingJson object at 0x0000026185D86FD0>]}
[0m18:54:18.468066 [debug] [MainThread]: Sending event: {'category': 'dbt', 'action': 'adapter_info', 'label': 'dd0ad631-4395-44bc-b040-639aef99884f', 'context': [<snowplow_tracker.self_describing_json.SelfDescribingJson object at 0x0000026187AF5D00>]}
[0m18:54:18.468931 [info ] [MainThread]: Registered adapter: postgres=1.10.0
[0m18:54:18.564567 [debug] [MainThread]: checksum: b80718358155fc17c3559352095564dd56ada1cc1a1c0ef2e62c857e71583775, vars: {}, profile: , target: , version: 1.11.7
[0m18:54:18.615826 [debug] [MainThread]: Partial parsing enabled: 0 files deleted, 18 files added, 0 files changed.
[0m18:54:18.616147 [debug] [MainThread]: Partial parsing: added file: grocery_sales://models\intermediate\int_fact_sales.sql
[0m18:54:18.616336 [debug] [MainThread]: Partial parsing: added file: grocery_sales://models\staging\enriched\stg_city_enriched.sql
[0m18:54:18.616500 [debug] [MainThread]: Partial parsing: added file: grocery_sales://models\staging\stg_sales.sql
[0m18:54:18.616653 [debug] [MainThread]: Partial parsing: added file: grocery_sales://models\staging\stg_employees.sql
[0m18:54:18.616803 [debug] [MainThread]: Partial parsing: added file: grocery_sales://models\marts\mart_sales_overview_monthly.sql
[0m18:54:18.616949 [debug] [MainThread]: Partial parsing: added file: grocery_sales://models\staging\stg_countries.sql
[0m18:54:18.617094 [debug] [MainThread]: Partial parsing: added file: grocery_sales://models\staging\stg_customers.sql
[0m18:54:18.617275 [debug] [MainThread]: Partial parsing: added file: grocery_sales://models\models.yml
[0m18:54:18.617421 [debug] [MainThread]: Partial parsing: added file: grocery_sales://models\staging\enriched\stg_employee_enriched.sql
[0m18:54:18.617563 [debug] [MainThread]: Partial parsing: added file: grocery_sales://models\marts\mart_category_performance.sql
[0m18:54:18.617707 [debug] [MainThread]: Partial parsing: added file: grocery_sales://models\staging\stg_products.sql
[0m18:54:18.617850 [debug] [MainThread]: Partial parsing: added file: grocery_sales://models\marts\mart_salesperson_performance.sql
[0m18:54:18.617995 [debug] [MainThread]: Partial parsing: added file: grocery_sales://models\staging\stg_categories.sql
[0m18:54:18.618136 [debug] [MainThread]: Partial parsing: added file: grocery_sales://models\staging\stg_cities.sql
[0m18:54:18.618275 [debug] [MainThread]: Partial parsing: added file: grocery_sales://models\staging\enriched\stg_customer_enriched.sql
[0m18:54:18.618416 [debug] [MainThread]: Partial parsing: added file: grocery_sales://models\marts\mart_customer_performance.sql
[0m18:54:18.618556 [debug] [MainThread]: Partial parsing: added file: grocery_sales://models\staging\enriched\stg_product_enriched.sql
[0m18:54:18.618704 [debug] [MainThread]: Partial parsing: added file: grocery_sales://models\marts\mart_product_performance.sql
[0m18:54:18.920413 [debug] [MainThread]: Sending event: {'category': 'dbt', 'action': 'load_project', 'label': 'dd0ad631-4395-44bc-b040-639aef99884f', 'context': [<snowplow_tracker.self_describing_json.SelfDescribingJson object at 0x00000261880AE150>]}
[0m18:54:18.960758 [debug] [MainThread]: Wrote artifact WritableManifest to E:\Study\Stage\Grocery-Sales-Database\dbt\target\manifest.json
[0m18:54:18.962024 [debug] [MainThread]: Wrote artifact SemanticManifest to E:\Study\Stage\Grocery-Sales-Database\dbt\target\semantic_manifest.json
[0m18:54:18.977331 [debug] [MainThread]: Sending event: {'category': 'dbt', 'action': 'resource_counts', 'label': 'dd0ad631-4395-44bc-b040-639aef99884f', 'context': [<snowplow_tracker.self_describing_json.SelfDescribingJson object at 0x0000026186906990>]}
[0m18:54:18.977582 [info ] [MainThread]: Found 17 models, 7 data tests, 464 macros
[0m18:54:18.978051 [debug] [MainThread]: Sending event: {'category': 'dbt', 'action': 'runnable_timing', 'label': 'dd0ad631-4395-44bc-b040-639aef99884f', 'context': [<snowplow_tracker.self_describing_json.SelfDescribingJson object at 0x0000026187E21010>]}
[0m18:54:18.979470 [info ] [MainThread]: 
[0m18:54:18.980111 [info ] [MainThread]: Concurrency: 4 threads (target='dev')
[0m18:54:18.980461 [info ] [MainThread]: 
[0m18:54:18.980792 [debug] [MainThread]: Acquiring new postgres connection 'master'
[0m18:54:18.983702 [debug] [ThreadPool]: Acquiring new postgres connection 'list_grocery_sales'
[0m18:54:18.984393 [debug] [ThreadPool]: Acquiring new postgres connection 'list_grocery_sales'
[0m18:54:18.989915 [debug] [ThreadPool]: Acquiring new postgres connection 'list_grocery_sales'
[0m18:54:19.017222 [debug] [ThreadPool]: Using postgres connection "list_grocery_sales"
[0m18:54:19.017522 [debug] [ThreadPool]: Using postgres connection "list_grocery_sales"
[0m18:54:19.017743 [debug] [ThreadPool]: On list_grocery_sales: /* {"app": "dbt", "dbt_version": "1.11.7", "profile_name": "grocery_sales", "target_name": "dev", "connection_name": "list_grocery_sales"} */

    select distinct nspname from pg_namespace
  
[0m18:54:19.017929 [debug] [ThreadPool]: Using postgres connection "list_grocery_sales"
[0m18:54:19.018118 [debug] [ThreadPool]: On list_grocery_sales: /* {"app": "dbt", "dbt_version": "1.11.7", "profile_name": "grocery_sales", "target_name": "dev", "connection_name": "list_grocery_sales"} */

    select distinct nspname from pg_namespace
  
[0m18:54:19.018304 [debug] [ThreadPool]: Opening a new connection, currently in state init
[0m18:54:19.018481 [debug] [ThreadPool]: On list_grocery_sales: /* {"app": "dbt", "dbt_version": "1.11.7", "profile_name": "grocery_sales", "target_name": "dev", "connection_name": "list_grocery_sales"} */

    select distinct nspname from pg_namespace
  
[0m18:54:19.018646 [debug] [ThreadPool]: Opening a new connection, currently in state init
[0m18:54:19.018940 [debug] [ThreadPool]: Opening a new connection, currently in state init
[0m18:54:19.045408 [debug] [ThreadPool]: Postgres adapter: Got a retryable error when attempting to open a postgres connection.
1 attempts remaining. Retrying in 0 seconds.
Error:
connection to server at "localhost" (127.0.0.1), port 5432 failed: FATAL:  password authentication failed for user "postgres"

[0m18:54:19.045782 [debug] [ThreadPool]: Postgres adapter: Got a retryable error when attempting to open a postgres connection.
1 attempts remaining. Retrying in 0 seconds.
Error:
connection to server at "localhost" (127.0.0.1), port 5432 failed: FATAL:  password authentication failed for user "postgres"

[0m18:54:19.050243 [debug] [ThreadPool]: Postgres adapter: Got a retryable error when attempting to open a postgres connection.
1 attempts remaining. Retrying in 0 seconds.
Error:
connection to server at "localhost" (127.0.0.1), port 5432 failed: FATAL:  password authentication failed for user "postgres"

[0m18:54:19.067433 [debug] [ThreadPool]: Postgres adapter: Error running SQL: /* {"app": "dbt", "dbt_version": "1.11.7", "profile_name": "grocery_sales", "target_name": "dev", "connection_name": "list_grocery_sales"} */

    select distinct nspname from pg_namespace
  
[0m18:54:19.067697 [debug] [ThreadPool]: Postgres adapter: Rolling back transaction.
[0m18:54:19.067925 [debug] [ThreadPool]: Postgres adapter: Error running SQL: macro list_schemas
[0m18:54:19.068083 [debug] [ThreadPool]: Postgres adapter: Rolling back transaction.
[0m18:54:19.068249 [debug] [ThreadPool]: On list_grocery_sales: No close available on handle
[0m18:54:19.070313 [debug] [ThreadPool]: Postgres adapter: Error running SQL: /* {"app": "dbt", "dbt_version": "1.11.7", "profile_name": "grocery_sales", "target_name": "dev", "connection_name": "list_grocery_sales"} */

    select distinct nspname from pg_namespace
  
[0m18:54:19.070513 [debug] [ThreadPool]: Postgres adapter: Rolling back transaction.
[0m18:54:19.070701 [debug] [ThreadPool]: Postgres adapter: Error running SQL: macro list_schemas
[0m18:54:19.070857 [debug] [ThreadPool]: Postgres adapter: Rolling back transaction.
[0m18:54:19.071052 [debug] [ThreadPool]: Postgres adapter: Error running SQL: /* {"app": "dbt", "dbt_version": "1.11.7", "profile_name": "grocery_sales", "target_name": "dev", "connection_name": "list_grocery_sales"} */

    select distinct nspname from pg_namespace
  
[0m18:54:19.071339 [debug] [ThreadPool]: On list_grocery_sales: No close available on handle
[0m18:54:19.071666 [debug] [ThreadPool]: Postgres adapter: Rolling back transaction.
[0m18:54:19.072038 [debug] [ThreadPool]: Postgres adapter: Error running SQL: macro list_schemas
[0m18:54:19.072219 [debug] [ThreadPool]: Postgres adapter: Rolling back transaction.
[0m18:54:19.072371 [debug] [ThreadPool]: On list_grocery_sales: No close available on handle
[0m18:54:19.072711 [debug] [MainThread]: Connection 'master' was properly closed.
[0m18:54:19.072889 [debug] [MainThread]: Connection 'list_grocery_sales' was properly closed.
[0m18:54:19.073028 [debug] [MainThread]: Connection 'list_grocery_sales' was properly closed.
[0m18:54:19.073152 [debug] [MainThread]: Connection 'list_grocery_sales' was properly closed.
[0m18:54:19.073293 [info ] [MainThread]: 
[0m18:54:19.073741 [info ] [MainThread]: Finished running  in 0 hours 0 minutes and 0.09 seconds (0.09s).
[0m18:54:19.074264 [error] [MainThread]: Encountered an error:
Database Error
  connection to server at "localhost" (127.0.0.1), port 5432 failed: FATAL:  password authentication failed for user "postgres"
  
[0m18:54:19.074832 [debug] [MainThread]: Command `dbt run` failed at 18:54:19.074760 after 0.87 seconds
[0m18:54:19.075048 [debug] [MainThread]: Sending event: {'category': 'dbt', 'action': 'invocation', 'label': 'end', 'context': [<snowplow_tracker.self_describing_json.SelfDescribingJson object at 0x00000261883DBD40>, <snowplow_tracker.self_describing_json.SelfDescribingJson object at 0x0000026186980D10>, <snowplow_tracker.self_describing_json.SelfDescribingJson object at 0x0000026188778590>]}
[0m18:54:19.075302 [debug] [MainThread]: Flushing usage events
[0m18:54:19.594024 [debug] [MainThread]: An error was encountered while trying to flush usage events
[0m18:56:32.915925 [debug] [MainThread]: Sending event: {'category': 'dbt', 'action': 'invocation', 'label': 'start', 'context': [<snowplow_tracker.self_describing_json.SelfDescribingJson object at 0x000001331DD7DFD0>, <snowplow_tracker.self_describing_json.SelfDescribingJson object at 0x000001331BB28190>, <snowplow_tracker.self_describing_json.SelfDescribingJson object at 0x000001331F143C50>]}


============================== 18:56:32.918876 | 03e6de58-dbe1-4c37-8923-a7931b9915d8 ==============================
[0m18:56:32.918876 [info ] [MainThread]: Running with dbt=1.11.7
[0m18:56:32.919563 [debug] [MainThread]: running dbt with arguments {'version_check': 'True', 'no_print': 'None', 'static_parser': 'True', 'warn_error_options': 'WarnErrorOptionsV2(error=[], warn=[], silence=[])', 'target_path': 'None', 'printer_width': '80', 'write_json': 'True', 'introspect': 'True', 'log_cache_events': 'False', 'empty': 'None', 'cache_selected_only': 'False', 'fail_fast': 'False', 'debug': 'False', 'log_format': 'default', 'partial_parse': 'True', 'send_anonymous_usage_stats': 'True', 'quiet': 'False', 'warn_error': 'None', 'profiles_dir': 'C:\\Users\\Huang\\.dbt', 'invocation_command': 'dbt debug', 'indirect_selection': 'eager', 'use_colors': 'True', 'use_experimental_parser': 'False', 'log_path': 'E:\\Study\\Stage\\Grocery-Sales-Database\\dbt\\logs'}
[0m18:56:32.929479 [info ] [MainThread]: dbt version: 1.11.7
[0m18:56:32.929903 [info ] [MainThread]: python version: 3.13.9
[0m18:56:32.930337 [info ] [MainThread]: python path: F:\Tool\Coding\Python\python.exe
[0m18:56:32.930631 [info ] [MainThread]: os info: Windows-11-10.0.26100-SP0
[0m18:56:32.961091 [info ] [MainThread]: Using profiles dir at C:\Users\Huang\.dbt
[0m18:56:32.961647 [info ] [MainThread]: Using profiles.yml file at C:\Users\Huang\.dbt\profiles.yml
[0m18:56:32.962214 [info ] [MainThread]: Using dbt_project.yml file at E:\Study\Stage\Grocery-Sales-Database\dbt\dbt_project.yml
[0m18:56:32.962927 [info ] [MainThread]: adapter type: postgres
[0m18:56:32.963157 [info ] [MainThread]: adapter version: 1.10.0
[0m18:56:33.022708 [info ] [MainThread]: Configuration:
[0m18:56:33.023301 [info ] [MainThread]:   profiles.yml file [[32mOK found and valid[0m]
[0m18:56:33.023601 [info ] [MainThread]:   dbt_project.yml file [[32mOK found and valid[0m]
[0m18:56:33.023863 [info ] [MainThread]: Required dependencies:
[0m18:56:33.024124 [debug] [MainThread]: Executing "git --help"
[0m18:56:33.047692 [debug] [MainThread]: STDOUT: "b"usage: git [-v | --version] [-h | --help] [-C <path>] [-c <name>=<value>]\n           [--exec-path[=<path>]] [--html-path] [--man-path] [--info-path]\n           [-p | --paginate | -P | --no-pager] [--no-replace-objects] [--no-lazy-fetch]\n           [--no-optional-locks] [--no-advice] [--bare] [--git-dir=<path>]\n           [--work-tree=<path>] [--namespace=<name>] [--config-env=<name>=<envvar>]\n           <command> [<args>]\n\nThese are common Git commands used in various situations:\n\nstart a working area (see also: git help tutorial)\n   clone      Clone a repository into a new directory\n   init       Create an empty Git repository or reinitialize an existing one\n\nwork on the current change (see also: git help everyday)\n   add        Add file contents to the index\n   mv         Move or rename a file, a directory, or a symlink\n   restore    Restore working tree files\n   rm         Remove files from the working tree and from the index\n\nexamine the history and state (see also: git help revisions)\n   bisect     Use binary search to find the commit that introduced a bug\n   diff       Show changes between commits, commit and working tree, etc\n   grep       Print lines matching a pattern\n   log        Show commit logs\n   show       Show various types of objects\n   status     Show the working tree status\n\ngrow, mark and tweak your common history\n   backfill   Download missing objects in a partial clone\n   branch     List, create, or delete branches\n   commit     Record changes to the repository\n   merge      Join two or more development histories together\n   rebase     Reapply commits on top of another base tip\n   reset      Reset current HEAD to the specified state\n   switch     Switch branches\n   tag        Create, list, delete or verify a tag object signed with GPG\n\ncollaborate (see also: git help workflows)\n   fetch      Download objects and refs from another repository\n   pull       Fetch from and integrate with another repository or a local branch\n   push       Update remote refs along with associated objects\n\n'git help -a' and 'git help -g' list available subcommands and some\nconcept guides. See 'git help <command>' or 'git help <concept>'\nto read about a specific subcommand or concept.\nSee 'git help git' for an overview of the system.\n""
[0m18:56:33.048313 [debug] [MainThread]: STDERR: "b''"
[0m18:56:33.048598 [info ] [MainThread]:  - git [[32mOK found[0m]

[0m18:56:33.049065 [info ] [MainThread]: Connection:
[0m18:56:33.049518 [info ] [MainThread]:   host: localhost
[0m18:56:33.049762 [info ] [MainThread]:   port: 5432
[0m18:56:33.049998 [info ] [MainThread]:   user: postgres
[0m18:56:33.050206 [info ] [MainThread]:   database: grocery_sales
[0m18:56:33.050497 [info ] [MainThread]:   schema: public
[0m18:56:33.050861 [info ] [MainThread]:   connect_timeout: 10
[0m18:56:33.051231 [info ] [MainThread]:   role: None
[0m18:56:33.051434 [info ] [MainThread]:   search_path: None
[0m18:56:33.051675 [info ] [MainThread]:   keepalives_idle: 0
[0m18:56:33.051889 [info ] [MainThread]:   sslmode: None
[0m18:56:33.052122 [info ] [MainThread]:   sslcert: None
[0m18:56:33.052355 [info ] [MainThread]:   sslkey: None
[0m18:56:33.052574 [info ] [MainThread]:   sslrootcert: None
[0m18:56:33.052861 [info ] [MainThread]:   application_name: dbt
[0m18:56:33.053101 [info ] [MainThread]:   retries: 1
[0m18:56:33.053475 [info ] [MainThread]: Registered adapter: postgres=1.10.0
[0m18:56:33.155332 [debug] [MainThread]: Acquiring new postgres connection 'debug'
[0m18:56:33.182017 [debug] [MainThread]: Using postgres connection "debug"
[0m18:56:33.182264 [debug] [MainThread]: On debug: select 1 as id
[0m18:56:33.182421 [debug] [MainThread]: Opening a new connection, currently in state init
[0m18:56:33.208996 [debug] [MainThread]: Postgres adapter: Got a retryable error when attempting to open a postgres connection.
1 attempts remaining. Retrying in 0 seconds.
Error:
connection to server at "localhost" (127.0.0.1), port 5432 failed: FATAL:  password authentication failed for user "postgres"

[0m18:56:33.229461 [debug] [MainThread]: Postgres adapter: Error running SQL: select 1 as id
[0m18:56:33.229854 [debug] [MainThread]: Postgres adapter: Rolling back transaction.
[0m18:56:33.230031 [debug] [MainThread]: On debug: No close available on handle
[0m18:56:33.230202 [info ] [MainThread]:   Connection test: [[31mERROR[0m]

[0m18:56:33.230666 [info ] [MainThread]: [31m1 check failed:[0m
[0m18:56:33.231003 [info ] [MainThread]: dbt was unable to connect to the specified database.
The database returned the following error:

  >Database Error
  connection to server at "localhost" (127.0.0.1), port 5432 failed: FATAL:  password authentication failed for user "postgres"
  

Check your database credentials and try again. For more information, visit:
https://docs.getdbt.com/docs/configure-your-profile


[0m18:56:33.231616 [debug] [MainThread]: Command `dbt debug` failed at 18:56:33.231541 after 0.43 seconds
[0m18:56:33.231866 [debug] [MainThread]: Connection 'debug' was properly closed.
[0m18:56:33.232076 [debug] [MainThread]: Sending event: {'category': 'dbt', 'action': 'invocation', 'label': 'end', 'context': [<snowplow_tracker.self_describing_json.SelfDescribingJson object at 0x0000013320441E00>, <snowplow_tracker.self_describing_json.SelfDescribingJson object at 0x00000133204915B0>, <snowplow_tracker.self_describing_json.SelfDescribingJson object at 0x0000013320197790>]}
[0m18:56:33.232303 [debug] [MainThread]: Flushing usage events
[0m18:56:33.743952 [debug] [MainThread]: An error was encountered while trying to flush usage events
[0m18:57:40.474546 [debug] [MainThread]: Sending event: {'category': 'dbt', 'action': 'invocation', 'label': 'start', 'context': [<snowplow_tracker.self_describing_json.SelfDescribingJson object at 0x000001A923AEDFD0>, <snowplow_tracker.self_describing_json.SelfDescribingJson object at 0x000001A921898190>, <snowplow_tracker.self_describing_json.SelfDescribingJson object at 0x000001A924EAFC50>]}


============================== 18:57:40.477525 | 1c235584-e214-44c6-8fc0-faaa28ccfb0f ==============================
[0m18:57:40.477525 [info ] [MainThread]: Running with dbt=1.11.7
[0m18:57:40.478246 [debug] [MainThread]: running dbt with arguments {'static_parser': 'True', 'no_print': 'None', 'version_check': 'True', 'target_path': 'None', 'warn_error_options': 'WarnErrorOptionsV2(error=[], warn=[], silence=[])', 'printer_width': '80', 'write_json': 'True', 'empty': 'None', 'log_cache_events': 'False', 'introspect': 'True', 'cache_selected_only': 'False', 'fail_fast': 'False', 'debug': 'False', 'log_format': 'default', 'profiles_dir': 'C:\\Users\\Huang\\.dbt', 'send_anonymous_usage_stats': 'True', 'quiet': 'False', 'warn_error': 'None', 'partial_parse': 'True', 'invocation_command': 'dbt debug', 'use_colors': 'True', 'indirect_selection': 'eager', 'use_experimental_parser': 'False', 'log_path': 'E:\\Study\\Stage\\Grocery-Sales-Database\\dbt\\logs'}
[0m18:57:40.488836 [info ] [MainThread]: dbt version: 1.11.7
[0m18:57:40.489133 [info ] [MainThread]: python version: 3.13.9
[0m18:57:40.489391 [info ] [MainThread]: python path: F:\Tool\Coding\Python\python.exe
[0m18:57:40.489679 [info ] [MainThread]: os info: Windows-11-10.0.26100-SP0
[0m18:57:40.521387 [info ] [MainThread]: Using profiles dir at C:\Users\Huang\.dbt
[0m18:57:40.521952 [info ] [MainThread]: Using profiles.yml file at C:\Users\Huang\.dbt\profiles.yml
[0m18:57:40.522557 [info ] [MainThread]: Using dbt_project.yml file at E:\Study\Stage\Grocery-Sales-Database\dbt\dbt_project.yml
[0m18:57:40.523499 [info ] [MainThread]: adapter type: postgres
[0m18:57:40.523907 [info ] [MainThread]: adapter version: 1.10.0
[0m18:57:40.581128 [info ] [MainThread]: Configuration:
[0m18:57:40.581753 [info ] [MainThread]:   profiles.yml file [[32mOK found and valid[0m]
[0m18:57:40.582249 [info ] [MainThread]:   dbt_project.yml file [[32mOK found and valid[0m]
[0m18:57:40.582783 [info ] [MainThread]: Required dependencies:
[0m18:57:40.583067 [debug] [MainThread]: Executing "git --help"
[0m18:57:40.606756 [debug] [MainThread]: STDOUT: "b"usage: git [-v | --version] [-h | --help] [-C <path>] [-c <name>=<value>]\n           [--exec-path[=<path>]] [--html-path] [--man-path] [--info-path]\n           [-p | --paginate | -P | --no-pager] [--no-replace-objects] [--no-lazy-fetch]\n           [--no-optional-locks] [--no-advice] [--bare] [--git-dir=<path>]\n           [--work-tree=<path>] [--namespace=<name>] [--config-env=<name>=<envvar>]\n           <command> [<args>]\n\nThese are common Git commands used in various situations:\n\nstart a working area (see also: git help tutorial)\n   clone      Clone a repository into a new directory\n   init       Create an empty Git repository or reinitialize an existing one\n\nwork on the current change (see also: git help everyday)\n   add        Add file contents to the index\n   mv         Move or rename a file, a directory, or a symlink\n   restore    Restore working tree files\n   rm         Remove files from the working tree and from the index\n\nexamine the history and state (see also: git help revisions)\n   bisect     Use binary search to find the commit that introduced a bug\n   diff       Show changes between commits, commit and working tree, etc\n   grep       Print lines matching a pattern\n   log        Show commit logs\n   show       Show various types of objects\n   status     Show the working tree status\n\ngrow, mark and tweak your common history\n   backfill   Download missing objects in a partial clone\n   branch     List, create, or delete branches\n   commit     Record changes to the repository\n   merge      Join two or more development histories together\n   rebase     Reapply commits on top of another base tip\n   reset      Reset current HEAD to the specified state\n   switch     Switch branches\n   tag        Create, list, delete or verify a tag object signed with GPG\n\ncollaborate (see also: git help workflows)\n   fetch      Download objects and refs from another repository\n   pull       Fetch from and integrate with another repository or a local branch\n   push       Update remote refs along with associated objects\n\n'git help -a' and 'git help -g' list available subcommands and some\nconcept guides. See 'git help <command>' or 'git help <concept>'\nto read about a specific subcommand or concept.\nSee 'git help git' for an overview of the system.\n""
[0m18:57:40.607072 [debug] [MainThread]: STDERR: "b''"
[0m18:57:40.607308 [info ] [MainThread]:  - git [[32mOK found[0m]

[0m18:57:40.607607 [info ] [MainThread]: Connection:
[0m18:57:40.607976 [info ] [MainThread]:   host: localhost
[0m18:57:40.608386 [info ] [MainThread]:   port: 5432
[0m18:57:40.608871 [info ] [MainThread]:   user: postgres
[0m18:57:40.609332 [info ] [MainThread]:   database: grocery_sales
[0m18:57:40.609832 [info ] [MainThread]:   schema: public
[0m18:57:40.610106 [info ] [MainThread]:   connect_timeout: 10
[0m18:57:40.610330 [info ] [MainThread]:   role: None
[0m18:57:40.610730 [info ] [MainThread]:   search_path: None
[0m18:57:40.611195 [info ] [MainThread]:   keepalives_idle: 0
[0m18:57:40.611573 [info ] [MainThread]:   sslmode: None
[0m18:57:40.612096 [info ] [MainThread]:   sslcert: None
[0m18:57:40.612367 [info ] [MainThread]:   sslkey: None
[0m18:57:40.612720 [info ] [MainThread]:   sslrootcert: None
[0m18:57:40.613089 [info ] [MainThread]:   application_name: dbt
[0m18:57:40.613321 [info ] [MainThread]:   retries: 1
[0m18:57:40.614012 [info ] [MainThread]: Registered adapter: postgres=1.10.0
[0m18:57:40.709621 [debug] [MainThread]: Acquiring new postgres connection 'debug'
[0m18:57:40.735274 [debug] [MainThread]: Using postgres connection "debug"
[0m18:57:40.735510 [debug] [MainThread]: On debug: select 1 as id
[0m18:57:40.735704 [debug] [MainThread]: Opening a new connection, currently in state init
[0m18:57:40.763628 [debug] [MainThread]: Postgres adapter: Got a retryable error when attempting to open a postgres connection.
1 attempts remaining. Retrying in 0 seconds.
Error:
connection to server at "localhost" (127.0.0.1), port 5432 failed: FATAL:  password authentication failed for user "postgres"

[0m18:57:40.783760 [debug] [MainThread]: Postgres adapter: Error running SQL: select 1 as id
[0m18:57:40.784252 [debug] [MainThread]: Postgres adapter: Rolling back transaction.
[0m18:57:40.784465 [debug] [MainThread]: On debug: No close available on handle
[0m18:57:40.784639 [info ] [MainThread]:   Connection test: [[31mERROR[0m]

[0m18:57:40.784983 [info ] [MainThread]: [31m1 check failed:[0m
[0m18:57:40.787244 [info ] [MainThread]: dbt was unable to connect to the specified database.
The database returned the following error:

  >Database Error
  connection to server at "localhost" (127.0.0.1), port 5432 failed: FATAL:  password authentication failed for user "postgres"
  

Check your database credentials and try again. For more information, visit:
https://docs.getdbt.com/docs/configure-your-profile


[0m18:57:40.788542 [debug] [MainThread]: Command `dbt debug` failed at 18:57:40.788466 after 0.41 seconds
[0m18:57:40.788732 [debug] [MainThread]: Connection 'debug' was properly closed.
[0m18:57:40.788931 [debug] [MainThread]: Sending event: {'category': 'dbt', 'action': 'invocation', 'label': 'end', 'context': [<snowplow_tracker.self_describing_json.SelfDescribingJson object at 0x000001A9261ADE00>, <snowplow_tracker.self_describing_json.SelfDescribingJson object at 0x000001A9261ED5B0>, <snowplow_tracker.self_describing_json.SelfDescribingJson object at 0x000001A925F03790>]}
[0m18:57:40.789159 [debug] [MainThread]: Flushing usage events
[0m18:57:41.304141 [debug] [MainThread]: An error was encountered while trying to flush usage events
[0m18:59:00.573651 [debug] [MainThread]: Sending event: {'category': 'dbt', 'action': 'invocation', 'label': 'start', 'context': [<snowplow_tracker.self_describing_json.SelfDescribingJson object at 0x000001D7811BDFD0>, <snowplow_tracker.self_describing_json.SelfDescribingJson object at 0x000001D7FEEE8190>, <snowplow_tracker.self_describing_json.SelfDescribingJson object at 0x000001D78257BC50>]}


============================== 18:59:00.576341 | 490f4be2-a56b-42a7-a4d5-524a5b756d51 ==============================
[0m18:59:00.576341 [info ] [MainThread]: Running with dbt=1.11.7
[0m18:59:00.577028 [debug] [MainThread]: running dbt with arguments {'version_check': 'True', 'no_print': 'None', 'static_parser': 'True', 'warn_error_options': 'WarnErrorOptionsV2(error=[], warn=[], silence=[])', 'target_path': 'None', 'printer_width': '80', 'write_json': 'True', 'introspect': 'True', 'log_cache_events': 'False', 'empty': 'None', 'cache_selected_only': 'False', 'fail_fast': 'False', 'debug': 'False', 'log_format': 'default', 'profiles_dir': 'C:\\Users\\Huang\\.dbt', 'send_anonymous_usage_stats': 'True', 'quiet': 'False', 'warn_error': 'None', 'partial_parse': 'True', 'indirect_selection': 'eager', 'invocation_command': 'dbt debug', 'use_colors': 'True', 'use_experimental_parser': 'False', 'log_path': 'E:\\Study\\Stage\\Grocery-Sales-Database\\dbt\\logs'}
[0m18:59:00.587154 [info ] [MainThread]: dbt version: 1.11.7
[0m18:59:00.587462 [info ] [MainThread]: python version: 3.13.9
[0m18:59:00.587893 [info ] [MainThread]: python path: F:\Tool\Coding\Python\python.exe
[0m18:59:00.588493 [info ] [MainThread]: os info: Windows-11-10.0.26100-SP0
[0m18:59:00.620630 [info ] [MainThread]: Using profiles dir at C:\Users\Huang\.dbt
[0m18:59:00.621007 [info ] [MainThread]: Using profiles.yml file at C:\Users\Huang\.dbt\profiles.yml
[0m18:59:00.621299 [info ] [MainThread]: Using dbt_project.yml file at E:\Study\Stage\Grocery-Sales-Database\dbt\dbt_project.yml
[0m18:59:00.621923 [info ] [MainThread]: adapter type: postgres
[0m18:59:00.622173 [info ] [MainThread]: adapter version: 1.10.0
[0m18:59:00.679888 [info ] [MainThread]: Configuration:
[0m18:59:00.680452 [info ] [MainThread]:   profiles.yml file [[32mOK found and valid[0m]
[0m18:59:00.681002 [info ] [MainThread]:   dbt_project.yml file [[32mOK found and valid[0m]
[0m18:59:00.681490 [info ] [MainThread]: Required dependencies:
[0m18:59:00.681969 [debug] [MainThread]: Executing "git --help"
[0m18:59:00.706109 [debug] [MainThread]: STDOUT: "b"usage: git [-v | --version] [-h | --help] [-C <path>] [-c <name>=<value>]\n           [--exec-path[=<path>]] [--html-path] [--man-path] [--info-path]\n           [-p | --paginate | -P | --no-pager] [--no-replace-objects] [--no-lazy-fetch]\n           [--no-optional-locks] [--no-advice] [--bare] [--git-dir=<path>]\n           [--work-tree=<path>] [--namespace=<name>] [--config-env=<name>=<envvar>]\n           <command> [<args>]\n\nThese are common Git commands used in various situations:\n\nstart a working area (see also: git help tutorial)\n   clone      Clone a repository into a new directory\n   init       Create an empty Git repository or reinitialize an existing one\n\nwork on the current change (see also: git help everyday)\n   add        Add file contents to the index\n   mv         Move or rename a file, a directory, or a symlink\n   restore    Restore working tree files\n   rm         Remove files from the working tree and from the index\n\nexamine the history and state (see also: git help revisions)\n   bisect     Use binary search to find the commit that introduced a bug\n   diff       Show changes between commits, commit and working tree, etc\n   grep       Print lines matching a pattern\n   log        Show commit logs\n   show       Show various types of objects\n   status     Show the working tree status\n\ngrow, mark and tweak your common history\n   backfill   Download missing objects in a partial clone\n   branch     List, create, or delete branches\n   commit     Record changes to the repository\n   merge      Join two or more development histories together\n   rebase     Reapply commits on top of another base tip\n   reset      Reset current HEAD to the specified state\n   switch     Switch branches\n   tag        Create, list, delete or verify a tag object signed with GPG\n\ncollaborate (see also: git help workflows)\n   fetch      Download objects and refs from another repository\n   pull       Fetch from and integrate with another repository or a local branch\n   push       Update remote refs along with associated objects\n\n'git help -a' and 'git help -g' list available subcommands and some\nconcept guides. See 'git help <command>' or 'git help <concept>'\nto read about a specific subcommand or concept.\nSee 'git help git' for an overview of the system.\n""
[0m18:59:00.706432 [debug] [MainThread]: STDERR: "b''"
[0m18:59:00.706670 [info ] [MainThread]:  - git [[32mOK found[0m]

[0m18:59:00.707092 [info ] [MainThread]: Connection:
[0m18:59:00.707667 [info ] [MainThread]:   host: localhost
[0m18:59:00.707969 [info ] [MainThread]:   port: 5432
[0m18:59:00.708173 [info ] [MainThread]:   user: postgres
[0m18:59:00.708354 [info ] [MainThread]:   database: grocery_sales
[0m18:59:00.708602 [info ] [MainThread]:   schema: public
[0m18:59:00.708833 [info ] [MainThread]:   connect_timeout: 10
[0m18:59:00.709023 [info ] [MainThread]:   role: None
[0m18:59:00.709198 [info ] [MainThread]:   search_path: None
[0m18:59:00.709371 [info ] [MainThread]:   keepalives_idle: 0
[0m18:59:00.709540 [info ] [MainThread]:   sslmode: None
[0m18:59:00.709778 [info ] [MainThread]:   sslcert: None
[0m18:59:00.710162 [info ] [MainThread]:   sslkey: None
[0m18:59:00.710548 [info ] [MainThread]:   sslrootcert: None
[0m18:59:00.710775 [info ] [MainThread]:   application_name: dbt
[0m18:59:00.711003 [info ] [MainThread]:   retries: 1
[0m18:59:00.711399 [info ] [MainThread]: Registered adapter: postgres=1.10.0
[0m18:59:00.806341 [debug] [MainThread]: Acquiring new postgres connection 'debug'
[0m18:59:00.832184 [debug] [MainThread]: Using postgres connection "debug"
[0m18:59:00.832450 [debug] [MainThread]: On debug: select 1 as id
[0m18:59:00.832611 [debug] [MainThread]: Opening a new connection, currently in state init
[0m18:59:00.858530 [debug] [MainThread]: Postgres adapter: Got a retryable error when attempting to open a postgres connection.
1 attempts remaining. Retrying in 0 seconds.
Error:
connection to server at "localhost" (127.0.0.1), port 5432 failed: FATAL:  database "grocery_sales" does not exist

[0m18:59:00.879487 [debug] [MainThread]: Postgres adapter: Error running SQL: select 1 as id
[0m18:59:00.879951 [debug] [MainThread]: Postgres adapter: Rolling back transaction.
[0m18:59:00.880194 [debug] [MainThread]: On debug: No close available on handle
[0m18:59:00.880357 [info ] [MainThread]:   Connection test: [[31mERROR[0m]

[0m18:59:00.880633 [info ] [MainThread]: [31m1 check failed:[0m
[0m18:59:00.881062 [info ] [MainThread]: dbt was unable to connect to the specified database.
The database returned the following error:

  >Database Error
  connection to server at "localhost" (127.0.0.1), port 5432 failed: FATAL:  database "grocery_sales" does not exist
  

Check your database credentials and try again. For more information, visit:
https://docs.getdbt.com/docs/configure-your-profile


[0m18:59:00.881686 [debug] [MainThread]: Command `dbt debug` failed at 18:59:00.881611 after 0.39 seconds
[0m18:59:00.881887 [debug] [MainThread]: Connection 'debug' was properly closed.
[0m18:59:00.882075 [debug] [MainThread]: Sending event: {'category': 'dbt', 'action': 'invocation', 'label': 'end', 'context': [<snowplow_tracker.self_describing_json.SelfDescribingJson object at 0x000001D783871E00>, <snowplow_tracker.self_describing_json.SelfDescribingJson object at 0x000001D7838C15B0>, <snowplow_tracker.self_describing_json.SelfDescribingJson object at 0x000001D7835C7790>]}
[0m18:59:00.882483 [debug] [MainThread]: Flushing usage events
[0m18:59:01.417265 [debug] [MainThread]: An error was encountered while trying to flush usage events
[0m18:59:17.133772 [debug] [MainThread]: Sending event: {'category': 'dbt', 'action': 'invocation', 'label': 'start', 'context': [<snowplow_tracker.self_describing_json.SelfDescribingJson object at 0x000002125E92DFD0>, <snowplow_tracker.self_describing_json.SelfDescribingJson object at 0x000002125C728190>, <snowplow_tracker.self_describing_json.SelfDescribingJson object at 0x000002125FCF3C50>]}


============================== 18:59:17.136821 | 5a5dd83f-1fd5-4c4c-92e7-85d9e2b27952 ==============================
[0m18:59:17.136821 [info ] [MainThread]: Running with dbt=1.11.7
[0m18:59:17.137478 [debug] [MainThread]: running dbt with arguments {'version_check': 'True', 'no_print': 'None', 'static_parser': 'True', 'target_path': 'None', 'warn_error_options': 'WarnErrorOptionsV2(error=[], warn=[], silence=[])', 'printer_width': '80', 'write_json': 'True', 'empty': 'None', 'log_cache_events': 'False', 'introspect': 'True', 'cache_selected_only': 'False', 'log_format': 'default', 'debug': 'False', 'fail_fast': 'False', 'profiles_dir': 'C:\\Users\\Huang\\.dbt', 'send_anonymous_usage_stats': 'True', 'quiet': 'False', 'warn_error': 'None', 'partial_parse': 'True', 'invocation_command': 'dbt debug', 'use_colors': 'True', 'indirect_selection': 'eager', 'use_experimental_parser': 'False', 'log_path': 'E:\\Study\\Stage\\Grocery-Sales-Database\\dbt\\logs'}
[0m18:59:17.148312 [info ] [MainThread]: dbt version: 1.11.7
[0m18:59:17.148588 [info ] [MainThread]: python version: 3.13.9
[0m18:59:17.148836 [info ] [MainThread]: python path: F:\Tool\Coding\Python\python.exe
[0m18:59:17.149220 [info ] [MainThread]: os info: Windows-11-10.0.26100-SP0
[0m18:59:17.180838 [info ] [MainThread]: Using profiles dir at C:\Users\Huang\.dbt
[0m18:59:17.181365 [info ] [MainThread]: Using profiles.yml file at C:\Users\Huang\.dbt\profiles.yml
[0m18:59:17.181804 [info ] [MainThread]: Using dbt_project.yml file at E:\Study\Stage\Grocery-Sales-Database\dbt\dbt_project.yml
[0m18:59:17.182296 [info ] [MainThread]: adapter type: postgres
[0m18:59:17.182555 [info ] [MainThread]: adapter version: 1.10.0
[0m18:59:17.239753 [info ] [MainThread]: Configuration:
[0m18:59:17.240288 [info ] [MainThread]:   profiles.yml file [[32mOK found and valid[0m]
[0m18:59:17.240715 [info ] [MainThread]:   dbt_project.yml file [[32mOK found and valid[0m]
[0m18:59:17.240925 [info ] [MainThread]: Required dependencies:
[0m18:59:17.241366 [debug] [MainThread]: Executing "git --help"
[0m18:59:17.266100 [debug] [MainThread]: STDOUT: "b"usage: git [-v | --version] [-h | --help] [-C <path>] [-c <name>=<value>]\n           [--exec-path[=<path>]] [--html-path] [--man-path] [--info-path]\n           [-p | --paginate | -P | --no-pager] [--no-replace-objects] [--no-lazy-fetch]\n           [--no-optional-locks] [--no-advice] [--bare] [--git-dir=<path>]\n           [--work-tree=<path>] [--namespace=<name>] [--config-env=<name>=<envvar>]\n           <command> [<args>]\n\nThese are common Git commands used in various situations:\n\nstart a working area (see also: git help tutorial)\n   clone      Clone a repository into a new directory\n   init       Create an empty Git repository or reinitialize an existing one\n\nwork on the current change (see also: git help everyday)\n   add        Add file contents to the index\n   mv         Move or rename a file, a directory, or a symlink\n   restore    Restore working tree files\n   rm         Remove files from the working tree and from the index\n\nexamine the history and state (see also: git help revisions)\n   bisect     Use binary search to find the commit that introduced a bug\n   diff       Show changes between commits, commit and working tree, etc\n   grep       Print lines matching a pattern\n   log        Show commit logs\n   show       Show various types of objects\n   status     Show the working tree status\n\ngrow, mark and tweak your common history\n   backfill   Download missing objects in a partial clone\n   branch     List, create, or delete branches\n   commit     Record changes to the repository\n   merge      Join two or more development histories together\n   rebase     Reapply commits on top of another base tip\n   reset      Reset current HEAD to the specified state\n   switch     Switch branches\n   tag        Create, list, delete or verify a tag object signed with GPG\n\ncollaborate (see also: git help workflows)\n   fetch      Download objects and refs from another repository\n   pull       Fetch from and integrate with another repository or a local branch\n   push       Update remote refs along with associated objects\n\n'git help -a' and 'git help -g' list available subcommands and some\nconcept guides. See 'git help <command>' or 'git help <concept>'\nto read about a specific subcommand or concept.\nSee 'git help git' for an overview of the system.\n""
[0m18:59:17.266410 [debug] [MainThread]: STDERR: "b''"
[0m18:59:17.266650 [info ] [MainThread]:  - git [[32mOK found[0m]

[0m18:59:17.266964 [info ] [MainThread]: Connection:
[0m18:59:17.267196 [info ] [MainThread]:   host: localhost
[0m18:59:17.267417 [info ] [MainThread]:   port: 5432
[0m18:59:17.267672 [info ] [MainThread]:   user: postgres
[0m18:59:17.267903 [info ] [MainThread]:   database: grocery_sale
[0m18:59:17.268130 [info ] [MainThread]:   schema: public
[0m18:59:17.268352 [info ] [MainThread]:   connect_timeout: 10
[0m18:59:17.268535 [info ] [MainThread]:   role: None
[0m18:59:17.268737 [info ] [MainThread]:   search_path: None
[0m18:59:17.268931 [info ] [MainThread]:   keepalives_idle: 0
[0m18:59:17.269147 [info ] [MainThread]:   sslmode: None
[0m18:59:17.269515 [info ] [MainThread]:   sslcert: None
[0m18:59:17.269916 [info ] [MainThread]:   sslkey: None
[0m18:59:17.270219 [info ] [MainThread]:   sslrootcert: None
[0m18:59:17.270454 [info ] [MainThread]:   application_name: dbt
[0m18:59:17.270662 [info ] [MainThread]:   retries: 1
[0m18:59:17.271000 [info ] [MainThread]: Registered adapter: postgres=1.10.0
[0m18:59:17.366472 [debug] [MainThread]: Acquiring new postgres connection 'debug'
[0m18:59:17.392333 [debug] [MainThread]: Using postgres connection "debug"
[0m18:59:17.392557 [debug] [MainThread]: On debug: select 1 as id
[0m18:59:17.392711 [debug] [MainThread]: Opening a new connection, currently in state init
[0m18:59:17.427990 [debug] [MainThread]: SQL status: SELECT 1 in 0.035 seconds
[0m18:59:17.428587 [debug] [MainThread]: On debug: Close
[0m18:59:17.428828 [info ] [MainThread]:   Connection test: [[32mOK connection ok[0m]

[0m18:59:17.429213 [info ] [MainThread]: [32mAll checks passed![0m
[0m18:59:17.430122 [debug] [MainThread]: Command `dbt debug` succeeded at 18:59:17.430037 after 0.38 seconds
[0m18:59:17.430301 [debug] [MainThread]: Connection 'debug' was properly closed.
[0m18:59:17.430484 [debug] [MainThread]: Sending event: {'category': 'dbt', 'action': 'invocation', 'label': 'end', 'context': [<snowplow_tracker.self_describing_json.SelfDescribingJson object at 0x0000021260FC1E00>, <snowplow_tracker.self_describing_json.SelfDescribingJson object at 0x0000021261011C70>, <snowplow_tracker.self_describing_json.SelfDescribingJson object at 0x0000021260D4F130>]}
[0m18:59:17.430704 [debug] [MainThread]: Flushing usage events
[0m18:59:17.960019 [debug] [MainThread]: An error was encountered while trying to flush usage events
[0m18:59:20.853438 [debug] [MainThread]: Sending event: {'category': 'dbt', 'action': 'invocation', 'label': 'start', 'context': [<snowplow_tracker.self_describing_json.SelfDescribingJson object at 0x000001B3548DDFD0>, <snowplow_tracker.self_describing_json.SelfDescribingJson object at 0x000001B352688190>, <snowplow_tracker.self_describing_json.SelfDescribingJson object at 0x000001B355C97C50>]}


============================== 18:59:20.856305 | cb9eda03-79c8-4b31-9bc4-2e885b8b403b ==============================
[0m18:59:20.856305 [info ] [MainThread]: Running with dbt=1.11.7
[0m18:59:20.856962 [debug] [MainThread]: running dbt with arguments {'static_parser': 'True', 'no_print': 'None', 'version_check': 'True', 'target_path': 'None', 'warn_error_options': 'WarnErrorOptionsV2(error=[], warn=[], silence=[])', 'printer_width': '80', 'write_json': 'True', 'empty': 'False', 'log_cache_events': 'False', 'introspect': 'True', 'cache_selected_only': 'False', 'fail_fast': 'False', 'debug': 'False', 'log_format': 'default', 'partial_parse': 'True', 'send_anonymous_usage_stats': 'True', 'quiet': 'False', 'warn_error': 'None', 'profiles_dir': 'C:\\Users\\Huang\\.dbt', 'indirect_selection': 'eager', 'invocation_command': 'dbt run', 'use_colors': 'True', 'use_experimental_parser': 'False', 'log_path': 'E:\\Study\\Stage\\Grocery-Sales-Database\\dbt\\logs'}
[0m18:59:20.959173 [debug] [MainThread]: Sending event: {'category': 'dbt', 'action': 'project_id', 'label': 'cb9eda03-79c8-4b31-9bc4-2e885b8b403b', 'context': [<snowplow_tracker.self_describing_json.SelfDescribingJson object at 0x000001B354F96FD0>]}
[0m18:59:20.994921 [debug] [MainThread]: Sending event: {'category': 'dbt', 'action': 'adapter_info', 'label': 'cb9eda03-79c8-4b31-9bc4-2e885b8b403b', 'context': [<snowplow_tracker.self_describing_json.SelfDescribingJson object at 0x000001B356D05590>]}
[0m18:59:20.995851 [info ] [MainThread]: Registered adapter: postgres=1.10.0
[0m18:59:21.093082 [debug] [MainThread]: checksum: b80718358155fc17c3559352095564dd56ada1cc1a1c0ef2e62c857e71583775, vars: {}, profile: , target: , version: 1.11.7
[0m18:59:21.152332 [info ] [MainThread]: Unable to do partial parsing because profile has changed
[0m18:59:21.152944 [debug] [MainThread]: Sending event: {'category': 'dbt', 'action': 'partial_parser', 'label': 'cb9eda03-79c8-4b31-9bc4-2e885b8b403b', 'context': [<snowplow_tracker.self_describing_json.SelfDescribingJson object at 0x000001B355C15950>]}
[0m18:59:21.769640 [debug] [MainThread]: Sending event: {'category': 'dbt', 'action': 'load_project', 'label': 'cb9eda03-79c8-4b31-9bc4-2e885b8b403b', 'context': [<snowplow_tracker.self_describing_json.SelfDescribingJson object at 0x000001B356D03200>]}
[0m18:59:21.807639 [debug] [MainThread]: Wrote artifact WritableManifest to E:\Study\Stage\Grocery-Sales-Database\dbt\target\manifest.json
[0m18:59:21.808909 [debug] [MainThread]: Wrote artifact SemanticManifest to E:\Study\Stage\Grocery-Sales-Database\dbt\target\semantic_manifest.json
[0m18:59:21.823309 [debug] [MainThread]: Sending event: {'category': 'dbt', 'action': 'resource_counts', 'label': 'cb9eda03-79c8-4b31-9bc4-2e885b8b403b', 'context': [<snowplow_tracker.self_describing_json.SelfDescribingJson object at 0x000001B3576718D0>]}
[0m18:59:21.823561 [info ] [MainThread]: Found 17 models, 7 data tests, 464 macros
[0m18:59:21.824015 [debug] [MainThread]: Sending event: {'category': 'dbt', 'action': 'runnable_timing', 'label': 'cb9eda03-79c8-4b31-9bc4-2e885b8b403b', 'context': [<snowplow_tracker.self_describing_json.SelfDescribingJson object at 0x000001B357277EE0>]}
[0m18:59:21.825780 [info ] [MainThread]: 
[0m18:59:21.826412 [info ] [MainThread]: Concurrency: 4 threads (target='dev')
[0m18:59:21.826748 [info ] [MainThread]: 
[0m18:59:21.827103 [debug] [MainThread]: Acquiring new postgres connection 'master'
[0m18:59:21.829847 [debug] [ThreadPool]: Acquiring new postgres connection 'list_grocery_sale'
[0m18:59:21.830321 [debug] [ThreadPool]: Acquiring new postgres connection 'list_grocery_sale'
[0m18:59:21.837107 [debug] [ThreadPool]: Acquiring new postgres connection 'list_grocery_sale'
[0m18:59:21.864953 [debug] [ThreadPool]: Using postgres connection "list_grocery_sale"
[0m18:59:21.865248 [debug] [ThreadPool]: Using postgres connection "list_grocery_sale"
[0m18:59:21.865461 [debug] [ThreadPool]: On list_grocery_sale: /* {"app": "dbt", "dbt_version": "1.11.7", "profile_name": "grocery_sales", "target_name": "dev", "connection_name": "list_grocery_sale"} */

    select distinct nspname from pg_namespace
  
[0m18:59:21.865646 [debug] [ThreadPool]: Using postgres connection "list_grocery_sale"
[0m18:59:21.865869 [debug] [ThreadPool]: On list_grocery_sale: /* {"app": "dbt", "dbt_version": "1.11.7", "profile_name": "grocery_sales", "target_name": "dev", "connection_name": "list_grocery_sale"} */

    select distinct nspname from pg_namespace
  
[0m18:59:21.866094 [debug] [ThreadPool]: Opening a new connection, currently in state init
[0m18:59:21.866291 [debug] [ThreadPool]: On list_grocery_sale: /* {"app": "dbt", "dbt_version": "1.11.7", "profile_name": "grocery_sales", "target_name": "dev", "connection_name": "list_grocery_sale"} */

    select distinct nspname from pg_namespace
  
[0m18:59:21.866462 [debug] [ThreadPool]: Opening a new connection, currently in state init
[0m18:59:21.866840 [debug] [ThreadPool]: Opening a new connection, currently in state init
[0m18:59:21.907100 [debug] [ThreadPool]: SQL status: SELECT 7 in 0.040 seconds
[0m18:59:21.907625 [debug] [ThreadPool]: SQL status: SELECT 7 in 0.042 seconds
[0m18:59:21.908958 [debug] [ThreadPool]: On list_grocery_sale: Close
[0m18:59:21.909644 [debug] [ThreadPool]: On list_grocery_sale: Close
[0m18:59:21.910730 [debug] [ThreadPool]: SQL status: SELECT 7 in 0.044 seconds
[0m18:59:21.912035 [debug] [ThreadPool]: On list_grocery_sale: Close
[0m18:59:21.912597 [debug] [ThreadPool]: Re-using an available connection from the pool (formerly list_grocery_sale, now create_grocery_sale_public_analytics)
[0m18:59:21.912885 [debug] [ThreadPool]: Re-using an available connection from the pool (formerly list_grocery_sale, now create_grocery_sale_public_mart)
[0m18:59:21.913133 [debug] [ThreadPool]: Re-using an available connection from the pool (formerly list_grocery_sale, now create_grocery_sale_public_staging)
[0m18:59:21.913438 [debug] [ThreadPool]: Creating schema "database: "grocery_sale"
schema: "public_analytics"
"
[0m18:59:21.913804 [debug] [ThreadPool]: Creating schema "database: "grocery_sale"
schema: "public_mart"
"
[0m18:59:21.914067 [debug] [ThreadPool]: Creating schema "database: "grocery_sale"
schema: "public_staging"
"
[0m18:59:21.917299 [debug] [ThreadPool]: Using postgres connection "create_grocery_sale_public_analytics"
[0m18:59:21.918844 [debug] [ThreadPool]: Using postgres connection "create_grocery_sale_public_mart"
[0m18:59:21.920448 [debug] [ThreadPool]: Using postgres connection "create_grocery_sale_public_staging"
[0m18:59:21.920687 [debug] [ThreadPool]: On create_grocery_sale_public_analytics: /* {"app": "dbt", "dbt_version": "1.11.7", "profile_name": "grocery_sales", "target_name": "dev", "connection_name": "create_grocery_sale_public_analytics"} */
create schema if not exists "public_analytics"
[0m18:59:21.921020 [debug] [ThreadPool]: On create_grocery_sale_public_mart: /* {"app": "dbt", "dbt_version": "1.11.7", "profile_name": "grocery_sales", "target_name": "dev", "connection_name": "create_grocery_sale_public_mart"} */
create schema if not exists "public_mart"
[0m18:59:21.921272 [debug] [ThreadPool]: On create_grocery_sale_public_staging: /* {"app": "dbt", "dbt_version": "1.11.7", "profile_name": "grocery_sales", "target_name": "dev", "connection_name": "create_grocery_sale_public_staging"} */
create schema if not exists "public_staging"
[0m18:59:21.921714 [debug] [ThreadPool]: Opening a new connection, currently in state closed
[0m18:59:21.922080 [debug] [ThreadPool]: Opening a new connection, currently in state closed
[0m18:59:21.922306 [debug] [ThreadPool]: Opening a new connection, currently in state closed
[0m18:59:21.964859 [debug] [ThreadPool]: SQL status: CREATE SCHEMA in 0.043 seconds
[0m18:59:21.965145 [debug] [ThreadPool]: SQL status: CREATE SCHEMA in 0.043 seconds
[0m18:59:21.965371 [debug] [ThreadPool]: SQL status: CREATE SCHEMA in 0.044 seconds
[0m18:59:21.965974 [debug] [ThreadPool]: On create_grocery_sale_public_staging: COMMIT
[0m18:59:21.966471 [debug] [ThreadPool]: On create_grocery_sale_public_mart: COMMIT
[0m18:59:21.966960 [debug] [ThreadPool]: On create_grocery_sale_public_analytics: COMMIT
[0m18:59:21.967163 [debug] [ThreadPool]: Using postgres connection "create_grocery_sale_public_staging"
[0m18:59:21.967345 [debug] [ThreadPool]: Using postgres connection "create_grocery_sale_public_mart"
[0m18:59:21.967521 [debug] [ThreadPool]: Using postgres connection "create_grocery_sale_public_analytics"
[0m18:59:21.967692 [debug] [ThreadPool]: On create_grocery_sale_public_staging: COMMIT
[0m18:59:21.968104 [debug] [ThreadPool]: On create_grocery_sale_public_mart: COMMIT
[0m18:59:21.968628 [debug] [ThreadPool]: On create_grocery_sale_public_analytics: COMMIT
[0m18:59:21.969519 [debug] [ThreadPool]: SQL status: COMMIT in 0.001 seconds
[0m18:59:21.969895 [debug] [ThreadPool]: SQL status: COMMIT in 0.001 seconds
[0m18:59:21.970091 [debug] [ThreadPool]: SQL status: COMMIT in 0.001 seconds
[0m18:59:21.970290 [debug] [ThreadPool]: On create_grocery_sale_public_staging: Close
[0m18:59:21.970505 [debug] [ThreadPool]: On create_grocery_sale_public_analytics: Close
[0m18:59:21.970708 [debug] [ThreadPool]: On create_grocery_sale_public_mart: Close
[0m18:59:21.972667 [debug] [ThreadPool]: Acquiring new postgres connection 'list_grocery_sale_public_analytics'
[0m18:59:21.975944 [debug] [ThreadPool]: Using postgres connection "list_grocery_sale_public_analytics"
[0m18:59:21.976385 [debug] [ThreadPool]: On list_grocery_sale_public_analytics: /* {"app": "dbt", "dbt_version": "1.11.7", "profile_name": "grocery_sales", "target_name": "dev", "connection_name": "list_grocery_sale_public_analytics"} */
select
      'grocery_sale' as database,
      tablename as name,
      schemaname as schema,
      'table' as type
    from pg_tables
    where schemaname ilike 'public_analytics'
    union all
    select
      'grocery_sale' as database,
      viewname as name,
      schemaname as schema,
      'view' as type
    from pg_views
    where schemaname ilike 'public_analytics'
    union all
    select
      'grocery_sale' as database,
      matviewname as name,
      schemaname as schema,
      'materialized_view' as type
    from pg_matviews
    where schemaname ilike 'public_analytics'
  
[0m18:59:21.976919 [debug] [ThreadPool]: Acquiring new postgres connection 'list_grocery_sale_public_staging'
[0m18:59:21.977103 [debug] [ThreadPool]: Opening a new connection, currently in state init
[0m18:59:21.978247 [debug] [ThreadPool]: Using postgres connection "list_grocery_sale_public_staging"
[0m18:59:21.978539 [debug] [ThreadPool]: Acquiring new postgres connection 'list_grocery_sale_public_mart'
[0m18:59:21.978873 [debug] [ThreadPool]: On list_grocery_sale_public_staging: /* {"app": "dbt", "dbt_version": "1.11.7", "profile_name": "grocery_sales", "target_name": "dev", "connection_name": "list_grocery_sale_public_staging"} */
select
      'grocery_sale' as database,
      tablename as name,
      schemaname as schema,
      'table' as type
    from pg_tables
    where schemaname ilike 'public_staging'
    union all
    select
      'grocery_sale' as database,
      viewname as name,
      schemaname as schema,
      'view' as type
    from pg_views
    where schemaname ilike 'public_staging'
    union all
    select
      'grocery_sale' as database,
      matviewname as name,
      schemaname as schema,
      'materialized_view' as type
    from pg_matviews
    where schemaname ilike 'public_staging'
  
[0m18:59:21.980840 [debug] [ThreadPool]: Using postgres connection "list_grocery_sale_public_mart"
[0m18:59:21.981037 [debug] [ThreadPool]: Opening a new connection, currently in state init
[0m18:59:21.981372 [debug] [ThreadPool]: On list_grocery_sale_public_mart: /* {"app": "dbt", "dbt_version": "1.11.7", "profile_name": "grocery_sales", "target_name": "dev", "connection_name": "list_grocery_sale_public_mart"} */
select
      'grocery_sale' as database,
      tablename as name,
      schemaname as schema,
      'table' as type
    from pg_tables
    where schemaname ilike 'public_mart'
    union all
    select
      'grocery_sale' as database,
      viewname as name,
      schemaname as schema,
      'view' as type
    from pg_views
    where schemaname ilike 'public_mart'
    union all
    select
      'grocery_sale' as database,
      matviewname as name,
      schemaname as schema,
      'materialized_view' as type
    from pg_matviews
    where schemaname ilike 'public_mart'
  
[0m18:59:21.981876 [debug] [ThreadPool]: Opening a new connection, currently in state init
[0m18:59:22.019935 [debug] [ThreadPool]: SQL status: SELECT 0 in 0.038 seconds
[0m18:59:22.020438 [debug] [ThreadPool]: SQL status: SELECT 0 in 0.043 seconds
[0m18:59:22.021173 [debug] [ThreadPool]: On list_grocery_sale_public_mart: ROLLBACK
[0m18:59:22.021357 [debug] [ThreadPool]: SQL status: SELECT 0 in 0.040 seconds
[0m18:59:22.022008 [debug] [ThreadPool]: On list_grocery_sale_public_analytics: ROLLBACK
[0m18:59:22.022625 [debug] [ThreadPool]: On list_grocery_sale_public_staging: ROLLBACK
[0m18:59:22.022804 [debug] [ThreadPool]: On list_grocery_sale_public_mart: Close
[0m18:59:22.023237 [debug] [ThreadPool]: On list_grocery_sale_public_staging: Close
[0m18:59:22.023507 [debug] [ThreadPool]: On list_grocery_sale_public_analytics: Close
[0m18:59:22.027441 [debug] [MainThread]: Using postgres connection "master"
[0m18:59:22.027816 [debug] [MainThread]: On master: /* {"app": "dbt", "dbt_version": "1.11.7", "profile_name": "grocery_sales", "target_name": "dev", "connection_name": "master"} */
select distinct
        dependent_namespace.nspname as dependent_schema,
        dependent_class.relname as dependent_name,
        referenced_namespace.nspname as referenced_schema,
        referenced_class.relname as referenced_name

    -- Query for views: views are entries in pg_class with an entry in pg_rewrite, but we avoid
    -- a seq scan on pg_rewrite by leveraging the fact there is an "internal" row in pg_depend for
    -- the view...
    from pg_class as dependent_class
    join pg_namespace as dependent_namespace on dependent_namespace.oid = dependent_class.relnamespace
    join pg_depend as dependent_depend on dependent_depend.refobjid = dependent_class.oid
        and dependent_depend.classid = 'pg_rewrite'::regclass
        and dependent_depend.refclassid = 'pg_class'::regclass
        and dependent_depend.deptype = 'i'

    -- ... and via pg_depend (that has a row per column, hence the need for "distinct" above, and
    -- making sure to exclude the internal row to avoid a view appearing to depend on itself)...
    join pg_depend as joining_depend on joining_depend.objid = dependent_depend.objid
        and joining_depend.classid = 'pg_rewrite'::regclass
        and joining_depend.refclassid = 'pg_class'::regclass
        and joining_depend.refobjid != dependent_depend.refobjid

    -- ... we can find the tables they query from in pg_class, but excluding system tables. Note we
    -- don't need need to exclude _dependent_ system tables, because they only query from other
    -- system tables, and so are automatically excluded by excluding _referenced_ system tables
    join pg_class as referenced_class on referenced_class.oid = joining_depend.refobjid
    join pg_namespace as referenced_namespace on referenced_namespace.oid = referenced_class.relnamespace
        and referenced_namespace.nspname != 'information_schema'
        and referenced_namespace.nspname not like 'pg\_%'

    order by
        dependent_schema, dependent_name, referenced_schema, referenced_name;
[0m18:59:22.028135 [debug] [MainThread]: Opening a new connection, currently in state init
[0m18:59:22.063160 [debug] [MainThread]: SQL status: SELECT 14 in 0.035 seconds
[0m18:59:22.064042 [debug] [MainThread]: Sending event: {'category': 'dbt', 'action': 'runnable_timing', 'label': 'cb9eda03-79c8-4b31-9bc4-2e885b8b403b', 'context': [<snowplow_tracker.self_describing_json.SelfDescribingJson object at 0x000001B35745BA10>]}
[0m18:59:22.064327 [debug] [MainThread]: On master: ROLLBACK
[0m18:59:22.064648 [debug] [MainThread]: On master: COMMIT
[0m18:59:22.064869 [debug] [MainThread]: Using postgres connection "master"
[0m18:59:22.065020 [debug] [MainThread]: On master: COMMIT
[0m18:59:22.065295 [debug] [MainThread]: SQL status: COMMIT in 0.000 seconds
[0m18:59:22.065473 [debug] [MainThread]: On master: Close
[0m18:59:22.083129 [debug] [Thread-1 (]: Began running node model.grocery_sales.stg_categories
[0m18:59:22.083388 [debug] [Thread-3 (]: Began running node model.grocery_sales.stg_countries
[0m18:59:22.083608 [debug] [Thread-4 (]: Began running node model.grocery_sales.stg_customers
[0m18:59:22.084104 [debug] [Thread-2 (]: Began running node model.grocery_sales.stg_cities
[0m18:59:22.084583 [info ] [Thread-1 (]: 1 of 17 START sql view model public_staging.stg_categories ..................... [RUN]
[0m18:59:22.084987 [info ] [Thread-3 (]: 3 of 17 START sql view model public_staging.stg_countries ...................... [RUN]
[0m18:59:22.085925 [debug] [Thread-1 (]: Acquiring new postgres connection 'model.grocery_sales.stg_categories'
[0m18:59:22.085316 [info ] [Thread-4 (]: 4 of 17 START sql view model public_staging.stg_customers ...................... [RUN]
[0m18:59:22.086254 [debug] [Thread-3 (]: Acquiring new postgres connection 'model.grocery_sales.stg_countries'
[0m18:59:22.086486 [debug] [Thread-1 (]: Began compiling node model.grocery_sales.stg_categories
[0m18:59:22.085582 [info ] [Thread-2 (]: 2 of 17 START sql view model public_staging.stg_cities ......................... [RUN]
[0m18:59:22.086803 [debug] [Thread-4 (]: Acquiring new postgres connection 'model.grocery_sales.stg_customers'
[0m18:59:22.087012 [debug] [Thread-3 (]: Began compiling node model.grocery_sales.stg_countries
[0m18:59:22.090266 [debug] [Thread-1 (]: Writing injected SQL for node "model.grocery_sales.stg_categories"
[0m18:59:22.090564 [debug] [Thread-2 (]: Acquiring new postgres connection 'model.grocery_sales.stg_cities'
[0m18:59:22.091008 [debug] [Thread-4 (]: Began compiling node model.grocery_sales.stg_customers
[0m18:59:22.092049 [debug] [Thread-3 (]: Writing injected SQL for node "model.grocery_sales.stg_countries"
[0m18:59:22.092465 [debug] [Thread-2 (]: Began compiling node model.grocery_sales.stg_cities
[0m18:59:22.093716 [debug] [Thread-4 (]: Writing injected SQL for node "model.grocery_sales.stg_customers"
[0m18:59:22.094668 [debug] [Thread-2 (]: Writing injected SQL for node "model.grocery_sales.stg_cities"
[0m18:59:22.096708 [debug] [Thread-3 (]: Began executing node model.grocery_sales.stg_countries
[0m18:59:22.096939 [debug] [Thread-2 (]: Began executing node model.grocery_sales.stg_cities
[0m18:59:22.118374 [debug] [Thread-2 (]: Writing runtime sql for node "model.grocery_sales.stg_cities"
[0m18:59:22.119027 [debug] [Thread-3 (]: Writing runtime sql for node "model.grocery_sales.stg_countries"
[0m18:59:22.119388 [debug] [Thread-4 (]: Began executing node model.grocery_sales.stg_customers
[0m18:59:22.123280 [debug] [Thread-4 (]: Writing runtime sql for node "model.grocery_sales.stg_customers"
[0m18:59:22.123742 [debug] [Thread-1 (]: Began executing node model.grocery_sales.stg_categories
[0m18:59:22.125526 [debug] [Thread-1 (]: Writing runtime sql for node "model.grocery_sales.stg_categories"
[0m18:59:22.126162 [debug] [Thread-2 (]: Using postgres connection "model.grocery_sales.stg_cities"
[0m18:59:22.126398 [debug] [Thread-2 (]: On model.grocery_sales.stg_cities: /* {"app": "dbt", "dbt_version": "1.11.7", "profile_name": "grocery_sales", "target_name": "dev", "node_id": "model.grocery_sales.stg_cities"} */

  create view "grocery_sale"."public_staging"."stg_cities__dbt_tmp"
    
    
  as (
    SELECT
    ci.city_id,
    ci.city_name,
    ci.zipcode,
    ci.country_id,
    co.country_name,
    co.country_code
FROM raw.cities ci
  );
[0m18:59:22.126605 [debug] [Thread-2 (]: Opening a new connection, currently in state init
[0m18:59:22.126992 [debug] [Thread-1 (]: Using postgres connection "model.grocery_sales.stg_categories"
[0m18:59:22.127247 [debug] [Thread-4 (]: Using postgres connection "model.grocery_sales.stg_customers"
[0m18:59:22.127493 [debug] [Thread-1 (]: On model.grocery_sales.stg_categories: /* {"app": "dbt", "dbt_version": "1.11.7", "profile_name": "grocery_sales", "target_name": "dev", "node_id": "model.grocery_sales.stg_categories"} */

  create view "grocery_sale"."public_staging"."stg_categories__dbt_tmp"
    
    
  as (
    SELECT
    category_id,
    category_name
FROM raw.categories;
  );
[0m18:59:22.127734 [debug] [Thread-4 (]: On model.grocery_sales.stg_customers: /* {"app": "dbt", "dbt_version": "1.11.7", "profile_name": "grocery_sales", "target_name": "dev", "node_id": "model.grocery_sales.stg_customers"} */

  create view "grocery_sale"."public_staging"."stg_customers__dbt_tmp"
    
    
  as (
    select
    customer_id,
    first_name,
    middle_initial,
    last_name,
    concat(first_name, ' ', last_name) as full_name,
    city_id,
    address
from raw.customers;
  );
[0m18:59:22.127982 [debug] [Thread-3 (]: Using postgres connection "model.grocery_sales.stg_countries"
[0m18:59:22.128180 [debug] [Thread-1 (]: Opening a new connection, currently in state init
[0m18:59:22.128411 [debug] [Thread-4 (]: Opening a new connection, currently in state init
[0m18:59:22.128645 [debug] [Thread-3 (]: On model.grocery_sales.stg_countries: /* {"app": "dbt", "dbt_version": "1.11.7", "profile_name": "grocery_sales", "target_name": "dev", "node_id": "model.grocery_sales.stg_countries"} */

  create view "grocery_sale"."public_staging"."stg_countries__dbt_tmp"
    
    
  as (
    SELECT
    country_id,
    country_name,
    country_code
FROM raw.countries;
  );
[0m18:59:22.129135 [debug] [Thread-3 (]: Opening a new connection, currently in state init
[0m18:59:22.163098 [debug] [Thread-2 (]: Postgres adapter: Postgres error: missing FROM-clause entry for table "co"
LINE 12:     co.country_name,
             ^

[0m18:59:22.163454 [debug] [Thread-2 (]: On model.grocery_sales.stg_cities: ROLLBACK
[0m18:59:22.164036 [debug] [Thread-2 (]: On model.grocery_sales.stg_cities: Close
[0m18:59:22.165437 [debug] [Thread-4 (]: Postgres adapter: Postgres error: syntax error at or near ";"
LINE 15: from raw.customers;
                           ^

[0m18:59:22.165694 [debug] [Thread-1 (]: Postgres adapter: Postgres error: syntax error at or near ";"
LINE 10: FROM raw.categories;
                            ^

[0m18:59:22.165969 [debug] [Thread-4 (]: On model.grocery_sales.stg_customers: ROLLBACK
[0m18:59:22.166488 [debug] [Thread-1 (]: On model.grocery_sales.stg_categories: ROLLBACK
[0m18:59:22.167139 [debug] [Thread-4 (]: On model.grocery_sales.stg_customers: Close
[0m18:59:22.167422 [debug] [Thread-1 (]: On model.grocery_sales.stg_categories: Close
[0m18:59:22.169091 [debug] [Thread-3 (]: Postgres adapter: Postgres error: syntax error at or near ";"
LINE 11: FROM raw.countries;
                           ^

[0m18:59:22.169365 [debug] [Thread-3 (]: On model.grocery_sales.stg_countries: ROLLBACK
[0m18:59:22.169819 [debug] [Thread-3 (]: On model.grocery_sales.stg_countries: Close
[0m18:59:22.188410 [debug] [Thread-4 (]: Database Error in model stg_customers (models\staging\stg_customers.sql)
  syntax error at or near ";"
  LINE 15: from raw.customers;
                             ^
  compiled code at target\run\grocery_sales\models\staging\stg_customers.sql
[0m18:59:22.188962 [debug] [Thread-3 (]: Database Error in model stg_countries (models\staging\stg_countries.sql)
  syntax error at or near ";"
  LINE 11: FROM raw.countries;
                             ^
  compiled code at target\run\grocery_sales\models\staging\stg_countries.sql
[0m18:59:22.189345 [debug] [Thread-1 (]: Database Error in model stg_categories (models\staging\stg_categories.sql)
  syntax error at or near ";"
  LINE 10: FROM raw.categories;
                              ^
  compiled code at target\run\grocery_sales\models\staging\stg_categories.sql
[0m18:59:22.190483 [debug] [Thread-2 (]: Database Error in model stg_cities (models\staging\stg_cities.sql)
  missing FROM-clause entry for table "co"
  LINE 12:     co.country_name,
               ^
  compiled code at target\run\grocery_sales\models\staging\stg_cities.sql
[0m18:59:22.191159 [debug] [Thread-4 (]: Sending event: {'category': 'dbt', 'action': 'run_model', 'label': 'cb9eda03-79c8-4b31-9bc4-2e885b8b403b', 'context': [<snowplow_tracker.self_describing_json.SelfDescribingJson object at 0x000001B3575376A0>]}
[0m18:59:22.191367 [debug] [Thread-3 (]: Sending event: {'category': 'dbt', 'action': 'run_model', 'label': 'cb9eda03-79c8-4b31-9bc4-2e885b8b403b', 'context': [<snowplow_tracker.self_describing_json.SelfDescribingJson object at 0x000001B357AAD590>]}
[0m18:59:22.191921 [debug] [Thread-1 (]: Sending event: {'category': 'dbt', 'action': 'run_model', 'label': 'cb9eda03-79c8-4b31-9bc4-2e885b8b403b', 'context': [<snowplow_tracker.self_describing_json.SelfDescribingJson object at 0x000001B357A6EF00>]}
[0m18:59:22.192105 [debug] [Thread-2 (]: Sending event: {'category': 'dbt', 'action': 'run_model', 'label': 'cb9eda03-79c8-4b31-9bc4-2e885b8b403b', 'context': [<snowplow_tracker.self_describing_json.SelfDescribingJson object at 0x000001B354F5CC50>]}
[0m18:59:22.191758 [error] [Thread-4 (]: 4 of 17 ERROR creating sql view model public_staging.stg_customers ............. [[31mERROR[0m in 0.10s]
[0m18:59:22.192559 [error] [Thread-3 (]: 3 of 17 ERROR creating sql view model public_staging.stg_countries ............. [[31mERROR[0m in 0.10s]
[0m18:59:22.193524 [debug] [Thread-4 (]: Finished running node model.grocery_sales.stg_customers
[0m18:59:22.192868 [error] [Thread-1 (]: 1 of 17 ERROR creating sql view model public_staging.stg_categories ............ [[31mERROR[0m in 0.11s]
[0m18:59:22.193896 [debug] [Thread-3 (]: Finished running node model.grocery_sales.stg_countries
[0m18:59:22.193208 [error] [Thread-2 (]: 2 of 17 ERROR creating sql view model public_staging.stg_cities ................ [[31mERROR[0m in 0.10s]
[0m18:59:22.194305 [debug] [Thread-4 (]: Began running node model.grocery_sales.stg_employees
[0m18:59:22.194632 [debug] [Thread-7 (]: Marking all children of 'model.grocery_sales.stg_customers' to be skipped because of status 'error'.  Reason: Database Error in model stg_customers (models\staging\stg_customers.sql)
  syntax error at or near ";"
  LINE 15: from raw.customers;
                             ^
  compiled code at target\run\grocery_sales\models\staging\stg_customers.sql.
[0m18:59:22.194957 [debug] [Thread-1 (]: Finished running node model.grocery_sales.stg_categories
[0m18:59:22.195204 [debug] [Thread-3 (]: Began running node model.grocery_sales.stg_products
[0m18:59:22.195529 [debug] [Thread-2 (]: Finished running node model.grocery_sales.stg_cities
[0m18:59:22.196424 [debug] [Thread-7 (]: Marking all children of 'model.grocery_sales.stg_countries' to be skipped because of status 'error'.  Reason: Database Error in model stg_countries (models\staging\stg_countries.sql)
  syntax error at or near ";"
  LINE 11: FROM raw.countries;
                             ^
  compiled code at target\run\grocery_sales\models\staging\stg_countries.sql.
[0m18:59:22.195795 [info ] [Thread-4 (]: 5 of 17 START sql view model public_staging.stg_employees ...................... [RUN]
[0m18:59:22.196708 [debug] [Thread-1 (]: Began running node model.grocery_sales.stg_sales
[0m18:59:22.196970 [info ] [Thread-3 (]: 6 of 17 START sql view model public_staging.stg_products ....................... [RUN]
[0m18:59:22.197346 [debug] [Thread-7 (]: Marking all children of 'model.grocery_sales.stg_categories' to be skipped because of status 'error'.  Reason: Database Error in model stg_categories (models\staging\stg_categories.sql)
  syntax error at or near ";"
  LINE 10: FROM raw.categories;
                              ^
  compiled code at target\run\grocery_sales\models\staging\stg_categories.sql.
[0m18:59:22.197619 [debug] [Thread-4 (]: Re-using an available connection from the pool (formerly model.grocery_sales.stg_customers, now model.grocery_sales.stg_employees)
[0m18:59:22.198124 [debug] [Thread-3 (]: Re-using an available connection from the pool (formerly model.grocery_sales.stg_countries, now model.grocery_sales.stg_products)
[0m18:59:22.197915 [info ] [Thread-1 (]: 7 of 17 START sql view model public_staging.stg_sales .......................... [RUN]
[0m18:59:22.198716 [debug] [Thread-7 (]: Marking all children of 'model.grocery_sales.stg_cities' to be skipped because of status 'error'.  Reason: Database Error in model stg_cities (models\staging\stg_cities.sql)
  missing FROM-clause entry for table "co"
  LINE 12:     co.country_name,
               ^
  compiled code at target\run\grocery_sales\models\staging\stg_cities.sql.
[0m18:59:22.199112 [debug] [Thread-4 (]: Began compiling node model.grocery_sales.stg_employees
[0m18:59:22.199366 [debug] [Thread-3 (]: Began compiling node model.grocery_sales.stg_products
[0m18:59:22.199604 [debug] [Thread-1 (]: Re-using an available connection from the pool (formerly model.grocery_sales.stg_categories, now model.grocery_sales.stg_sales)
[0m18:59:22.200788 [debug] [Thread-4 (]: Writing injected SQL for node "model.grocery_sales.stg_employees"
[0m18:59:22.201175 [debug] [Thread-2 (]: Began running node model.grocery_sales.stg_city_enriched
[0m18:59:22.202425 [debug] [Thread-3 (]: Writing injected SQL for node "model.grocery_sales.stg_products"
[0m18:59:22.202671 [debug] [Thread-1 (]: Began compiling node model.grocery_sales.stg_sales
[0m18:59:22.202989 [info ] [Thread-2 (]: 8 of 17 SKIP relation public_staging.stg_city_enriched ......................... [[33mSKIP[0m]
[0m18:59:22.204456 [debug] [Thread-1 (]: Writing injected SQL for node "model.grocery_sales.stg_sales"
[0m18:59:22.204752 [debug] [Thread-4 (]: Began executing node model.grocery_sales.stg_employees
[0m18:59:22.204977 [debug] [Thread-2 (]: Finished running node model.grocery_sales.stg_city_enriched
[0m18:59:22.206669 [debug] [Thread-4 (]: Writing runtime sql for node "model.grocery_sales.stg_employees"
[0m18:59:22.206941 [debug] [Thread-3 (]: Began executing node model.grocery_sales.stg_products
[0m18:59:22.207382 [debug] [Thread-1 (]: Began executing node model.grocery_sales.stg_sales
[0m18:59:22.207618 [debug] [Thread-2 (]: Began running node model.grocery_sales.stg_customer_enriched
[0m18:59:22.209345 [debug] [Thread-3 (]: Writing runtime sql for node "model.grocery_sales.stg_products"
[0m18:59:22.210849 [debug] [Thread-1 (]: Writing runtime sql for node "model.grocery_sales.stg_sales"
[0m18:59:22.211541 [debug] [Thread-4 (]: Using postgres connection "model.grocery_sales.stg_employees"
[0m18:59:22.211308 [info ] [Thread-2 (]: 9 of 17 SKIP relation public_staging.stg_customer_enriched ..................... [[33mSKIP[0m]
[0m18:59:22.212007 [debug] [Thread-4 (]: On model.grocery_sales.stg_employees: /* {"app": "dbt", "dbt_version": "1.11.7", "profile_name": "grocery_sales", "target_name": "dev", "node_id": "model.grocery_sales.stg_employees"} */

  create view "grocery_sale"."public_staging"."stg_employees__dbt_tmp"
    
    
  as (
    SELECT
    e.employee_id,
    e.first_name,
    e.middle_initial,
    e.last_name,
    CONCAT(e.first_name, ' ', e.last_name) AS full_name,
    e.birth_date,
    e.gender,
    e.city_id,
    ci.city_name,
    ci.country_id,
    ci.country_name,
    e.hire_date
FROM raw.employees e;
  );
[0m18:59:22.212404 [debug] [Thread-2 (]: Finished running node model.grocery_sales.stg_customer_enriched
[0m18:59:22.212715 [debug] [Thread-4 (]: Opening a new connection, currently in state closed
[0m18:59:22.212979 [debug] [Thread-3 (]: Using postgres connection "model.grocery_sales.stg_products"
[0m18:59:22.213311 [debug] [Thread-1 (]: Using postgres connection "model.grocery_sales.stg_sales"
[0m18:59:22.213609 [debug] [Thread-3 (]: On model.grocery_sales.stg_products: /* {"app": "dbt", "dbt_version": "1.11.7", "profile_name": "grocery_sales", "target_name": "dev", "node_id": "model.grocery_sales.stg_products"} */

  create view "grocery_sale"."public_staging"."stg_products__dbt_tmp"
    
    
  as (
    select
    product_id,
    product_name,
    price,
    category_id,
    class,
    modify_date,
    resistant,
    is_allergic,
    vitality_days
from raw.products;
  );
[0m18:59:22.213993 [debug] [Thread-1 (]: On model.grocery_sales.stg_sales: /* {"app": "dbt", "dbt_version": "1.11.7", "profile_name": "grocery_sales", "target_name": "dev", "node_id": "model.grocery_sales.stg_sales"} */

  create view "grocery_sale"."public_staging"."stg_sales__dbt_tmp"
    
    
  as (
    select
    sales_id,
    salesperson_id,
    customer_id,
    product_id,
    quantity,
    discount,
    total_price,
    sales_date,
    transaction_number
from raw.sales;
  );
[0m18:59:22.214399 [debug] [Thread-3 (]: Opening a new connection, currently in state closed
[0m18:59:22.214622 [debug] [Thread-1 (]: Opening a new connection, currently in state closed
[0m18:59:22.246864 [debug] [Thread-4 (]: Postgres adapter: Postgres error: syntax error at or near ";"
LINE 20: FROM raw.employees e;
                             ^

[0m18:59:22.247413 [debug] [Thread-4 (]: On model.grocery_sales.stg_employees: ROLLBACK
[0m18:59:22.247796 [debug] [Thread-4 (]: On model.grocery_sales.stg_employees: Close
[0m18:59:22.250120 [debug] [Thread-4 (]: Database Error in model stg_employees (models\staging\stg_employees.sql)
  syntax error at or near ";"
  LINE 20: FROM raw.employees e;
                               ^
  compiled code at target\run\grocery_sales\models\staging\stg_employees.sql
[0m18:59:22.250416 [debug] [Thread-4 (]: Sending event: {'category': 'dbt', 'action': 'run_model', 'label': 'cb9eda03-79c8-4b31-9bc4-2e885b8b403b', 'context': [<snowplow_tracker.self_describing_json.SelfDescribingJson object at 0x000001B3575684D0>]}
[0m18:59:22.250803 [error] [Thread-4 (]: 5 of 17 ERROR creating sql view model public_staging.stg_employees ............. [[31mERROR[0m in 0.05s]
[0m18:59:22.251253 [debug] [Thread-4 (]: Finished running node model.grocery_sales.stg_employees
[0m18:59:22.251588 [debug] [Thread-7 (]: Marking all children of 'model.grocery_sales.stg_employees' to be skipped because of status 'error'.  Reason: Database Error in model stg_employees (models\staging\stg_employees.sql)
  syntax error at or near ";"
  LINE 20: FROM raw.employees e;
                               ^
  compiled code at target\run\grocery_sales\models\staging\stg_employees.sql.
[0m18:59:22.251830 [debug] [Thread-3 (]: Postgres adapter: Postgres error: syntax error at or near ";"
LINE 17: from raw.products;
                          ^

[0m18:59:22.252184 [debug] [Thread-3 (]: On model.grocery_sales.stg_products: ROLLBACK
[0m18:59:22.252433 [debug] [Thread-2 (]: Began running node model.grocery_sales.stg_employee_enriched
[0m18:59:22.252904 [debug] [Thread-3 (]: On model.grocery_sales.stg_products: Close
[0m18:59:22.252671 [info ] [Thread-2 (]: 10 of 17 SKIP relation public_staging.stg_employee_enriched .................... [[33mSKIP[0m]
[0m18:59:22.253415 [debug] [Thread-2 (]: Finished running node model.grocery_sales.stg_employee_enriched
[0m18:59:22.253635 [debug] [Thread-1 (]: Postgres adapter: Postgres error: syntax error at or near ";"
LINE 17: from raw.sales;
                       ^

[0m18:59:22.254357 [debug] [Thread-1 (]: On model.grocery_sales.stg_sales: ROLLBACK
[0m18:59:22.254760 [debug] [Thread-1 (]: On model.grocery_sales.stg_sales: Close
[0m18:59:22.256592 [debug] [Thread-3 (]: Database Error in model stg_products (models\staging\stg_products.sql)
  syntax error at or near ";"
  LINE 17: from raw.products;
                            ^
  compiled code at target\run\grocery_sales\models\staging\stg_products.sql
[0m18:59:22.256858 [debug] [Thread-3 (]: Sending event: {'category': 'dbt', 'action': 'run_model', 'label': 'cb9eda03-79c8-4b31-9bc4-2e885b8b403b', 'context': [<snowplow_tracker.self_describing_json.SelfDescribingJson object at 0x000001B3575684D0>]}
[0m18:59:22.257230 [error] [Thread-3 (]: 6 of 17 ERROR creating sql view model public_staging.stg_products .............. [[31mERROR[0m in 0.06s]
[0m18:59:22.258899 [debug] [Thread-3 (]: Finished running node model.grocery_sales.stg_products
[0m18:59:22.259284 [debug] [Thread-1 (]: Database Error in model stg_sales (models\staging\stg_sales.sql)
  syntax error at or near ";"
  LINE 17: from raw.sales;
                         ^
  compiled code at target\run\grocery_sales\models\staging\stg_sales.sql
[0m18:59:22.259606 [debug] [Thread-7 (]: Marking all children of 'model.grocery_sales.stg_products' to be skipped because of status 'error'.  Reason: Database Error in model stg_products (models\staging\stg_products.sql)
  syntax error at or near ";"
  LINE 17: from raw.products;
                            ^
  compiled code at target\run\grocery_sales\models\staging\stg_products.sql.
[0m18:59:22.259871 [debug] [Thread-1 (]: Sending event: {'category': 'dbt', 'action': 'run_model', 'label': 'cb9eda03-79c8-4b31-9bc4-2e885b8b403b', 'context': [<snowplow_tracker.self_describing_json.SelfDescribingJson object at 0x000001B3575684D0>]}
[0m18:59:22.260396 [error] [Thread-1 (]: 7 of 17 ERROR creating sql view model public_staging.stg_sales ................. [[31mERROR[0m in 0.06s]
[0m18:59:22.260819 [debug] [Thread-1 (]: Finished running node model.grocery_sales.stg_sales
[0m18:59:22.261041 [debug] [Thread-4 (]: Began running node model.grocery_sales.stg_product_enriched
[0m18:59:22.261405 [debug] [Thread-7 (]: Marking all children of 'model.grocery_sales.stg_sales' to be skipped because of status 'error'.  Reason: Database Error in model stg_sales (models\staging\stg_sales.sql)
  syntax error at or near ";"
  LINE 17: from raw.sales;
                         ^
  compiled code at target\run\grocery_sales\models\staging\stg_sales.sql.
[0m18:59:22.261705 [info ] [Thread-4 (]: 11 of 17 SKIP relation public_staging.stg_product_enriched ..................... [[33mSKIP[0m]
[0m18:59:22.262061 [debug] [Thread-4 (]: Finished running node model.grocery_sales.stg_product_enriched
[0m18:59:22.262417 [debug] [Thread-2 (]: Began running node model.grocery_sales.int_fact_sales
[0m18:59:22.262687 [info ] [Thread-2 (]: 12 of 17 SKIP relation public_analytics.int_fact_sales ......................... [[33mSKIP[0m]
[0m18:59:22.263236 [debug] [Thread-2 (]: Finished running node model.grocery_sales.int_fact_sales
[0m18:59:22.263823 [debug] [Thread-4 (]: Began running node model.grocery_sales.mart_product_performance
[0m18:59:22.264092 [debug] [Thread-1 (]: Began running node model.grocery_sales.mart_customer_performance
[0m18:59:22.264307 [debug] [Thread-2 (]: Began running node model.grocery_sales.mart_sales_overview_monthly
[0m18:59:22.264521 [debug] [Thread-3 (]: Began running node model.grocery_sales.mart_category_performance
[0m18:59:22.264736 [info ] [Thread-4 (]: 15 of 17 SKIP relation public_mart.mart_product_performance .................... [[33mSKIP[0m]
[0m18:59:22.265108 [info ] [Thread-1 (]: 14 of 17 SKIP relation public_mart.mart_customer_performance ................... [[33mSKIP[0m]
[0m18:59:22.266027 [debug] [Thread-4 (]: Finished running node model.grocery_sales.mart_product_performance
[0m18:59:22.266238 [debug] [Thread-1 (]: Finished running node model.grocery_sales.mart_customer_performance
[0m18:59:22.265546 [info ] [Thread-2 (]: 16 of 17 SKIP relation public_mart.mart_sales_overview_monthly ................. [[33mSKIP[0m]
[0m18:59:22.266505 [debug] [Thread-4 (]: Began running node model.grocery_sales.mart_salesperson_performance
[0m18:59:22.265767 [info ] [Thread-3 (]: 13 of 17 SKIP relation public_mart.mart_category_performance ................... [[33mSKIP[0m]
[0m18:59:22.267094 [debug] [Thread-2 (]: Finished running node model.grocery_sales.mart_sales_overview_monthly
[0m18:59:22.267754 [debug] [Thread-3 (]: Finished running node model.grocery_sales.mart_category_performance
[0m18:59:22.267523 [info ] [Thread-4 (]: 17 of 17 SKIP relation public_mart.mart_salesperson_performance ................ [[33mSKIP[0m]
[0m18:59:22.268240 [debug] [Thread-4 (]: Finished running node model.grocery_sales.mart_salesperson_performance
[0m18:59:22.269130 [debug] [MainThread]: On master: COMMIT
[0m18:59:22.269334 [debug] [MainThread]: Using postgres connection "master"
[0m18:59:22.269487 [debug] [MainThread]: On master: COMMIT
[0m18:59:22.269625 [debug] [MainThread]: Opening a new connection, currently in state closed
[0m18:59:22.301897 [debug] [MainThread]: SQL status: COMMIT in 0.032 seconds
[0m18:59:22.302212 [debug] [MainThread]: On master: Close
[0m18:59:22.302543 [debug] [MainThread]: Connection 'master' was properly closed.
[0m18:59:22.302717 [debug] [MainThread]: Connection 'create_grocery_sale_public_staging' was properly closed.
[0m18:59:22.302860 [debug] [MainThread]: Connection 'create_grocery_sale_public_mart' was properly closed.
[0m18:59:22.302977 [debug] [MainThread]: Connection 'create_grocery_sale_public_analytics' was properly closed.
[0m18:59:22.303094 [debug] [MainThread]: Connection 'list_grocery_sale_public_analytics' was properly closed.
[0m18:59:22.303211 [debug] [MainThread]: Connection 'list_grocery_sale_public_staging' was properly closed.
[0m18:59:22.303325 [debug] [MainThread]: Connection 'list_grocery_sale_public_mart' was properly closed.
[0m18:59:22.303436 [debug] [MainThread]: Connection 'model.grocery_sales.stg_sales' was properly closed.
[0m18:59:22.303551 [debug] [MainThread]: Connection 'model.grocery_sales.stg_products' was properly closed.
[0m18:59:22.303772 [debug] [MainThread]: Connection 'model.grocery_sales.stg_employees' was properly closed.
[0m18:59:22.303924 [debug] [MainThread]: Connection 'model.grocery_sales.stg_cities' was properly closed.
[0m18:59:22.304171 [info ] [MainThread]: 
[0m18:59:22.304457 [info ] [MainThread]: Finished running 5 table models, 12 view models in 0 hours 0 minutes and 0.48 seconds (0.48s).
[0m18:59:22.305692 [debug] [MainThread]: Command end result
[0m18:59:22.319433 [debug] [MainThread]: Wrote artifact WritableManifest to E:\Study\Stage\Grocery-Sales-Database\dbt\target\manifest.json
[0m18:59:22.320925 [debug] [MainThread]: Wrote artifact SemanticManifest to E:\Study\Stage\Grocery-Sales-Database\dbt\target\semantic_manifest.json
[0m18:59:22.325314 [debug] [MainThread]: Wrote artifact RunExecutionResult to E:\Study\Stage\Grocery-Sales-Database\dbt\target\run_results.json
[0m18:59:22.325506 [info ] [MainThread]: 
[0m18:59:22.325781 [info ] [MainThread]: [31mCompleted with 7 errors, 0 partial successes, and 0 warnings:[0m
[0m18:59:22.326418 [info ] [MainThread]: 
[0m18:59:22.326878 [error] [MainThread]: [31mFailure in model stg_customers (models\staging\stg_customers.sql)[0m
[0m18:59:22.327196 [error] [MainThread]:   Database Error in model stg_customers (models\staging\stg_customers.sql)
  syntax error at or near ";"
  LINE 15: from raw.customers;
                             ^
  compiled code at target\run\grocery_sales\models\staging\stg_customers.sql
[0m18:59:22.327510 [info ] [MainThread]: 
[0m18:59:22.328221 [info ] [MainThread]:   compiled code at target\compiled\grocery_sales\models\staging\stg_customers.sql
[0m18:59:22.328645 [info ] [MainThread]: 
[0m18:59:22.328895 [error] [MainThread]: [31mFailure in model stg_countries (models\staging\stg_countries.sql)[0m
[0m18:59:22.329432 [error] [MainThread]:   Database Error in model stg_countries (models\staging\stg_countries.sql)
  syntax error at or near ";"
  LINE 11: FROM raw.countries;
                             ^
  compiled code at target\run\grocery_sales\models\staging\stg_countries.sql
[0m18:59:22.329757 [info ] [MainThread]: 
[0m18:59:22.330299 [info ] [MainThread]:   compiled code at target\compiled\grocery_sales\models\staging\stg_countries.sql
[0m18:59:22.330758 [info ] [MainThread]: 
[0m18:59:22.331078 [error] [MainThread]: [31mFailure in model stg_categories (models\staging\stg_categories.sql)[0m
[0m18:59:22.331581 [error] [MainThread]:   Database Error in model stg_categories (models\staging\stg_categories.sql)
  syntax error at or near ";"
  LINE 10: FROM raw.categories;
                              ^
  compiled code at target\run\grocery_sales\models\staging\stg_categories.sql
[0m18:59:22.331860 [info ] [MainThread]: 
[0m18:59:22.332221 [info ] [MainThread]:   compiled code at target\compiled\grocery_sales\models\staging\stg_categories.sql
[0m18:59:22.332462 [info ] [MainThread]: 
[0m18:59:22.332749 [error] [MainThread]: [31mFailure in model stg_cities (models\staging\stg_cities.sql)[0m
[0m18:59:22.332982 [error] [MainThread]:   Database Error in model stg_cities (models\staging\stg_cities.sql)
  missing FROM-clause entry for table "co"
  LINE 12:     co.country_name,
               ^
  compiled code at target\run\grocery_sales\models\staging\stg_cities.sql
[0m18:59:22.333199 [info ] [MainThread]: 
[0m18:59:22.333469 [info ] [MainThread]:   compiled code at target\compiled\grocery_sales\models\staging\stg_cities.sql
[0m18:59:22.333669 [info ] [MainThread]: 
[0m18:59:22.333911 [error] [MainThread]: [31mFailure in model stg_employees (models\staging\stg_employees.sql)[0m
[0m18:59:22.334207 [error] [MainThread]:   Database Error in model stg_employees (models\staging\stg_employees.sql)
  syntax error at or near ";"
  LINE 20: FROM raw.employees e;
                               ^
  compiled code at target\run\grocery_sales\models\staging\stg_employees.sql
[0m18:59:22.334568 [info ] [MainThread]: 
[0m18:59:22.334914 [info ] [MainThread]:   compiled code at target\compiled\grocery_sales\models\staging\stg_employees.sql
[0m18:59:22.335168 [info ] [MainThread]: 
[0m18:59:22.335450 [error] [MainThread]: [31mFailure in model stg_products (models\staging\stg_products.sql)[0m
[0m18:59:22.335737 [error] [MainThread]:   Database Error in model stg_products (models\staging\stg_products.sql)
  syntax error at or near ";"
  LINE 17: from raw.products;
                            ^
  compiled code at target\run\grocery_sales\models\staging\stg_products.sql
[0m18:59:22.335970 [info ] [MainThread]: 
[0m18:59:22.336222 [info ] [MainThread]:   compiled code at target\compiled\grocery_sales\models\staging\stg_products.sql
[0m18:59:22.336491 [info ] [MainThread]: 
[0m18:59:22.336884 [error] [MainThread]: [31mFailure in model stg_sales (models\staging\stg_sales.sql)[0m
[0m18:59:22.337128 [error] [MainThread]:   Database Error in model stg_sales (models\staging\stg_sales.sql)
  syntax error at or near ";"
  LINE 17: from raw.sales;
                         ^
  compiled code at target\run\grocery_sales\models\staging\stg_sales.sql
[0m18:59:22.337338 [info ] [MainThread]: 
[0m18:59:22.337633 [info ] [MainThread]:   compiled code at target\compiled\grocery_sales\models\staging\stg_sales.sql
[0m18:59:22.337853 [info ] [MainThread]: 
[0m18:59:22.338072 [info ] [MainThread]: Done. PASS=0 WARN=0 ERROR=7 SKIP=10 NO-OP=0 TOTAL=17
[0m18:59:22.338780 [debug] [MainThread]: Command `dbt run` failed at 18:59:22.338701 after 1.57 seconds
[0m18:59:22.339023 [debug] [MainThread]: Sending event: {'category': 'dbt', 'action': 'invocation', 'label': 'end', 'context': [<snowplow_tracker.self_describing_json.SelfDescribingJson object at 0x000001B35558F770>, <snowplow_tracker.self_describing_json.SelfDescribingJson object at 0x000001B35720F3B0>, <snowplow_tracker.self_describing_json.SelfDescribingJson object at 0x000001B357ACEFF0>]}
[0m18:59:22.339240 [debug] [MainThread]: Flushing usage events
[0m18:59:22.933922 [debug] [MainThread]: An error was encountered while trying to flush usage events
[0m19:02:12.187554 [debug] [MainThread]: Sending event: {'category': 'dbt', 'action': 'invocation', 'label': 'start', 'context': [<snowplow_tracker.self_describing_json.SelfDescribingJson object at 0x000001DEF774DFD0>, <snowplow_tracker.self_describing_json.SelfDescribingJson object at 0x000001DEF5528190>, <snowplow_tracker.self_describing_json.SelfDescribingJson object at 0x000001DEF8B13C50>]}


============================== 19:02:12.190494 | c6cfd2ce-d415-48fc-9077-faa94fd6fe14 ==============================
[0m19:02:12.190494 [info ] [MainThread]: Running with dbt=1.11.7
[0m19:02:12.191147 [debug] [MainThread]: running dbt with arguments {'static_parser': 'True', 'no_print': 'None', 'version_check': 'True', 'target_path': 'None', 'warn_error_options': 'WarnErrorOptionsV2(error=[], warn=[], silence=[])', 'printer_width': '80', 'write_json': 'True', 'introspect': 'True', 'log_cache_events': 'False', 'empty': 'None', 'cache_selected_only': 'False', 'fail_fast': 'False', 'debug': 'False', 'log_format': 'default', 'partial_parse': 'True', 'send_anonymous_usage_stats': 'True', 'quiet': 'False', 'warn_error': 'None', 'profiles_dir': 'C:\\Users\\Huang\\.dbt', 'invocation_command': 'dbt debug', 'use_colors': 'True', 'indirect_selection': 'eager', 'use_experimental_parser': 'False', 'log_path': 'E:\\Study\\Stage\\Grocery-Sales-Database\\dbt\\logs'}
[0m19:02:12.201432 [info ] [MainThread]: dbt version: 1.11.7
[0m19:02:12.201817 [info ] [MainThread]: python version: 3.13.9
[0m19:02:12.202263 [info ] [MainThread]: python path: F:\Tool\Coding\Python\python.exe
[0m19:02:12.202733 [info ] [MainThread]: os info: Windows-11-10.0.26100-SP0
[0m19:02:12.234955 [info ] [MainThread]: Using profiles dir at C:\Users\Huang\.dbt
[0m19:02:12.235504 [info ] [MainThread]: Using profiles.yml file at C:\Users\Huang\.dbt\profiles.yml
[0m19:02:12.235973 [info ] [MainThread]: Using dbt_project.yml file at E:\Study\Stage\Grocery-Sales-Database\dbt\dbt_project.yml
[0m19:02:12.236524 [info ] [MainThread]: adapter type: postgres
[0m19:02:12.236767 [info ] [MainThread]: adapter version: 1.10.0
[0m19:02:12.294838 [info ] [MainThread]: Configuration:
[0m19:02:12.295390 [info ] [MainThread]:   profiles.yml file [[32mOK found and valid[0m]
[0m19:02:12.295955 [info ] [MainThread]:   dbt_project.yml file [[32mOK found and valid[0m]
[0m19:02:12.296195 [info ] [MainThread]: Required dependencies:
[0m19:02:12.296432 [debug] [MainThread]: Executing "git --help"
[0m19:02:12.320545 [debug] [MainThread]: STDOUT: "b"usage: git [-v | --version] [-h | --help] [-C <path>] [-c <name>=<value>]\n           [--exec-path[=<path>]] [--html-path] [--man-path] [--info-path]\n           [-p | --paginate | -P | --no-pager] [--no-replace-objects] [--no-lazy-fetch]\n           [--no-optional-locks] [--no-advice] [--bare] [--git-dir=<path>]\n           [--work-tree=<path>] [--namespace=<name>] [--config-env=<name>=<envvar>]\n           <command> [<args>]\n\nThese are common Git commands used in various situations:\n\nstart a working area (see also: git help tutorial)\n   clone      Clone a repository into a new directory\n   init       Create an empty Git repository or reinitialize an existing one\n\nwork on the current change (see also: git help everyday)\n   add        Add file contents to the index\n   mv         Move or rename a file, a directory, or a symlink\n   restore    Restore working tree files\n   rm         Remove files from the working tree and from the index\n\nexamine the history and state (see also: git help revisions)\n   bisect     Use binary search to find the commit that introduced a bug\n   diff       Show changes between commits, commit and working tree, etc\n   grep       Print lines matching a pattern\n   log        Show commit logs\n   show       Show various types of objects\n   status     Show the working tree status\n\ngrow, mark and tweak your common history\n   backfill   Download missing objects in a partial clone\n   branch     List, create, or delete branches\n   commit     Record changes to the repository\n   merge      Join two or more development histories together\n   rebase     Reapply commits on top of another base tip\n   reset      Reset current HEAD to the specified state\n   switch     Switch branches\n   tag        Create, list, delete or verify a tag object signed with GPG\n\ncollaborate (see also: git help workflows)\n   fetch      Download objects and refs from another repository\n   pull       Fetch from and integrate with another repository or a local branch\n   push       Update remote refs along with associated objects\n\n'git help -a' and 'git help -g' list available subcommands and some\nconcept guides. See 'git help <command>' or 'git help <concept>'\nto read about a specific subcommand or concept.\nSee 'git help git' for an overview of the system.\n""
[0m19:02:12.320910 [debug] [MainThread]: STDERR: "b''"
[0m19:02:12.321172 [info ] [MainThread]:  - git [[32mOK found[0m]

[0m19:02:12.321494 [info ] [MainThread]: Connection:
[0m19:02:12.321928 [info ] [MainThread]:   host: localhost
[0m19:02:12.322216 [info ] [MainThread]:   port: 5432
[0m19:02:12.322454 [info ] [MainThread]:   user: postgres
[0m19:02:12.322674 [info ] [MainThread]:   database: grocery_sale
[0m19:02:12.322937 [info ] [MainThread]:   schema: public
[0m19:02:12.323177 [info ] [MainThread]:   connect_timeout: 10
[0m19:02:12.323382 [info ] [MainThread]:   role: None
[0m19:02:12.323633 [info ] [MainThread]:   search_path: None
[0m19:02:12.323994 [info ] [MainThread]:   keepalives_idle: 0
[0m19:02:12.324318 [info ] [MainThread]:   sslmode: None
[0m19:02:12.324676 [info ] [MainThread]:   sslcert: None
[0m19:02:12.325098 [info ] [MainThread]:   sslkey: None
[0m19:02:12.325287 [info ] [MainThread]:   sslrootcert: None
[0m19:02:12.325544 [info ] [MainThread]:   application_name: dbt
[0m19:02:12.325929 [info ] [MainThread]:   retries: 1
[0m19:02:12.326351 [info ] [MainThread]: Registered adapter: postgres=1.10.0
[0m19:02:12.421587 [debug] [MainThread]: Acquiring new postgres connection 'debug'
[0m19:02:12.447080 [debug] [MainThread]: Using postgres connection "debug"
[0m19:02:12.447309 [debug] [MainThread]: On debug: select 1 as id
[0m19:02:12.447476 [debug] [MainThread]: Opening a new connection, currently in state init
[0m19:02:12.481221 [debug] [MainThread]: SQL status: SELECT 1 in 0.034 seconds
[0m19:02:12.481955 [debug] [MainThread]: On debug: Close
[0m19:02:12.482211 [info ] [MainThread]:   Connection test: [[32mOK connection ok[0m]

[0m19:02:12.482689 [info ] [MainThread]: [32mAll checks passed![0m
[0m19:02:12.483536 [debug] [MainThread]: Command `dbt debug` succeeded at 19:02:12.483462 after 0.42 seconds
[0m19:02:12.483746 [debug] [MainThread]: Connection 'debug' was properly closed.
[0m19:02:12.483931 [debug] [MainThread]: Sending event: {'category': 'dbt', 'action': 'invocation', 'label': 'end', 'context': [<snowplow_tracker.self_describing_json.SelfDescribingJson object at 0x000001DEF9EB1E00>, <snowplow_tracker.self_describing_json.SelfDescribingJson object at 0x000001DEF9F01C70>, <snowplow_tracker.self_describing_json.SelfDescribingJson object at 0x000001DEF9B63130>]}
[0m19:02:12.484149 [debug] [MainThread]: Flushing usage events
[0m19:02:13.014542 [debug] [MainThread]: An error was encountered while trying to flush usage events
[0m19:02:15.199316 [debug] [MainThread]: Sending event: {'category': 'dbt', 'action': 'invocation', 'label': 'start', 'context': [<snowplow_tracker.self_describing_json.SelfDescribingJson object at 0x000001BE0858DFD0>, <snowplow_tracker.self_describing_json.SelfDescribingJson object at 0x000001BE06338190>, <snowplow_tracker.self_describing_json.SelfDescribingJson object at 0x000001BE09947C50>]}


============================== 19:02:15.202200 | 1794cf8a-54a2-4b39-a035-54a640df9d4f ==============================
[0m19:02:15.202200 [info ] [MainThread]: Running with dbt=1.11.7
[0m19:02:15.202752 [debug] [MainThread]: running dbt with arguments {'static_parser': 'True', 'no_print': 'None', 'version_check': 'True', 'warn_error_options': 'WarnErrorOptionsV2(error=[], warn=[], silence=[])', 'target_path': 'None', 'printer_width': '80', 'write_json': 'True', 'introspect': 'True', 'log_cache_events': 'False', 'empty': 'False', 'cache_selected_only': 'False', 'log_format': 'default', 'debug': 'False', 'fail_fast': 'False', 'partial_parse': 'True', 'send_anonymous_usage_stats': 'True', 'quiet': 'False', 'warn_error': 'None', 'profiles_dir': 'C:\\Users\\Huang\\.dbt', 'invocation_command': 'dbt run', 'use_colors': 'True', 'indirect_selection': 'eager', 'use_experimental_parser': 'False', 'log_path': 'E:\\Study\\Stage\\Grocery-Sales-Database\\dbt\\logs'}
[0m19:02:15.303209 [debug] [MainThread]: Sending event: {'category': 'dbt', 'action': 'project_id', 'label': '1794cf8a-54a2-4b39-a035-54a640df9d4f', 'context': [<snowplow_tracker.self_describing_json.SelfDescribingJson object at 0x000001BE08C46FD0>]}
[0m19:02:15.338866 [debug] [MainThread]: Sending event: {'category': 'dbt', 'action': 'adapter_info', 'label': '1794cf8a-54a2-4b39-a035-54a640df9d4f', 'context': [<snowplow_tracker.self_describing_json.SelfDescribingJson object at 0x000001BE0A9B9590>]}
[0m19:02:15.339802 [info ] [MainThread]: Registered adapter: postgres=1.10.0
[0m19:02:15.437999 [debug] [MainThread]: checksum: b80718358155fc17c3559352095564dd56ada1cc1a1c0ef2e62c857e71583775, vars: {}, profile: , target: , version: 1.11.7
[0m19:02:15.509549 [debug] [MainThread]: Partial parsing enabled: 0 files deleted, 0 files added, 15 files changed.
[0m19:02:15.509900 [debug] [MainThread]: Partial parsing: updated file: grocery_sales://models\staging\enriched\stg_product_enriched.sql
[0m19:02:15.510117 [debug] [MainThread]: Partial parsing: updated file: grocery_sales://models\marts\mart_customer_performance.sql
[0m19:02:15.510311 [debug] [MainThread]: Partial parsing: updated file: grocery_sales://models\marts\mart_product_performance.sql
[0m19:02:15.510505 [debug] [MainThread]: Partial parsing: updated file: grocery_sales://models\intermediate\int_fact_sales.sql
[0m19:02:15.510695 [debug] [MainThread]: Partial parsing: updated file: grocery_sales://models\staging\enriched\stg_employee_enriched.sql
[0m19:02:15.510873 [debug] [MainThread]: Partial parsing: updated file: grocery_sales://models\staging\stg_customers.sql
[0m19:02:15.511053 [debug] [MainThread]: Partial parsing: updated file: grocery_sales://models\staging\stg_countries.sql
[0m19:02:15.511227 [debug] [MainThread]: Partial parsing: updated file: grocery_sales://models\marts\mart_category_performance.sql
[0m19:02:15.511421 [debug] [MainThread]: Partial parsing: updated file: grocery_sales://models\staging\stg_products.sql
[0m19:02:15.511643 [debug] [MainThread]: Partial parsing: updated file: grocery_sales://models\marts\mart_salesperson_performance.sql
[0m19:02:15.511850 [debug] [MainThread]: Partial parsing: updated file: grocery_sales://models\staging\stg_sales.sql
[0m19:02:15.512029 [debug] [MainThread]: Partial parsing: updated file: grocery_sales://models\staging\enriched\stg_city_enriched.sql
[0m19:02:15.512212 [debug] [MainThread]: Partial parsing: updated file: grocery_sales://models\marts\mart_sales_overview_monthly.sql
[0m19:02:15.512382 [debug] [MainThread]: Partial parsing: updated file: grocery_sales://models\staging\enriched\stg_customer_enriched.sql
[0m19:02:15.512559 [debug] [MainThread]: Partial parsing: updated file: grocery_sales://models\staging\stg_employees.sql
[0m19:02:15.798736 [debug] [MainThread]: Sending event: {'category': 'dbt', 'action': 'load_project', 'label': '1794cf8a-54a2-4b39-a035-54a640df9d4f', 'context': [<snowplow_tracker.self_describing_json.SelfDescribingJson object at 0x000001BE0AF29D50>]}
[0m19:02:15.835871 [debug] [MainThread]: Wrote artifact WritableManifest to E:\Study\Stage\Grocery-Sales-Database\dbt\target\manifest.json
[0m19:02:15.837142 [debug] [MainThread]: Wrote artifact SemanticManifest to E:\Study\Stage\Grocery-Sales-Database\dbt\target\semantic_manifest.json
[0m19:02:15.850654 [debug] [MainThread]: Sending event: {'category': 'dbt', 'action': 'resource_counts', 'label': '1794cf8a-54a2-4b39-a035-54a640df9d4f', 'context': [<snowplow_tracker.self_describing_json.SelfDescribingJson object at 0x000001BE096DDB80>]}
[0m19:02:15.850904 [info ] [MainThread]: Found 17 models, 7 data tests, 464 macros
[0m19:02:15.851374 [debug] [MainThread]: Sending event: {'category': 'dbt', 'action': 'runnable_timing', 'label': '1794cf8a-54a2-4b39-a035-54a640df9d4f', 'context': [<snowplow_tracker.self_describing_json.SelfDescribingJson object at 0x000001BE0B0B02F0>]}
[0m19:02:15.852928 [info ] [MainThread]: 
[0m19:02:15.853379 [info ] [MainThread]: Concurrency: 4 threads (target='dev')
[0m19:02:15.853899 [info ] [MainThread]: 
[0m19:02:15.854469 [debug] [MainThread]: Acquiring new postgres connection 'master'
[0m19:02:15.857970 [debug] [ThreadPool]: Acquiring new postgres connection 'list_grocery_sale'
[0m19:02:15.860209 [debug] [ThreadPool]: Acquiring new postgres connection 'list_grocery_sale'
[0m19:02:15.864541 [debug] [ThreadPool]: Acquiring new postgres connection 'list_grocery_sale'
[0m19:02:15.893405 [debug] [ThreadPool]: Using postgres connection "list_grocery_sale"
[0m19:02:15.893699 [debug] [ThreadPool]: Using postgres connection "list_grocery_sale"
[0m19:02:15.893996 [debug] [ThreadPool]: On list_grocery_sale: /* {"app": "dbt", "dbt_version": "1.11.7", "profile_name": "grocery_sales", "target_name": "dev", "connection_name": "list_grocery_sale"} */

    select distinct nspname from pg_namespace
  
[0m19:02:15.894371 [debug] [ThreadPool]: Using postgres connection "list_grocery_sale"
[0m19:02:15.894644 [debug] [ThreadPool]: On list_grocery_sale: /* {"app": "dbt", "dbt_version": "1.11.7", "profile_name": "grocery_sales", "target_name": "dev", "connection_name": "list_grocery_sale"} */

    select distinct nspname from pg_namespace
  
[0m19:02:15.895116 [debug] [ThreadPool]: Opening a new connection, currently in state init
[0m19:02:15.895604 [debug] [ThreadPool]: On list_grocery_sale: /* {"app": "dbt", "dbt_version": "1.11.7", "profile_name": "grocery_sales", "target_name": "dev", "connection_name": "list_grocery_sale"} */

    select distinct nspname from pg_namespace
  
[0m19:02:15.895960 [debug] [ThreadPool]: Opening a new connection, currently in state init
[0m19:02:15.896275 [debug] [ThreadPool]: Opening a new connection, currently in state init
[0m19:02:15.935343 [debug] [ThreadPool]: SQL status: SELECT 10 in 0.039 seconds
[0m19:02:15.936421 [debug] [ThreadPool]: On list_grocery_sale: Close
[0m19:02:15.936692 [debug] [ThreadPool]: SQL status: SELECT 10 in 0.042 seconds
[0m19:02:15.937565 [debug] [ThreadPool]: On list_grocery_sale: Close
[0m19:02:16.050011 [debug] [ThreadPool]: SQL status: SELECT 10 in 0.154 seconds
[0m19:02:16.050857 [debug] [ThreadPool]: On list_grocery_sale: Close
[0m19:02:16.052695 [debug] [ThreadPool]: Acquiring new postgres connection 'list_grocery_sale_public_staging'
[0m19:02:16.056344 [debug] [ThreadPool]: Using postgres connection "list_grocery_sale_public_staging"
[0m19:02:16.056753 [debug] [ThreadPool]: Acquiring new postgres connection 'list_grocery_sale_public_mart'
[0m19:02:16.057144 [debug] [ThreadPool]: On list_grocery_sale_public_staging: /* {"app": "dbt", "dbt_version": "1.11.7", "profile_name": "grocery_sales", "target_name": "dev", "connection_name": "list_grocery_sale_public_staging"} */
select
      'grocery_sale' as database,
      tablename as name,
      schemaname as schema,
      'table' as type
    from pg_tables
    where schemaname ilike 'public_staging'
    union all
    select
      'grocery_sale' as database,
      viewname as name,
      schemaname as schema,
      'view' as type
    from pg_views
    where schemaname ilike 'public_staging'
    union all
    select
      'grocery_sale' as database,
      matviewname as name,
      schemaname as schema,
      'materialized_view' as type
    from pg_matviews
    where schemaname ilike 'public_staging'
  
[0m19:02:16.057508 [debug] [ThreadPool]: Acquiring new postgres connection 'list_grocery_sale_public_analytics'
[0m19:02:16.058383 [debug] [ThreadPool]: Using postgres connection "list_grocery_sale_public_mart"
[0m19:02:16.058682 [debug] [ThreadPool]: Opening a new connection, currently in state init
[0m19:02:16.059946 [debug] [ThreadPool]: Using postgres connection "list_grocery_sale_public_analytics"
[0m19:02:16.060151 [debug] [ThreadPool]: On list_grocery_sale_public_mart: /* {"app": "dbt", "dbt_version": "1.11.7", "profile_name": "grocery_sales", "target_name": "dev", "connection_name": "list_grocery_sale_public_mart"} */
select
      'grocery_sale' as database,
      tablename as name,
      schemaname as schema,
      'table' as type
    from pg_tables
    where schemaname ilike 'public_mart'
    union all
    select
      'grocery_sale' as database,
      viewname as name,
      schemaname as schema,
      'view' as type
    from pg_views
    where schemaname ilike 'public_mart'
    union all
    select
      'grocery_sale' as database,
      matviewname as name,
      schemaname as schema,
      'materialized_view' as type
    from pg_matviews
    where schemaname ilike 'public_mart'
  
[0m19:02:16.060551 [debug] [ThreadPool]: On list_grocery_sale_public_analytics: /* {"app": "dbt", "dbt_version": "1.11.7", "profile_name": "grocery_sales", "target_name": "dev", "connection_name": "list_grocery_sale_public_analytics"} */
select
      'grocery_sale' as database,
      tablename as name,
      schemaname as schema,
      'table' as type
    from pg_tables
    where schemaname ilike 'public_analytics'
    union all
    select
      'grocery_sale' as database,
      viewname as name,
      schemaname as schema,
      'view' as type
    from pg_views
    where schemaname ilike 'public_analytics'
    union all
    select
      'grocery_sale' as database,
      matviewname as name,
      schemaname as schema,
      'materialized_view' as type
    from pg_matviews
    where schemaname ilike 'public_analytics'
  
[0m19:02:16.060806 [debug] [ThreadPool]: Opening a new connection, currently in state init
[0m19:02:16.061171 [debug] [ThreadPool]: Opening a new connection, currently in state init
[0m19:02:16.094871 [debug] [ThreadPool]: SQL status: SELECT 0 in 0.036 seconds
[0m19:02:16.095738 [debug] [ThreadPool]: On list_grocery_sale_public_staging: ROLLBACK
[0m19:02:16.096180 [debug] [ThreadPool]: On list_grocery_sale_public_staging: Close
[0m19:02:16.099532 [debug] [ThreadPool]: SQL status: SELECT 0 in 0.039 seconds
[0m19:02:16.100169 [debug] [ThreadPool]: On list_grocery_sale_public_mart: ROLLBACK
[0m19:02:16.100364 [debug] [ThreadPool]: SQL status: SELECT 0 in 0.039 seconds
[0m19:02:16.101003 [debug] [ThreadPool]: On list_grocery_sale_public_analytics: ROLLBACK
[0m19:02:16.101195 [debug] [ThreadPool]: On list_grocery_sale_public_mart: Close
[0m19:02:16.101390 [debug] [ThreadPool]: On list_grocery_sale_public_analytics: Close
[0m19:02:16.105113 [debug] [MainThread]: Using postgres connection "master"
[0m19:02:16.105372 [debug] [MainThread]: On master: /* {"app": "dbt", "dbt_version": "1.11.7", "profile_name": "grocery_sales", "target_name": "dev", "connection_name": "master"} */
select distinct
        dependent_namespace.nspname as dependent_schema,
        dependent_class.relname as dependent_name,
        referenced_namespace.nspname as referenced_schema,
        referenced_class.relname as referenced_name

    -- Query for views: views are entries in pg_class with an entry in pg_rewrite, but we avoid
    -- a seq scan on pg_rewrite by leveraging the fact there is an "internal" row in pg_depend for
    -- the view...
    from pg_class as dependent_class
    join pg_namespace as dependent_namespace on dependent_namespace.oid = dependent_class.relnamespace
    join pg_depend as dependent_depend on dependent_depend.refobjid = dependent_class.oid
        and dependent_depend.classid = 'pg_rewrite'::regclass
        and dependent_depend.refclassid = 'pg_class'::regclass
        and dependent_depend.deptype = 'i'

    -- ... and via pg_depend (that has a row per column, hence the need for "distinct" above, and
    -- making sure to exclude the internal row to avoid a view appearing to depend on itself)...
    join pg_depend as joining_depend on joining_depend.objid = dependent_depend.objid
        and joining_depend.classid = 'pg_rewrite'::regclass
        and joining_depend.refclassid = 'pg_class'::regclass
        and joining_depend.refobjid != dependent_depend.refobjid

    -- ... we can find the tables they query from in pg_class, but excluding system tables. Note we
    -- don't need need to exclude _dependent_ system tables, because they only query from other
    -- system tables, and so are automatically excluded by excluding _referenced_ system tables
    join pg_class as referenced_class on referenced_class.oid = joining_depend.refobjid
    join pg_namespace as referenced_namespace on referenced_namespace.oid = referenced_class.relnamespace
        and referenced_namespace.nspname != 'information_schema'
        and referenced_namespace.nspname not like 'pg\_%'

    order by
        dependent_schema, dependent_name, referenced_schema, referenced_name;
[0m19:02:16.105564 [debug] [MainThread]: Opening a new connection, currently in state init
[0m19:02:16.139513 [debug] [MainThread]: SQL status: SELECT 14 in 0.034 seconds
[0m19:02:16.140817 [debug] [MainThread]: Sending event: {'category': 'dbt', 'action': 'runnable_timing', 'label': '1794cf8a-54a2-4b39-a035-54a640df9d4f', 'context': [<snowplow_tracker.self_describing_json.SelfDescribingJson object at 0x000001BE0B3D2750>]}
[0m19:02:16.141097 [debug] [MainThread]: On master: ROLLBACK
[0m19:02:16.141483 [debug] [MainThread]: On master: COMMIT
[0m19:02:16.141676 [debug] [MainThread]: Using postgres connection "master"
[0m19:02:16.141826 [debug] [MainThread]: On master: COMMIT
[0m19:02:16.142091 [debug] [MainThread]: SQL status: COMMIT in 0.000 seconds
[0m19:02:16.142266 [debug] [MainThread]: On master: Close
[0m19:02:16.144875 [debug] [Thread-4 (]: Began running node model.grocery_sales.stg_customers
[0m19:02:16.145120 [debug] [Thread-1 (]: Began running node model.grocery_sales.stg_categories
[0m19:02:16.145353 [debug] [Thread-3 (]: Began running node model.grocery_sales.stg_countries
[0m19:02:16.145573 [debug] [Thread-2 (]: Began running node model.grocery_sales.stg_cities
[0m19:02:16.145874 [info ] [Thread-4 (]: 4 of 17 START sql view model public_staging.stg_customers ...................... [RUN]
[0m19:02:16.146130 [info ] [Thread-1 (]: 1 of 17 START sql view model public_staging.stg_categories ..................... [RUN]
[0m19:02:16.147342 [debug] [Thread-4 (]: Acquiring new postgres connection 'model.grocery_sales.stg_customers'
[0m19:02:16.146478 [info ] [Thread-3 (]: 3 of 17 START sql view model public_staging.stg_countries ...................... [RUN]
[0m19:02:16.147669 [debug] [Thread-1 (]: Acquiring new postgres connection 'model.grocery_sales.stg_categories'
[0m19:02:16.146958 [info ] [Thread-2 (]: 2 of 17 START sql view model public_staging.stg_cities ......................... [RUN]
[0m19:02:16.147944 [debug] [Thread-4 (]: Began compiling node model.grocery_sales.stg_customers
[0m19:02:16.148221 [debug] [Thread-3 (]: Acquiring new postgres connection 'model.grocery_sales.stg_countries'
[0m19:02:16.148435 [debug] [Thread-1 (]: Began compiling node model.grocery_sales.stg_categories
[0m19:02:16.148718 [debug] [Thread-2 (]: Acquiring new postgres connection 'model.grocery_sales.stg_cities'
[0m19:02:16.152561 [debug] [Thread-4 (]: Writing injected SQL for node "model.grocery_sales.stg_customers"
[0m19:02:16.152926 [debug] [Thread-3 (]: Began compiling node model.grocery_sales.stg_countries
[0m19:02:16.154146 [debug] [Thread-1 (]: Writing injected SQL for node "model.grocery_sales.stg_categories"
[0m19:02:16.154423 [debug] [Thread-2 (]: Began compiling node model.grocery_sales.stg_cities
[0m19:02:16.155488 [debug] [Thread-3 (]: Writing injected SQL for node "model.grocery_sales.stg_countries"
[0m19:02:16.156996 [debug] [Thread-2 (]: Writing injected SQL for node "model.grocery_sales.stg_cities"
[0m19:02:16.157325 [debug] [Thread-4 (]: Began executing node model.grocery_sales.stg_customers
[0m19:02:16.157647 [debug] [Thread-1 (]: Began executing node model.grocery_sales.stg_categories
[0m19:02:16.181413 [debug] [Thread-1 (]: Writing runtime sql for node "model.grocery_sales.stg_categories"
[0m19:02:16.182278 [debug] [Thread-4 (]: Writing runtime sql for node "model.grocery_sales.stg_customers"
[0m19:02:16.182821 [debug] [Thread-3 (]: Began executing node model.grocery_sales.stg_countries
[0m19:02:16.184520 [debug] [Thread-3 (]: Writing runtime sql for node "model.grocery_sales.stg_countries"
[0m19:02:16.184961 [debug] [Thread-2 (]: Began executing node model.grocery_sales.stg_cities
[0m19:02:16.185372 [debug] [Thread-1 (]: Using postgres connection "model.grocery_sales.stg_categories"
[0m19:02:16.185693 [debug] [Thread-4 (]: Using postgres connection "model.grocery_sales.stg_customers"
[0m19:02:16.187198 [debug] [Thread-2 (]: Writing runtime sql for node "model.grocery_sales.stg_cities"
[0m19:02:16.187449 [debug] [Thread-3 (]: Using postgres connection "model.grocery_sales.stg_countries"
[0m19:02:16.187771 [debug] [Thread-1 (]: On model.grocery_sales.stg_categories: /* {"app": "dbt", "dbt_version": "1.11.7", "profile_name": "grocery_sales", "target_name": "dev", "node_id": "model.grocery_sales.stg_categories"} */

  create view "grocery_sale"."public_staging"."stg_categories__dbt_tmp"
    
    
  as (
    SELECT
    category_id,
    category_name
FROM raw.categories;
  );
[0m19:02:16.188185 [debug] [Thread-4 (]: On model.grocery_sales.stg_customers: /* {"app": "dbt", "dbt_version": "1.11.7", "profile_name": "grocery_sales", "target_name": "dev", "node_id": "model.grocery_sales.stg_customers"} */

  create view "grocery_sale"."public_staging"."stg_customers__dbt_tmp"
    
    
  as (
    select
    customer_id,
    first_name,
    middle_initial,
    last_name,
    concat(first_name, ' ', last_name) as full_name,
    city_id,
    address
from raw.customers
  );
[0m19:02:16.188519 [debug] [Thread-3 (]: On model.grocery_sales.stg_countries: /* {"app": "dbt", "dbt_version": "1.11.7", "profile_name": "grocery_sales", "target_name": "dev", "node_id": "model.grocery_sales.stg_countries"} */

  create view "grocery_sale"."public_staging"."stg_countries__dbt_tmp"
    
    
  as (
    SELECT
    country_id,
    country_name,
    country_code
FROM raw.countries
  );
[0m19:02:16.188732 [debug] [Thread-1 (]: Opening a new connection, currently in state init
[0m19:02:16.188943 [debug] [Thread-4 (]: Opening a new connection, currently in state init
[0m19:02:16.189304 [debug] [Thread-3 (]: Opening a new connection, currently in state init
[0m19:02:16.189659 [debug] [Thread-2 (]: Using postgres connection "model.grocery_sales.stg_cities"
[0m19:02:16.190148 [debug] [Thread-2 (]: On model.grocery_sales.stg_cities: /* {"app": "dbt", "dbt_version": "1.11.7", "profile_name": "grocery_sales", "target_name": "dev", "node_id": "model.grocery_sales.stg_cities"} */

  create view "grocery_sale"."public_staging"."stg_cities__dbt_tmp"
    
    
  as (
    SELECT
    ci.city_id,
    ci.city_name,
    ci.zipcode,
    ci.country_id,
    co.country_name,
    co.country_code
FROM raw.cities ci
  );
[0m19:02:16.190364 [debug] [Thread-2 (]: Opening a new connection, currently in state init
[0m19:02:16.229436 [debug] [Thread-1 (]: Postgres adapter: Postgres error: syntax error at or near ";"
LINE 10: FROM raw.categories;
                            ^

[0m19:02:16.229772 [debug] [Thread-1 (]: On model.grocery_sales.stg_categories: ROLLBACK
[0m19:02:16.230253 [debug] [Thread-1 (]: On model.grocery_sales.stg_categories: Close
[0m19:02:16.232352 [debug] [Thread-2 (]: Postgres adapter: Postgres error: missing FROM-clause entry for table "co"
LINE 12:     co.country_name,
             ^

[0m19:02:16.232582 [debug] [Thread-2 (]: On model.grocery_sales.stg_cities: ROLLBACK
[0m19:02:16.232955 [debug] [Thread-2 (]: On model.grocery_sales.stg_cities: Close
[0m19:02:16.236787 [debug] [Thread-1 (]: Database Error in model stg_categories (models\staging\stg_categories.sql)
  syntax error at or near ";"
  LINE 10: FROM raw.categories;
                              ^
  compiled code at target\run\grocery_sales\models\staging\stg_categories.sql
[0m19:02:16.239382 [debug] [Thread-2 (]: Database Error in model stg_cities (models\staging\stg_cities.sql)
  missing FROM-clause entry for table "co"
  LINE 12:     co.country_name,
               ^
  compiled code at target\run\grocery_sales\models\staging\stg_cities.sql
[0m19:02:16.240326 [debug] [Thread-1 (]: Sending event: {'category': 'dbt', 'action': 'run_model', 'label': '1794cf8a-54a2-4b39-a035-54a640df9d4f', 'context': [<snowplow_tracker.self_describing_json.SelfDescribingJson object at 0x000001BE0B5E07D0>]}
[0m19:02:16.240705 [debug] [Thread-2 (]: Sending event: {'category': 'dbt', 'action': 'run_model', 'label': '1794cf8a-54a2-4b39-a035-54a640df9d4f', 'context': [<snowplow_tracker.self_describing_json.SelfDescribingJson object at 0x000001BE0B1FA990>]}
[0m19:02:16.241110 [error] [Thread-1 (]: 1 of 17 ERROR creating sql view model public_staging.stg_categories ............ [[31mERROR[0m in 0.09s]
[0m19:02:16.241812 [debug] [Thread-1 (]: Finished running node model.grocery_sales.stg_categories
[0m19:02:16.241441 [error] [Thread-2 (]: 2 of 17 ERROR creating sql view model public_staging.stg_cities ................ [[31mERROR[0m in 0.09s]
[0m19:02:16.242111 [debug] [Thread-1 (]: Began running node model.grocery_sales.stg_employees
[0m19:02:16.242620 [debug] [Thread-7 (]: Marking all children of 'model.grocery_sales.stg_categories' to be skipped because of status 'error'.  Reason: Database Error in model stg_categories (models\staging\stg_categories.sql)
  syntax error at or near ";"
  LINE 10: FROM raw.categories;
                              ^
  compiled code at target\run\grocery_sales\models\staging\stg_categories.sql.
[0m19:02:16.243156 [debug] [Thread-2 (]: Finished running node model.grocery_sales.stg_cities
[0m19:02:16.243573 [info ] [Thread-1 (]: 5 of 17 START sql view model public_staging.stg_employees ...................... [RUN]
[0m19:02:16.244426 [debug] [Thread-2 (]: Began running node model.grocery_sales.stg_products
[0m19:02:16.244886 [debug] [Thread-7 (]: Marking all children of 'model.grocery_sales.stg_cities' to be skipped because of status 'error'.  Reason: Database Error in model stg_cities (models\staging\stg_cities.sql)
  missing FROM-clause entry for table "co"
  LINE 12:     co.country_name,
               ^
  compiled code at target\run\grocery_sales\models\staging\stg_cities.sql.
[0m19:02:16.245259 [debug] [Thread-1 (]: Re-using an available connection from the pool (formerly model.grocery_sales.stg_categories, now model.grocery_sales.stg_employees)
[0m19:02:16.245745 [info ] [Thread-2 (]: 6 of 17 START sql view model public_staging.stg_products ....................... [RUN]
[0m19:02:16.246147 [debug] [Thread-1 (]: Began compiling node model.grocery_sales.stg_employees
[0m19:02:16.246376 [debug] [Thread-2 (]: Re-using an available connection from the pool (formerly model.grocery_sales.stg_cities, now model.grocery_sales.stg_products)
[0m19:02:16.247695 [debug] [Thread-1 (]: Writing injected SQL for node "model.grocery_sales.stg_employees"
[0m19:02:16.248038 [debug] [Thread-2 (]: Began compiling node model.grocery_sales.stg_products
[0m19:02:16.249260 [debug] [Thread-2 (]: Writing injected SQL for node "model.grocery_sales.stg_products"
[0m19:02:16.249691 [debug] [Thread-2 (]: Began executing node model.grocery_sales.stg_products
[0m19:02:16.249911 [debug] [Thread-1 (]: Began executing node model.grocery_sales.stg_employees
[0m19:02:16.251707 [debug] [Thread-2 (]: Writing runtime sql for node "model.grocery_sales.stg_products"
[0m19:02:16.253714 [debug] [Thread-1 (]: Writing runtime sql for node "model.grocery_sales.stg_employees"
[0m19:02:16.254604 [debug] [Thread-2 (]: Using postgres connection "model.grocery_sales.stg_products"
[0m19:02:16.254845 [debug] [Thread-2 (]: On model.grocery_sales.stg_products: /* {"app": "dbt", "dbt_version": "1.11.7", "profile_name": "grocery_sales", "target_name": "dev", "node_id": "model.grocery_sales.stg_products"} */

  create view "grocery_sale"."public_staging"."stg_products__dbt_tmp"
    
    
  as (
    select
    product_id,
    product_name,
    price,
    category_id,
    class,
    modify_date,
    resistant,
    is_allergic,
    vitality_days
from raw.products
  );
[0m19:02:16.255098 [debug] [Thread-1 (]: Using postgres connection "model.grocery_sales.stg_employees"
[0m19:02:16.255331 [debug] [Thread-2 (]: Opening a new connection, currently in state closed
[0m19:02:16.255601 [debug] [Thread-1 (]: On model.grocery_sales.stg_employees: /* {"app": "dbt", "dbt_version": "1.11.7", "profile_name": "grocery_sales", "target_name": "dev", "node_id": "model.grocery_sales.stg_employees"} */

  create view "grocery_sale"."public_staging"."stg_employees__dbt_tmp"
    
    
  as (
    SELECT
    e.employee_id,
    e.first_name,
    e.middle_initial,
    e.last_name,
    CONCAT(e.first_name, ' ', e.last_name) AS full_name,
    e.birth_date,
    e.gender,
    e.city_id,
    ci.city_name,
    ci.country_id,
    ci.country_name,
    e.hire_date
FROM raw.employees e
  );
[0m19:02:16.255960 [debug] [Thread-1 (]: Opening a new connection, currently in state closed
[0m19:02:16.285970 [debug] [Thread-4 (]: SQL status: CREATE VIEW in 0.097 seconds
[0m19:02:16.286354 [debug] [Thread-3 (]: SQL status: CREATE VIEW in 0.097 seconds
[0m19:02:16.290273 [debug] [Thread-4 (]: Using postgres connection "model.grocery_sales.stg_customers"
[0m19:02:16.292131 [debug] [Thread-3 (]: Using postgres connection "model.grocery_sales.stg_countries"
[0m19:02:16.292377 [debug] [Thread-4 (]: On model.grocery_sales.stg_customers: /* {"app": "dbt", "dbt_version": "1.11.7", "profile_name": "grocery_sales", "target_name": "dev", "node_id": "model.grocery_sales.stg_customers"} */
alter table "grocery_sale"."public_staging"."stg_customers__dbt_tmp" rename to "stg_customers"
[0m19:02:16.292732 [debug] [Thread-3 (]: On model.grocery_sales.stg_countries: /* {"app": "dbt", "dbt_version": "1.11.7", "profile_name": "grocery_sales", "target_name": "dev", "node_id": "model.grocery_sales.stg_countries"} */
alter table "grocery_sale"."public_staging"."stg_countries__dbt_tmp" rename to "stg_countries"
[0m19:02:16.292971 [debug] [Thread-2 (]: SQL status: CREATE VIEW in 0.038 seconds
[0m19:02:16.294532 [debug] [Thread-2 (]: Using postgres connection "model.grocery_sales.stg_products"
[0m19:02:16.294875 [debug] [Thread-3 (]: SQL status: ALTER TABLE in 0.002 seconds
[0m19:02:16.295276 [debug] [Thread-4 (]: SQL status: ALTER TABLE in 0.002 seconds
[0m19:02:16.295571 [debug] [Thread-2 (]: On model.grocery_sales.stg_products: /* {"app": "dbt", "dbt_version": "1.11.7", "profile_name": "grocery_sales", "target_name": "dev", "node_id": "model.grocery_sales.stg_products"} */
alter table "grocery_sale"."public_staging"."stg_products__dbt_tmp" rename to "stg_products"
[0m19:02:16.303499 [debug] [Thread-3 (]: On model.grocery_sales.stg_countries: COMMIT
[0m19:02:16.304915 [debug] [Thread-4 (]: On model.grocery_sales.stg_customers: COMMIT
[0m19:02:16.305172 [debug] [Thread-3 (]: Using postgres connection "model.grocery_sales.stg_countries"
[0m19:02:16.305388 [debug] [Thread-4 (]: Using postgres connection "model.grocery_sales.stg_customers"
[0m19:02:16.305703 [debug] [Thread-2 (]: SQL status: ALTER TABLE in 0.000 seconds
[0m19:02:16.305920 [debug] [Thread-3 (]: On model.grocery_sales.stg_countries: COMMIT
[0m19:02:16.306124 [debug] [Thread-4 (]: On model.grocery_sales.stg_customers: COMMIT
[0m19:02:16.306982 [debug] [Thread-2 (]: On model.grocery_sales.stg_products: COMMIT
[0m19:02:16.307262 [debug] [Thread-2 (]: Using postgres connection "model.grocery_sales.stg_products"
[0m19:02:16.307489 [debug] [Thread-2 (]: On model.grocery_sales.stg_products: COMMIT
[0m19:02:16.308101 [debug] [Thread-3 (]: SQL status: COMMIT in 0.001 seconds
[0m19:02:16.311334 [debug] [Thread-3 (]: Applying DROP to: "grocery_sale"."public_staging"."stg_countries__dbt_backup"
[0m19:02:16.311574 [debug] [Thread-4 (]: SQL status: COMMIT in 0.004 seconds
[0m19:02:16.314288 [debug] [Thread-3 (]: Using postgres connection "model.grocery_sales.stg_countries"
[0m19:02:16.314617 [debug] [Thread-2 (]: SQL status: COMMIT in 0.007 seconds
[0m19:02:16.316441 [debug] [Thread-4 (]: Applying DROP to: "grocery_sale"."public_staging"."stg_customers__dbt_backup"
[0m19:02:16.316649 [debug] [Thread-3 (]: On model.grocery_sales.stg_countries: /* {"app": "dbt", "dbt_version": "1.11.7", "profile_name": "grocery_sales", "target_name": "dev", "node_id": "model.grocery_sales.stg_countries"} */
drop view if exists "grocery_sale"."public_staging"."stg_countries__dbt_backup" cascade
[0m19:02:16.320338 [debug] [Thread-2 (]: Applying DROP to: "grocery_sale"."public_staging"."stg_products__dbt_backup"
[0m19:02:16.320968 [debug] [Thread-4 (]: Using postgres connection "model.grocery_sales.stg_customers"
[0m19:02:16.321549 [debug] [Thread-2 (]: Using postgres connection "model.grocery_sales.stg_products"
[0m19:02:16.321827 [debug] [Thread-4 (]: On model.grocery_sales.stg_customers: /* {"app": "dbt", "dbt_version": "1.11.7", "profile_name": "grocery_sales", "target_name": "dev", "node_id": "model.grocery_sales.stg_customers"} */
drop view if exists "grocery_sale"."public_staging"."stg_customers__dbt_backup" cascade
[0m19:02:16.322129 [debug] [Thread-3 (]: SQL status: DROP VIEW in 0.001 seconds
[0m19:02:16.322506 [debug] [Thread-2 (]: On model.grocery_sales.stg_products: /* {"app": "dbt", "dbt_version": "1.11.7", "profile_name": "grocery_sales", "target_name": "dev", "node_id": "model.grocery_sales.stg_products"} */
drop view if exists "grocery_sale"."public_staging"."stg_products__dbt_backup" cascade
[0m19:02:16.324497 [debug] [Thread-3 (]: On model.grocery_sales.stg_countries: Close
[0m19:02:16.324709 [debug] [Thread-4 (]: SQL status: DROP VIEW in 0.002 seconds
[0m19:02:16.325976 [debug] [Thread-4 (]: On model.grocery_sales.stg_customers: Close
[0m19:02:16.326191 [debug] [Thread-2 (]: SQL status: DROP VIEW in 0.001 seconds
[0m19:02:16.326534 [debug] [Thread-3 (]: Sending event: {'category': 'dbt', 'action': 'run_model', 'label': '1794cf8a-54a2-4b39-a035-54a640df9d4f', 'context': [<snowplow_tracker.self_describing_json.SelfDescribingJson object at 0x000001BE0BA6F110>]}
[0m19:02:16.326992 [debug] [Thread-4 (]: Sending event: {'category': 'dbt', 'action': 'run_model', 'label': '1794cf8a-54a2-4b39-a035-54a640df9d4f', 'context': [<snowplow_tracker.self_describing_json.SelfDescribingJson object at 0x000001BE0B5F4320>]}
[0m19:02:16.328129 [debug] [Thread-2 (]: On model.grocery_sales.stg_products: Close
[0m19:02:16.328795 [info ] [Thread-3 (]: 3 of 17 OK created sql view model public_staging.stg_countries ................. [[32mCREATE VIEW[0m in 0.18s]
[0m19:02:16.329927 [debug] [Thread-2 (]: Sending event: {'category': 'dbt', 'action': 'run_model', 'label': '1794cf8a-54a2-4b39-a035-54a640df9d4f', 'context': [<snowplow_tracker.self_describing_json.SelfDescribingJson object at 0x000001BE0B9D5320>]}
[0m19:02:16.330299 [debug] [Thread-3 (]: Finished running node model.grocery_sales.stg_countries
[0m19:02:16.329440 [info ] [Thread-4 (]: 4 of 17 OK created sql view model public_staging.stg_customers ................. [[32mCREATE VIEW[0m in 0.18s]
[0m19:02:16.330936 [debug] [Thread-3 (]: Began running node model.grocery_sales.stg_sales
[0m19:02:16.330694 [info ] [Thread-2 (]: 6 of 17 OK created sql view model public_staging.stg_products .................. [[32mCREATE VIEW[0m in 0.08s]
[0m19:02:16.331424 [debug] [Thread-4 (]: Finished running node model.grocery_sales.stg_customers
[0m19:02:16.332064 [debug] [Thread-2 (]: Finished running node model.grocery_sales.stg_products
[0m19:02:16.331762 [info ] [Thread-3 (]: 7 of 17 START sql view model public_staging.stg_sales .......................... [RUN]
[0m19:02:16.332359 [debug] [Thread-4 (]: Began running node model.grocery_sales.stg_city_enriched
[0m19:02:16.332717 [debug] [Thread-3 (]: Re-using an available connection from the pool (formerly model.grocery_sales.stg_countries, now model.grocery_sales.stg_sales)
[0m19:02:16.333194 [debug] [Thread-2 (]: Began running node model.grocery_sales.stg_product_enriched
[0m19:02:16.333006 [info ] [Thread-4 (]: 8 of 17 SKIP relation public_staging.stg_city_enriched ......................... [[33mSKIP[0m]
[0m19:02:16.333461 [debug] [Thread-3 (]: Began compiling node model.grocery_sales.stg_sales
[0m19:02:16.333899 [debug] [Thread-4 (]: Finished running node model.grocery_sales.stg_city_enriched
[0m19:02:16.333703 [info ] [Thread-2 (]: 9 of 17 SKIP relation public_staging.stg_product_enriched ...................... [[33mSKIP[0m]
[0m19:02:16.334951 [debug] [Thread-3 (]: Writing injected SQL for node "model.grocery_sales.stg_sales"
[0m19:02:16.335480 [debug] [Thread-2 (]: Finished running node model.grocery_sales.stg_product_enriched
[0m19:02:16.335873 [debug] [Thread-4 (]: Began running node model.grocery_sales.stg_customer_enriched
[0m19:02:16.336328 [info ] [Thread-4 (]: 10 of 17 SKIP relation public_staging.stg_customer_enriched .................... [[33mSKIP[0m]
[0m19:02:16.336817 [debug] [Thread-4 (]: Finished running node model.grocery_sales.stg_customer_enriched
[0m19:02:16.337037 [debug] [Thread-3 (]: Began executing node model.grocery_sales.stg_sales
[0m19:02:16.339070 [debug] [Thread-3 (]: Writing runtime sql for node "model.grocery_sales.stg_sales"
[0m19:02:16.339518 [debug] [Thread-3 (]: Using postgres connection "model.grocery_sales.stg_sales"
[0m19:02:16.339732 [debug] [Thread-3 (]: On model.grocery_sales.stg_sales: /* {"app": "dbt", "dbt_version": "1.11.7", "profile_name": "grocery_sales", "target_name": "dev", "node_id": "model.grocery_sales.stg_sales"} */

  create view "grocery_sale"."public_staging"."stg_sales__dbt_tmp"
    
    
  as (
    select
    sales_id,
    salesperson_id,
    customer_id,
    product_id,
    quantity,
    discount,
    total_price,
    sales_date,
    transaction_number
from raw.sales
  );
[0m19:02:16.339922 [debug] [Thread-3 (]: Opening a new connection, currently in state closed
[0m19:02:16.376145 [debug] [Thread-3 (]: SQL status: CREATE VIEW in 0.036 seconds
[0m19:02:16.378493 [debug] [Thread-3 (]: Using postgres connection "model.grocery_sales.stg_sales"
[0m19:02:16.378746 [debug] [Thread-3 (]: On model.grocery_sales.stg_sales: /* {"app": "dbt", "dbt_version": "1.11.7", "profile_name": "grocery_sales", "target_name": "dev", "node_id": "model.grocery_sales.stg_sales"} */
alter table "grocery_sale"."public_staging"."stg_sales__dbt_tmp" rename to "stg_sales"
[0m19:02:16.379162 [debug] [Thread-3 (]: SQL status: ALTER TABLE in 0.000 seconds
[0m19:02:16.379971 [debug] [Thread-3 (]: On model.grocery_sales.stg_sales: COMMIT
[0m19:02:16.380177 [debug] [Thread-3 (]: Using postgres connection "model.grocery_sales.stg_sales"
[0m19:02:16.380348 [debug] [Thread-3 (]: On model.grocery_sales.stg_sales: COMMIT
[0m19:02:16.381299 [debug] [Thread-3 (]: SQL status: COMMIT in 0.001 seconds
[0m19:02:16.382591 [debug] [Thread-3 (]: Applying DROP to: "grocery_sale"."public_staging"."stg_sales__dbt_backup"
[0m19:02:16.382974 [debug] [Thread-3 (]: Using postgres connection "model.grocery_sales.stg_sales"
[0m19:02:16.383164 [debug] [Thread-3 (]: On model.grocery_sales.stg_sales: /* {"app": "dbt", "dbt_version": "1.11.7", "profile_name": "grocery_sales", "target_name": "dev", "node_id": "model.grocery_sales.stg_sales"} */
drop view if exists "grocery_sale"."public_staging"."stg_sales__dbt_backup" cascade
[0m19:02:16.383713 [debug] [Thread-3 (]: SQL status: DROP VIEW in 0.000 seconds
[0m19:02:16.384619 [debug] [Thread-3 (]: On model.grocery_sales.stg_sales: Close
[0m19:02:16.385006 [debug] [Thread-3 (]: Sending event: {'category': 'dbt', 'action': 'run_model', 'label': '1794cf8a-54a2-4b39-a035-54a640df9d4f', 'context': [<snowplow_tracker.self_describing_json.SelfDescribingJson object at 0x000001BE0AE97A10>]}
[0m19:02:16.385428 [info ] [Thread-3 (]: 7 of 17 OK created sql view model public_staging.stg_sales ..................... [[32mCREATE VIEW[0m in 0.05s]
[0m19:02:16.386104 [debug] [Thread-3 (]: Finished running node model.grocery_sales.stg_sales
[0m19:02:16.392420 [debug] [Thread-1 (]: Postgres adapter: Postgres error: missing FROM-clause entry for table "ci"
LINE 16:     ci.city_name,
             ^

[0m19:02:16.392919 [debug] [Thread-1 (]: On model.grocery_sales.stg_employees: ROLLBACK
[0m19:02:16.393464 [debug] [Thread-1 (]: On model.grocery_sales.stg_employees: Close
[0m19:02:16.396122 [debug] [Thread-1 (]: Database Error in model stg_employees (models\staging\stg_employees.sql)
  missing FROM-clause entry for table "ci"
  LINE 16:     ci.city_name,
               ^
  compiled code at target\run\grocery_sales\models\staging\stg_employees.sql
[0m19:02:16.396456 [debug] [Thread-1 (]: Sending event: {'category': 'dbt', 'action': 'run_model', 'label': '1794cf8a-54a2-4b39-a035-54a640df9d4f', 'context': [<snowplow_tracker.self_describing_json.SelfDescribingJson object at 0x000001BE0B98C050>]}
[0m19:02:16.396835 [error] [Thread-1 (]: 5 of 17 ERROR creating sql view model public_staging.stg_employees ............. [[31mERROR[0m in 0.15s]
[0m19:02:16.397289 [debug] [Thread-1 (]: Finished running node model.grocery_sales.stg_employees
[0m19:02:16.397591 [debug] [Thread-7 (]: Marking all children of 'model.grocery_sales.stg_employees' to be skipped because of status 'error'.  Reason: Database Error in model stg_employees (models\staging\stg_employees.sql)
  missing FROM-clause entry for table "ci"
  LINE 16:     ci.city_name,
               ^
  compiled code at target\run\grocery_sales\models\staging\stg_employees.sql.
[0m19:02:16.398028 [debug] [Thread-2 (]: Began running node model.grocery_sales.stg_employee_enriched
[0m19:02:16.398277 [info ] [Thread-2 (]: 11 of 17 SKIP relation public_staging.stg_employee_enriched .................... [[33mSKIP[0m]
[0m19:02:16.398588 [debug] [Thread-2 (]: Finished running node model.grocery_sales.stg_employee_enriched
[0m19:02:16.398942 [debug] [Thread-4 (]: Began running node model.grocery_sales.int_fact_sales
[0m19:02:16.399179 [info ] [Thread-4 (]: 12 of 17 SKIP relation public_analytics.int_fact_sales ......................... [[33mSKIP[0m]
[0m19:02:16.399714 [debug] [Thread-4 (]: Finished running node model.grocery_sales.int_fact_sales
[0m19:02:16.400305 [debug] [Thread-1 (]: Began running node model.grocery_sales.mart_customer_performance
[0m19:02:16.400535 [debug] [Thread-4 (]: Began running node model.grocery_sales.mart_sales_overview_monthly
[0m19:02:16.400859 [debug] [Thread-3 (]: Began running node model.grocery_sales.mart_category_performance
[0m19:02:16.401109 [debug] [Thread-2 (]: Began running node model.grocery_sales.mart_product_performance
[0m19:02:16.401455 [info ] [Thread-1 (]: 14 of 17 SKIP relation public_mart.mart_customer_performance ................... [[33mSKIP[0m]
[0m19:02:16.401841 [info ] [Thread-4 (]: 16 of 17 SKIP relation public_mart.mart_sales_overview_monthly ................. [[33mSKIP[0m]
[0m19:02:16.402759 [debug] [Thread-1 (]: Finished running node model.grocery_sales.mart_customer_performance
[0m19:02:16.402276 [info ] [Thread-3 (]: 13 of 17 SKIP relation public_mart.mart_category_performance ................... [[33mSKIP[0m]
[0m19:02:16.403041 [debug] [Thread-4 (]: Finished running node model.grocery_sales.mart_sales_overview_monthly
[0m19:02:16.403266 [debug] [Thread-1 (]: Began running node model.grocery_sales.mart_salesperson_performance
[0m19:02:16.403471 [debug] [Thread-3 (]: Finished running node model.grocery_sales.mart_category_performance
[0m19:02:16.402547 [info ] [Thread-2 (]: 15 of 17 SKIP relation public_mart.mart_product_performance .................... [[33mSKIP[0m]
[0m19:02:16.403845 [info ] [Thread-1 (]: 17 of 17 SKIP relation public_mart.mart_salesperson_performance ................ [[33mSKIP[0m]
[0m19:02:16.404311 [debug] [Thread-2 (]: Finished running node model.grocery_sales.mart_product_performance
[0m19:02:16.404579 [debug] [Thread-1 (]: Finished running node model.grocery_sales.mart_salesperson_performance
[0m19:02:16.405445 [debug] [MainThread]: On master: COMMIT
[0m19:02:16.405648 [debug] [MainThread]: Using postgres connection "master"
[0m19:02:16.405801 [debug] [MainThread]: On master: COMMIT
[0m19:02:16.405938 [debug] [MainThread]: Opening a new connection, currently in state closed
[0m19:02:16.436037 [debug] [MainThread]: SQL status: COMMIT in 0.030 seconds
[0m19:02:16.436345 [debug] [MainThread]: On master: Close
[0m19:02:16.436684 [debug] [MainThread]: Connection 'master' was properly closed.
[0m19:02:16.436849 [debug] [MainThread]: Connection 'list_grocery_sale' was properly closed.
[0m19:02:16.437003 [debug] [MainThread]: Connection 'list_grocery_sale' was properly closed.
[0m19:02:16.437122 [debug] [MainThread]: Connection 'list_grocery_sale' was properly closed.
[0m19:02:16.437237 [debug] [MainThread]: Connection 'list_grocery_sale_public_staging' was properly closed.
[0m19:02:16.437351 [debug] [MainThread]: Connection 'list_grocery_sale_public_mart' was properly closed.
[0m19:02:16.437463 [debug] [MainThread]: Connection 'list_grocery_sale_public_analytics' was properly closed.
[0m19:02:16.437577 [debug] [MainThread]: Connection 'model.grocery_sales.stg_customers' was properly closed.
[0m19:02:16.437691 [debug] [MainThread]: Connection 'model.grocery_sales.stg_employees' was properly closed.
[0m19:02:16.437800 [debug] [MainThread]: Connection 'model.grocery_sales.stg_sales' was properly closed.
[0m19:02:16.437907 [debug] [MainThread]: Connection 'model.grocery_sales.stg_products' was properly closed.
[0m19:02:16.438137 [info ] [MainThread]: 
[0m19:02:16.438418 [info ] [MainThread]: Finished running 5 table models, 12 view models in 0 hours 0 minutes and 0.58 seconds (0.58s).
[0m19:02:16.439579 [debug] [MainThread]: Command end result
[0m19:02:16.453073 [debug] [MainThread]: Wrote artifact WritableManifest to E:\Study\Stage\Grocery-Sales-Database\dbt\target\manifest.json
[0m19:02:16.454379 [debug] [MainThread]: Wrote artifact SemanticManifest to E:\Study\Stage\Grocery-Sales-Database\dbt\target\semantic_manifest.json
[0m19:02:16.457987 [debug] [MainThread]: Wrote artifact RunExecutionResult to E:\Study\Stage\Grocery-Sales-Database\dbt\target\run_results.json
[0m19:02:16.458176 [info ] [MainThread]: 
[0m19:02:16.458665 [info ] [MainThread]: [31mCompleted with 3 errors, 0 partial successes, and 0 warnings:[0m
[0m19:02:16.459150 [info ] [MainThread]: 
[0m19:02:16.460004 [error] [MainThread]: [31mFailure in model stg_categories (models\staging\stg_categories.sql)[0m
[0m19:02:16.460403 [error] [MainThread]:   Database Error in model stg_categories (models\staging\stg_categories.sql)
  syntax error at or near ";"
  LINE 10: FROM raw.categories;
                              ^
  compiled code at target\run\grocery_sales\models\staging\stg_categories.sql
[0m19:02:16.460883 [info ] [MainThread]: 
[0m19:02:16.461171 [info ] [MainThread]:   compiled code at target\compiled\grocery_sales\models\staging\stg_categories.sql
[0m19:02:16.461407 [info ] [MainThread]: 
[0m19:02:16.461722 [error] [MainThread]: [31mFailure in model stg_cities (models\staging\stg_cities.sql)[0m
[0m19:02:16.462016 [error] [MainThread]:   Database Error in model stg_cities (models\staging\stg_cities.sql)
  missing FROM-clause entry for table "co"
  LINE 12:     co.country_name,
               ^
  compiled code at target\run\grocery_sales\models\staging\stg_cities.sql
[0m19:02:16.462274 [info ] [MainThread]: 
[0m19:02:16.462511 [info ] [MainThread]:   compiled code at target\compiled\grocery_sales\models\staging\stg_cities.sql
[0m19:02:16.462948 [info ] [MainThread]: 
[0m19:02:16.463280 [error] [MainThread]: [31mFailure in model stg_employees (models\staging\stg_employees.sql)[0m
[0m19:02:16.463656 [error] [MainThread]:   Database Error in model stg_employees (models\staging\stg_employees.sql)
  missing FROM-clause entry for table "ci"
  LINE 16:     ci.city_name,
               ^
  compiled code at target\run\grocery_sales\models\staging\stg_employees.sql
[0m19:02:16.463923 [info ] [MainThread]: 
[0m19:02:16.464197 [info ] [MainThread]:   compiled code at target\compiled\grocery_sales\models\staging\stg_employees.sql
[0m19:02:16.464520 [info ] [MainThread]: 
[0m19:02:16.464981 [info ] [MainThread]: Done. PASS=4 WARN=0 ERROR=3 SKIP=10 NO-OP=0 TOTAL=17
[0m19:02:16.465748 [debug] [MainThread]: Command `dbt run` failed at 19:02:16.465670 after 1.34 seconds
[0m19:02:16.466003 [debug] [MainThread]: Sending event: {'category': 'dbt', 'action': 'invocation', 'label': 'end', 'context': [<snowplow_tracker.self_describing_json.SelfDescribingJson object at 0x000001BE08C1F770>, <snowplow_tracker.self_describing_json.SelfDescribingJson object at 0x000001BE0AE97A10>, <snowplow_tracker.self_describing_json.SelfDescribingJson object at 0x000001BE0AC0EB10>]}
[0m19:02:16.466221 [debug] [MainThread]: Flushing usage events
[0m19:02:17.079499 [debug] [MainThread]: An error was encountered while trying to flush usage events
[0m19:04:18.545201 [debug] [MainThread]: Sending event: {'category': 'dbt', 'action': 'invocation', 'label': 'start', 'context': [<snowplow_tracker.self_describing_json.SelfDescribingJson object at 0x000002046150DFD0>, <snowplow_tracker.self_describing_json.SelfDescribingJson object at 0x000002045F2B8190>, <snowplow_tracker.self_describing_json.SelfDescribingJson object at 0x00000204628CBC50>]}


============================== 19:04:18.548532 | 71b0ab28-a1ad-49d8-af30-f87bcd7fa991 ==============================
[0m19:04:18.548532 [info ] [MainThread]: Running with dbt=1.11.7
[0m19:04:18.549096 [debug] [MainThread]: running dbt with arguments {'static_parser': 'True', 'no_print': 'None', 'version_check': 'True', 'target_path': 'None', 'warn_error_options': 'WarnErrorOptionsV2(error=[], warn=[], silence=[])', 'printer_width': '80', 'write_json': 'True', 'empty': 'False', 'log_cache_events': 'False', 'introspect': 'True', 'cache_selected_only': 'False', 'log_format': 'default', 'debug': 'False', 'fail_fast': 'False', 'partial_parse': 'True', 'send_anonymous_usage_stats': 'True', 'quiet': 'False', 'warn_error': 'None', 'profiles_dir': 'C:\\Users\\Huang\\.dbt', 'invocation_command': 'dbt run', 'use_colors': 'True', 'indirect_selection': 'eager', 'use_experimental_parser': 'False', 'log_path': 'E:\\Study\\Stage\\Grocery-Sales-Database\\dbt\\logs'}
[0m19:04:18.650671 [debug] [MainThread]: Sending event: {'category': 'dbt', 'action': 'project_id', 'label': '71b0ab28-a1ad-49d8-af30-f87bcd7fa991', 'context': [<snowplow_tracker.self_describing_json.SelfDescribingJson object at 0x0000020461BC6FD0>]}
[0m19:04:18.686411 [debug] [MainThread]: Sending event: {'category': 'dbt', 'action': 'adapter_info', 'label': '71b0ab28-a1ad-49d8-af30-f87bcd7fa991', 'context': [<snowplow_tracker.self_describing_json.SelfDescribingJson object at 0x0000020463939590>]}
[0m19:04:18.687449 [info ] [MainThread]: Registered adapter: postgres=1.10.0
[0m19:04:18.785941 [debug] [MainThread]: checksum: b80718358155fc17c3559352095564dd56ada1cc1a1c0ef2e62c857e71583775, vars: {}, profile: , target: , version: 1.11.7
[0m19:04:18.860105 [debug] [MainThread]: Partial parsing enabled: 0 files deleted, 0 files added, 3 files changed.
[0m19:04:18.860462 [debug] [MainThread]: Partial parsing: updated file: grocery_sales://models\staging\stg_cities.sql
[0m19:04:18.860682 [debug] [MainThread]: Partial parsing: updated file: grocery_sales://models\staging\stg_employees.sql
[0m19:04:18.860880 [debug] [MainThread]: Partial parsing: updated file: grocery_sales://models\staging\stg_categories.sql
[0m19:04:19.001703 [debug] [MainThread]: Sending event: {'category': 'dbt', 'action': 'load_project', 'label': '71b0ab28-a1ad-49d8-af30-f87bcd7fa991', 'context': [<snowplow_tracker.self_describing_json.SelfDescribingJson object at 0x0000020463ED9A50>]}
[0m19:04:19.072781 [debug] [MainThread]: Wrote artifact WritableManifest to E:\Study\Stage\Grocery-Sales-Database\dbt\target\manifest.json
[0m19:04:19.074137 [debug] [MainThread]: Wrote artifact SemanticManifest to E:\Study\Stage\Grocery-Sales-Database\dbt\target\semantic_manifest.json
[0m19:04:19.088039 [debug] [MainThread]: Sending event: {'category': 'dbt', 'action': 'resource_counts', 'label': '71b0ab28-a1ad-49d8-af30-f87bcd7fa991', 'context': [<snowplow_tracker.self_describing_json.SelfDescribingJson object at 0x0000020462746990>]}
[0m19:04:19.088286 [info ] [MainThread]: Found 17 models, 7 data tests, 464 macros
[0m19:04:19.088553 [debug] [MainThread]: Sending event: {'category': 'dbt', 'action': 'runnable_timing', 'label': '71b0ab28-a1ad-49d8-af30-f87bcd7fa991', 'context': [<snowplow_tracker.self_describing_json.SelfDescribingJson object at 0x0000020463B0C910>]}
[0m19:04:19.089866 [info ] [MainThread]: 
[0m19:04:19.090200 [info ] [MainThread]: Concurrency: 4 threads (target='dev')
[0m19:04:19.090464 [info ] [MainThread]: 
[0m19:04:19.090861 [debug] [MainThread]: Acquiring new postgres connection 'master'
[0m19:04:19.093723 [debug] [ThreadPool]: Acquiring new postgres connection 'list_grocery_sale'
[0m19:04:19.100551 [debug] [ThreadPool]: Acquiring new postgres connection 'list_grocery_sale'
[0m19:04:19.102495 [debug] [ThreadPool]: Acquiring new postgres connection 'list_grocery_sale'
[0m19:04:19.128386 [debug] [ThreadPool]: Using postgres connection "list_grocery_sale"
[0m19:04:19.128675 [debug] [ThreadPool]: Using postgres connection "list_grocery_sale"
[0m19:04:19.128888 [debug] [ThreadPool]: On list_grocery_sale: /* {"app": "dbt", "dbt_version": "1.11.7", "profile_name": "grocery_sales", "target_name": "dev", "connection_name": "list_grocery_sale"} */

    select distinct nspname from pg_namespace
  
[0m19:04:19.129075 [debug] [ThreadPool]: Using postgres connection "list_grocery_sale"
[0m19:04:19.129260 [debug] [ThreadPool]: On list_grocery_sale: /* {"app": "dbt", "dbt_version": "1.11.7", "profile_name": "grocery_sales", "target_name": "dev", "connection_name": "list_grocery_sale"} */

    select distinct nspname from pg_namespace
  
[0m19:04:19.129441 [debug] [ThreadPool]: Opening a new connection, currently in state init
[0m19:04:19.129614 [debug] [ThreadPool]: On list_grocery_sale: /* {"app": "dbt", "dbt_version": "1.11.7", "profile_name": "grocery_sales", "target_name": "dev", "connection_name": "list_grocery_sale"} */

    select distinct nspname from pg_namespace
  
[0m19:04:19.129777 [debug] [ThreadPool]: Opening a new connection, currently in state init
[0m19:04:19.130116 [debug] [ThreadPool]: Opening a new connection, currently in state init
[0m19:04:19.171841 [debug] [ThreadPool]: SQL status: SELECT 10 in 0.042 seconds
[0m19:04:19.172775 [debug] [ThreadPool]: On list_grocery_sale: Close
[0m19:04:19.173030 [debug] [ThreadPool]: SQL status: SELECT 10 in 0.043 seconds
[0m19:04:19.173718 [debug] [ThreadPool]: On list_grocery_sale: Close
[0m19:04:19.174053 [debug] [ThreadPool]: SQL status: SELECT 10 in 0.044 seconds
[0m19:04:19.175292 [debug] [ThreadPool]: On list_grocery_sale: Close
[0m19:04:19.176702 [debug] [ThreadPool]: Acquiring new postgres connection 'list_grocery_sale_public_staging'
[0m19:04:19.180030 [debug] [ThreadPool]: Using postgres connection "list_grocery_sale_public_staging"
[0m19:04:19.180432 [debug] [ThreadPool]: Acquiring new postgres connection 'list_grocery_sale_public_analytics'
[0m19:04:19.180820 [debug] [ThreadPool]: On list_grocery_sale_public_staging: /* {"app": "dbt", "dbt_version": "1.11.7", "profile_name": "grocery_sales", "target_name": "dev", "connection_name": "list_grocery_sale_public_staging"} */
select
      'grocery_sale' as database,
      tablename as name,
      schemaname as schema,
      'table' as type
    from pg_tables
    where schemaname ilike 'public_staging'
    union all
    select
      'grocery_sale' as database,
      viewname as name,
      schemaname as schema,
      'view' as type
    from pg_views
    where schemaname ilike 'public_staging'
    union all
    select
      'grocery_sale' as database,
      matviewname as name,
      schemaname as schema,
      'materialized_view' as type
    from pg_matviews
    where schemaname ilike 'public_staging'
  
[0m19:04:19.181245 [debug] [ThreadPool]: Acquiring new postgres connection 'list_grocery_sale_public_mart'
[0m19:04:19.182231 [debug] [ThreadPool]: Using postgres connection "list_grocery_sale_public_analytics"
[0m19:04:19.182532 [debug] [ThreadPool]: Opening a new connection, currently in state init
[0m19:04:19.183888 [debug] [ThreadPool]: Using postgres connection "list_grocery_sale_public_mart"
[0m19:04:19.184106 [debug] [ThreadPool]: On list_grocery_sale_public_analytics: /* {"app": "dbt", "dbt_version": "1.11.7", "profile_name": "grocery_sales", "target_name": "dev", "connection_name": "list_grocery_sale_public_analytics"} */
select
      'grocery_sale' as database,
      tablename as name,
      schemaname as schema,
      'table' as type
    from pg_tables
    where schemaname ilike 'public_analytics'
    union all
    select
      'grocery_sale' as database,
      viewname as name,
      schemaname as schema,
      'view' as type
    from pg_views
    where schemaname ilike 'public_analytics'
    union all
    select
      'grocery_sale' as database,
      matviewname as name,
      schemaname as schema,
      'materialized_view' as type
    from pg_matviews
    where schemaname ilike 'public_analytics'
  
[0m19:04:19.184596 [debug] [ThreadPool]: On list_grocery_sale_public_mart: /* {"app": "dbt", "dbt_version": "1.11.7", "profile_name": "grocery_sales", "target_name": "dev", "connection_name": "list_grocery_sale_public_mart"} */
select
      'grocery_sale' as database,
      tablename as name,
      schemaname as schema,
      'table' as type
    from pg_tables
    where schemaname ilike 'public_mart'
    union all
    select
      'grocery_sale' as database,
      viewname as name,
      schemaname as schema,
      'view' as type
    from pg_views
    where schemaname ilike 'public_mart'
    union all
    select
      'grocery_sale' as database,
      matviewname as name,
      schemaname as schema,
      'materialized_view' as type
    from pg_matviews
    where schemaname ilike 'public_mart'
  
[0m19:04:19.184969 [debug] [ThreadPool]: Opening a new connection, currently in state init
[0m19:04:19.185196 [debug] [ThreadPool]: Opening a new connection, currently in state init
[0m19:04:19.220104 [debug] [ThreadPool]: SQL status: SELECT 4 in 0.038 seconds
[0m19:04:19.220983 [debug] [ThreadPool]: On list_grocery_sale_public_staging: ROLLBACK
[0m19:04:19.221287 [debug] [ThreadPool]: SQL status: SELECT 0 in 0.036 seconds
[0m19:04:19.221491 [debug] [ThreadPool]: On list_grocery_sale_public_staging: Close
[0m19:04:19.222132 [debug] [ThreadPool]: On list_grocery_sale_public_analytics: ROLLBACK
[0m19:04:19.223329 [debug] [ThreadPool]: On list_grocery_sale_public_analytics: Close
[0m19:04:19.225439 [debug] [ThreadPool]: SQL status: SELECT 0 in 0.040 seconds
[0m19:04:19.226516 [debug] [ThreadPool]: On list_grocery_sale_public_mart: ROLLBACK
[0m19:04:19.226840 [debug] [ThreadPool]: On list_grocery_sale_public_mart: Close
[0m19:04:19.230007 [debug] [MainThread]: Using postgres connection "master"
[0m19:04:19.230231 [debug] [MainThread]: On master: /* {"app": "dbt", "dbt_version": "1.11.7", "profile_name": "grocery_sales", "target_name": "dev", "connection_name": "master"} */
select distinct
        dependent_namespace.nspname as dependent_schema,
        dependent_class.relname as dependent_name,
        referenced_namespace.nspname as referenced_schema,
        referenced_class.relname as referenced_name

    -- Query for views: views are entries in pg_class with an entry in pg_rewrite, but we avoid
    -- a seq scan on pg_rewrite by leveraging the fact there is an "internal" row in pg_depend for
    -- the view...
    from pg_class as dependent_class
    join pg_namespace as dependent_namespace on dependent_namespace.oid = dependent_class.relnamespace
    join pg_depend as dependent_depend on dependent_depend.refobjid = dependent_class.oid
        and dependent_depend.classid = 'pg_rewrite'::regclass
        and dependent_depend.refclassid = 'pg_class'::regclass
        and dependent_depend.deptype = 'i'

    -- ... and via pg_depend (that has a row per column, hence the need for "distinct" above, and
    -- making sure to exclude the internal row to avoid a view appearing to depend on itself)...
    join pg_depend as joining_depend on joining_depend.objid = dependent_depend.objid
        and joining_depend.classid = 'pg_rewrite'::regclass
        and joining_depend.refclassid = 'pg_class'::regclass
        and joining_depend.refobjid != dependent_depend.refobjid

    -- ... we can find the tables they query from in pg_class, but excluding system tables. Note we
    -- don't need need to exclude _dependent_ system tables, because they only query from other
    -- system tables, and so are automatically excluded by excluding _referenced_ system tables
    join pg_class as referenced_class on referenced_class.oid = joining_depend.refobjid
    join pg_namespace as referenced_namespace on referenced_namespace.oid = referenced_class.relnamespace
        and referenced_namespace.nspname != 'information_schema'
        and referenced_namespace.nspname not like 'pg\_%'

    order by
        dependent_schema, dependent_name, referenced_schema, referenced_name;
[0m19:04:19.230429 [debug] [MainThread]: Opening a new connection, currently in state init
[0m19:04:19.264234 [debug] [MainThread]: SQL status: SELECT 18 in 0.034 seconds
[0m19:04:19.265134 [debug] [MainThread]: Sending event: {'category': 'dbt', 'action': 'runnable_timing', 'label': '71b0ab28-a1ad-49d8-af30-f87bcd7fa991', 'context': [<snowplow_tracker.self_describing_json.SelfDescribingJson object at 0x000002046428D4A0>]}
[0m19:04:19.265408 [debug] [MainThread]: On master: ROLLBACK
[0m19:04:19.265706 [debug] [MainThread]: On master: COMMIT
[0m19:04:19.265894 [debug] [MainThread]: Using postgres connection "master"
[0m19:04:19.266041 [debug] [MainThread]: On master: COMMIT
[0m19:04:19.266337 [debug] [MainThread]: SQL status: COMMIT in 0.000 seconds
[0m19:04:19.266504 [debug] [MainThread]: On master: Close
[0m19:04:19.269204 [debug] [Thread-3 (]: Began running node model.grocery_sales.stg_countries
[0m19:04:19.269448 [debug] [Thread-1 (]: Began running node model.grocery_sales.stg_categories
[0m19:04:19.269679 [debug] [Thread-4 (]: Began running node model.grocery_sales.stg_customers
[0m19:04:19.269890 [debug] [Thread-2 (]: Began running node model.grocery_sales.stg_cities
[0m19:04:19.270177 [info ] [Thread-3 (]: 3 of 17 START sql view model public_staging.stg_countries ...................... [RUN]
[0m19:04:19.270437 [info ] [Thread-1 (]: 1 of 17 START sql view model public_staging.stg_categories ..................... [RUN]
[0m19:04:19.271432 [debug] [Thread-3 (]: Acquiring new postgres connection 'model.grocery_sales.stg_countries'
[0m19:04:19.271715 [debug] [Thread-1 (]: Acquiring new postgres connection 'model.grocery_sales.stg_categories'
[0m19:04:19.270787 [info ] [Thread-4 (]: 4 of 17 START sql view model public_staging.stg_customers ...................... [RUN]
[0m19:04:19.272091 [debug] [Thread-3 (]: Began compiling node model.grocery_sales.stg_countries
[0m19:04:19.272300 [debug] [Thread-1 (]: Began compiling node model.grocery_sales.stg_categories
[0m19:04:19.271016 [info ] [Thread-2 (]: 2 of 17 START sql view model public_staging.stg_cities ......................... [RUN]
[0m19:04:19.272671 [debug] [Thread-4 (]: Acquiring new postgres connection 'model.grocery_sales.stg_customers'
[0m19:04:19.276210 [debug] [Thread-3 (]: Writing injected SQL for node "model.grocery_sales.stg_countries"
[0m19:04:19.277688 [debug] [Thread-1 (]: Writing injected SQL for node "model.grocery_sales.stg_categories"
[0m19:04:19.277998 [debug] [Thread-2 (]: Acquiring new postgres connection 'model.grocery_sales.stg_cities'
[0m19:04:19.278253 [debug] [Thread-4 (]: Began compiling node model.grocery_sales.stg_customers
[0m19:04:19.278610 [debug] [Thread-2 (]: Began compiling node model.grocery_sales.stg_cities
[0m19:04:19.279656 [debug] [Thread-4 (]: Writing injected SQL for node "model.grocery_sales.stg_customers"
[0m19:04:19.280503 [debug] [Thread-2 (]: Writing injected SQL for node "model.grocery_sales.stg_cities"
[0m19:04:19.280928 [debug] [Thread-3 (]: Began executing node model.grocery_sales.stg_countries
[0m19:04:19.281557 [debug] [Thread-1 (]: Began executing node model.grocery_sales.stg_categories
[0m19:04:19.301068 [debug] [Thread-3 (]: Writing runtime sql for node "model.grocery_sales.stg_countries"
[0m19:04:19.303601 [debug] [Thread-1 (]: Writing runtime sql for node "model.grocery_sales.stg_categories"
[0m19:04:19.303883 [debug] [Thread-4 (]: Began executing node model.grocery_sales.stg_customers
[0m19:04:19.304162 [debug] [Thread-2 (]: Began executing node model.grocery_sales.stg_cities
[0m19:04:19.308303 [debug] [Thread-4 (]: Writing runtime sql for node "model.grocery_sales.stg_customers"
[0m19:04:19.309892 [debug] [Thread-2 (]: Writing runtime sql for node "model.grocery_sales.stg_cities"
[0m19:04:19.310227 [debug] [Thread-3 (]: Using postgres connection "model.grocery_sales.stg_countries"
[0m19:04:19.310537 [debug] [Thread-3 (]: On model.grocery_sales.stg_countries: /* {"app": "dbt", "dbt_version": "1.11.7", "profile_name": "grocery_sales", "target_name": "dev", "node_id": "model.grocery_sales.stg_countries"} */

  create view "grocery_sale"."public_staging"."stg_countries__dbt_tmp"
    
    
  as (
    SELECT
    country_id,
    country_name,
    country_code
FROM raw.countries
  );
[0m19:04:19.310802 [debug] [Thread-3 (]: Opening a new connection, currently in state init
[0m19:04:19.311147 [debug] [Thread-4 (]: Using postgres connection "model.grocery_sales.stg_customers"
[0m19:04:19.311367 [debug] [Thread-4 (]: On model.grocery_sales.stg_customers: /* {"app": "dbt", "dbt_version": "1.11.7", "profile_name": "grocery_sales", "target_name": "dev", "node_id": "model.grocery_sales.stg_customers"} */

  create view "grocery_sale"."public_staging"."stg_customers__dbt_tmp"
    
    
  as (
    select
    customer_id,
    first_name,
    middle_initial,
    last_name,
    concat(first_name, ' ', last_name) as full_name,
    city_id,
    address
from raw.customers
  );
[0m19:04:19.311594 [debug] [Thread-2 (]: Using postgres connection "model.grocery_sales.stg_cities"
[0m19:04:19.311828 [debug] [Thread-1 (]: Using postgres connection "model.grocery_sales.stg_categories"
[0m19:04:19.312032 [debug] [Thread-4 (]: Opening a new connection, currently in state init
[0m19:04:19.312249 [debug] [Thread-2 (]: On model.grocery_sales.stg_cities: /* {"app": "dbt", "dbt_version": "1.11.7", "profile_name": "grocery_sales", "target_name": "dev", "node_id": "model.grocery_sales.stg_cities"} */

  create view "grocery_sale"."public_staging"."stg_cities__dbt_tmp"
    
    
  as (
    select
    ci.city_id,
    ci.city_name,
    ci.zipcode,
    ci.country_id,
    co.country_name,
    co.country_code
from raw.cities ci
left join raw.countries co
    on ci.country_id = co.country_id
  );
[0m19:04:19.312472 [debug] [Thread-1 (]: On model.grocery_sales.stg_categories: /* {"app": "dbt", "dbt_version": "1.11.7", "profile_name": "grocery_sales", "target_name": "dev", "node_id": "model.grocery_sales.stg_categories"} */

  create view "grocery_sale"."public_staging"."stg_categories__dbt_tmp"
    
    
  as (
    select
    category_id,
    category_name
from raw.categories
  );
[0m19:04:19.312762 [debug] [Thread-2 (]: Opening a new connection, currently in state init
[0m19:04:19.312965 [debug] [Thread-1 (]: Opening a new connection, currently in state init
[0m19:04:19.347171 [debug] [Thread-3 (]: SQL status: CREATE VIEW in 0.036 seconds
[0m19:04:19.351513 [debug] [Thread-3 (]: Using postgres connection "model.grocery_sales.stg_countries"
[0m19:04:19.351762 [debug] [Thread-3 (]: On model.grocery_sales.stg_countries: /* {"app": "dbt", "dbt_version": "1.11.7", "profile_name": "grocery_sales", "target_name": "dev", "node_id": "model.grocery_sales.stg_countries"} */
alter table "grocery_sale"."public_staging"."stg_countries" rename to "stg_countries__dbt_backup"
[0m19:04:19.352405 [debug] [Thread-3 (]: SQL status: ALTER TABLE in 0.000 seconds
[0m19:04:19.354053 [debug] [Thread-3 (]: Using postgres connection "model.grocery_sales.stg_countries"
[0m19:04:19.354259 [debug] [Thread-3 (]: On model.grocery_sales.stg_countries: /* {"app": "dbt", "dbt_version": "1.11.7", "profile_name": "grocery_sales", "target_name": "dev", "node_id": "model.grocery_sales.stg_countries"} */
alter table "grocery_sale"."public_staging"."stg_countries__dbt_tmp" rename to "stg_countries"
[0m19:04:19.354653 [debug] [Thread-1 (]: SQL status: CREATE VIEW in 0.042 seconds
[0m19:04:19.355152 [debug] [Thread-4 (]: SQL status: CREATE VIEW in 0.043 seconds
[0m19:04:19.355382 [debug] [Thread-2 (]: SQL status: CREATE VIEW in 0.043 seconds
[0m19:04:19.356882 [debug] [Thread-1 (]: Using postgres connection "model.grocery_sales.stg_categories"
[0m19:04:19.357096 [debug] [Thread-3 (]: SQL status: ALTER TABLE in 0.003 seconds
[0m19:04:19.358820 [debug] [Thread-4 (]: Using postgres connection "model.grocery_sales.stg_customers"
[0m19:04:19.360245 [debug] [Thread-2 (]: Using postgres connection "model.grocery_sales.stg_cities"
[0m19:04:19.360612 [debug] [Thread-1 (]: On model.grocery_sales.stg_categories: /* {"app": "dbt", "dbt_version": "1.11.7", "profile_name": "grocery_sales", "target_name": "dev", "node_id": "model.grocery_sales.stg_categories"} */
alter table "grocery_sale"."public_staging"."stg_categories__dbt_tmp" rename to "stg_categories"
[0m19:04:19.370572 [debug] [Thread-3 (]: On model.grocery_sales.stg_countries: COMMIT
[0m19:04:19.370832 [debug] [Thread-4 (]: On model.grocery_sales.stg_customers: /* {"app": "dbt", "dbt_version": "1.11.7", "profile_name": "grocery_sales", "target_name": "dev", "node_id": "model.grocery_sales.stg_customers"} */
alter table "grocery_sale"."public_staging"."stg_customers" rename to "stg_customers__dbt_backup"
[0m19:04:19.371091 [debug] [Thread-2 (]: On model.grocery_sales.stg_cities: /* {"app": "dbt", "dbt_version": "1.11.7", "profile_name": "grocery_sales", "target_name": "dev", "node_id": "model.grocery_sales.stg_cities"} */
alter table "grocery_sale"."public_staging"."stg_cities__dbt_tmp" rename to "stg_cities"
[0m19:04:19.371388 [debug] [Thread-3 (]: Using postgres connection "model.grocery_sales.stg_countries"
[0m19:04:19.371635 [debug] [Thread-1 (]: SQL status: ALTER TABLE in 0.000 seconds
[0m19:04:19.371855 [debug] [Thread-4 (]: SQL status: ALTER TABLE in 0.000 seconds
[0m19:04:19.372133 [debug] [Thread-3 (]: On model.grocery_sales.stg_countries: COMMIT
[0m19:04:19.372362 [debug] [Thread-2 (]: SQL status: ALTER TABLE in 0.000 seconds
[0m19:04:19.373099 [debug] [Thread-1 (]: On model.grocery_sales.stg_categories: COMMIT
[0m19:04:19.374815 [debug] [Thread-4 (]: Using postgres connection "model.grocery_sales.stg_customers"
[0m19:04:19.375602 [debug] [Thread-2 (]: On model.grocery_sales.stg_cities: COMMIT
[0m19:04:19.375845 [debug] [Thread-1 (]: Using postgres connection "model.grocery_sales.stg_categories"
[0m19:04:19.376064 [debug] [Thread-3 (]: SQL status: COMMIT in 0.001 seconds
[0m19:04:19.376313 [debug] [Thread-4 (]: On model.grocery_sales.stg_customers: /* {"app": "dbt", "dbt_version": "1.11.7", "profile_name": "grocery_sales", "target_name": "dev", "node_id": "model.grocery_sales.stg_customers"} */
alter table "grocery_sale"."public_staging"."stg_customers__dbt_tmp" rename to "stg_customers"
[0m19:04:19.376559 [debug] [Thread-2 (]: Using postgres connection "model.grocery_sales.stg_cities"
[0m19:04:19.376786 [debug] [Thread-1 (]: On model.grocery_sales.stg_categories: COMMIT
[0m19:04:19.380049 [debug] [Thread-3 (]: Applying DROP to: "grocery_sale"."public_staging"."stg_countries__dbt_backup"
[0m19:04:19.380326 [debug] [Thread-2 (]: On model.grocery_sales.stg_cities: COMMIT
[0m19:04:19.380549 [debug] [Thread-4 (]: SQL status: ALTER TABLE in 0.000 seconds
[0m19:04:19.383579 [debug] [Thread-3 (]: Using postgres connection "model.grocery_sales.stg_countries"
[0m19:04:19.383854 [debug] [Thread-1 (]: SQL status: COMMIT in 0.003 seconds
[0m19:04:19.385065 [debug] [Thread-4 (]: On model.grocery_sales.stg_customers: COMMIT
[0m19:04:19.385322 [debug] [Thread-2 (]: SQL status: COMMIT in 0.001 seconds
[0m19:04:19.385547 [debug] [Thread-3 (]: On model.grocery_sales.stg_countries: /* {"app": "dbt", "dbt_version": "1.11.7", "profile_name": "grocery_sales", "target_name": "dev", "node_id": "model.grocery_sales.stg_countries"} */
drop view if exists "grocery_sale"."public_staging"."stg_countries__dbt_backup" cascade
[0m19:04:19.386755 [debug] [Thread-1 (]: Applying DROP to: "grocery_sale"."public_staging"."stg_categories__dbt_backup"
[0m19:04:19.387007 [debug] [Thread-4 (]: Using postgres connection "model.grocery_sales.stg_customers"
[0m19:04:19.388099 [debug] [Thread-2 (]: Applying DROP to: "grocery_sale"."public_staging"."stg_cities__dbt_backup"
[0m19:04:19.388607 [debug] [Thread-1 (]: Using postgres connection "model.grocery_sales.stg_categories"
[0m19:04:19.388823 [debug] [Thread-4 (]: On model.grocery_sales.stg_customers: COMMIT
[0m19:04:19.389400 [debug] [Thread-2 (]: Using postgres connection "model.grocery_sales.stg_cities"
[0m19:04:19.389710 [debug] [Thread-1 (]: On model.grocery_sales.stg_categories: /* {"app": "dbt", "dbt_version": "1.11.7", "profile_name": "grocery_sales", "target_name": "dev", "node_id": "model.grocery_sales.stg_categories"} */
drop view if exists "grocery_sale"."public_staging"."stg_categories__dbt_backup" cascade
[0m19:04:19.389971 [debug] [Thread-2 (]: On model.grocery_sales.stg_cities: /* {"app": "dbt", "dbt_version": "1.11.7", "profile_name": "grocery_sales", "target_name": "dev", "node_id": "model.grocery_sales.stg_cities"} */
drop view if exists "grocery_sale"."public_staging"."stg_cities__dbt_backup" cascade
[0m19:04:19.390477 [debug] [Thread-4 (]: SQL status: COMMIT in 0.000 seconds
[0m19:04:19.391734 [debug] [Thread-4 (]: Applying DROP to: "grocery_sale"."public_staging"."stg_customers__dbt_backup"
[0m19:04:19.392138 [debug] [Thread-4 (]: Using postgres connection "model.grocery_sales.stg_customers"
[0m19:04:19.392341 [debug] [Thread-4 (]: On model.grocery_sales.stg_customers: /* {"app": "dbt", "dbt_version": "1.11.7", "profile_name": "grocery_sales", "target_name": "dev", "node_id": "model.grocery_sales.stg_customers"} */
drop view if exists "grocery_sale"."public_staging"."stg_customers__dbt_backup" cascade
[0m19:04:19.392613 [debug] [Thread-2 (]: SQL status: DROP VIEW in 0.002 seconds
[0m19:04:19.394001 [debug] [Thread-2 (]: On model.grocery_sales.stg_cities: Close
[0m19:04:19.394374 [debug] [Thread-3 (]: SQL status: DROP VIEW in 0.006 seconds
[0m19:04:19.394729 [debug] [Thread-1 (]: SQL status: DROP VIEW in 0.005 seconds
[0m19:04:19.395712 [debug] [Thread-4 (]: SQL status: DROP VIEW in 0.003 seconds
[0m19:04:19.396631 [debug] [Thread-3 (]: On model.grocery_sales.stg_countries: Close
[0m19:04:19.397358 [debug] [Thread-1 (]: On model.grocery_sales.stg_categories: Close
[0m19:04:19.398067 [debug] [Thread-4 (]: On model.grocery_sales.stg_customers: Close
[0m19:04:19.398671 [debug] [Thread-2 (]: Sending event: {'category': 'dbt', 'action': 'run_model', 'label': '71b0ab28-a1ad-49d8-af30-f87bcd7fa991', 'context': [<snowplow_tracker.self_describing_json.SelfDescribingJson object at 0x0000020464359D90>]}
[0m19:04:19.398909 [debug] [Thread-3 (]: Sending event: {'category': 'dbt', 'action': 'run_model', 'label': '71b0ab28-a1ad-49d8-af30-f87bcd7fa991', 'context': [<snowplow_tracker.self_describing_json.SelfDescribingJson object at 0x00000204640D1E90>]}
[0m19:04:19.399181 [debug] [Thread-4 (]: Sending event: {'category': 'dbt', 'action': 'run_model', 'label': '71b0ab28-a1ad-49d8-af30-f87bcd7fa991', 'context': [<snowplow_tracker.self_describing_json.SelfDescribingJson object at 0x00000204640D1F40>]}
[0m19:04:19.399855 [debug] [Thread-1 (]: Sending event: {'category': 'dbt', 'action': 'run_model', 'label': '71b0ab28-a1ad-49d8-af30-f87bcd7fa991', 'context': [<snowplow_tracker.self_describing_json.SelfDescribingJson object at 0x0000020461B86490>]}
[0m19:04:19.399577 [info ] [Thread-2 (]: 2 of 17 OK created sql view model public_staging.stg_cities .................... [[32mCREATE VIEW[0m in 0.12s]
[0m19:04:19.400538 [info ] [Thread-3 (]: 3 of 17 OK created sql view model public_staging.stg_countries ................. [[32mCREATE VIEW[0m in 0.13s]
[0m19:04:19.401612 [debug] [Thread-2 (]: Finished running node model.grocery_sales.stg_cities
[0m19:04:19.401938 [debug] [Thread-3 (]: Finished running node model.grocery_sales.stg_countries
[0m19:04:19.400877 [info ] [Thread-4 (]: 4 of 17 OK created sql view model public_staging.stg_customers ................. [[32mCREATE VIEW[0m in 0.13s]
[0m19:04:19.402243 [debug] [Thread-2 (]: Began running node model.grocery_sales.stg_products
[0m19:04:19.401271 [info ] [Thread-1 (]: 1 of 17 OK created sql view model public_staging.stg_categories ................ [[32mCREATE VIEW[0m in 0.13s]
[0m19:04:19.402587 [debug] [Thread-3 (]: Began running node model.grocery_sales.stg_sales
[0m19:04:19.403055 [debug] [Thread-4 (]: Finished running node model.grocery_sales.stg_customers
[0m19:04:19.403741 [debug] [Thread-1 (]: Finished running node model.grocery_sales.stg_categories
[0m19:04:19.403360 [info ] [Thread-2 (]: 5 of 17 START sql view model public_staging.stg_products ....................... [RUN]
[0m19:04:19.404303 [debug] [Thread-4 (]: Began running node model.grocery_sales.stg_employees
[0m19:04:19.404083 [info ] [Thread-3 (]: 6 of 17 START sql view model public_staging.stg_sales .......................... [RUN]
[0m19:04:19.404672 [debug] [Thread-1 (]: Began running node model.grocery_sales.stg_city_enriched
[0m19:04:19.404990 [debug] [Thread-2 (]: Re-using an available connection from the pool (formerly model.grocery_sales.stg_cities, now model.grocery_sales.stg_products)
[0m19:04:19.405283 [info ] [Thread-4 (]: 7 of 17 START sql view model public_staging.stg_employees ...................... [RUN]
[0m19:04:19.405698 [debug] [Thread-3 (]: Re-using an available connection from the pool (formerly model.grocery_sales.stg_countries, now model.grocery_sales.stg_sales)
[0m19:04:19.406215 [debug] [Thread-2 (]: Began compiling node model.grocery_sales.stg_products
[0m19:04:19.405993 [info ] [Thread-1 (]: 8 of 17 START sql view model public_staging.stg_city_enriched .................. [RUN]
[0m19:04:19.406511 [debug] [Thread-4 (]: Re-using an available connection from the pool (formerly model.grocery_sales.stg_customers, now model.grocery_sales.stg_employees)
[0m19:04:19.406733 [debug] [Thread-3 (]: Began compiling node model.grocery_sales.stg_sales
[0m19:04:19.407691 [debug] [Thread-2 (]: Writing injected SQL for node "model.grocery_sales.stg_products"
[0m19:04:19.407924 [debug] [Thread-1 (]: Re-using an available connection from the pool (formerly model.grocery_sales.stg_categories, now model.grocery_sales.stg_city_enriched)
[0m19:04:19.408134 [debug] [Thread-4 (]: Began compiling node model.grocery_sales.stg_employees
[0m19:04:19.408959 [debug] [Thread-3 (]: Writing injected SQL for node "model.grocery_sales.stg_sales"
[0m19:04:19.409242 [debug] [Thread-1 (]: Began compiling node model.grocery_sales.stg_city_enriched
[0m19:04:19.411045 [debug] [Thread-4 (]: Writing injected SQL for node "model.grocery_sales.stg_employees"
[0m19:04:19.411527 [debug] [Thread-2 (]: Began executing node model.grocery_sales.stg_products
[0m19:04:19.413056 [debug] [Thread-1 (]: Writing injected SQL for node "model.grocery_sales.stg_city_enriched"
[0m19:04:19.415112 [debug] [Thread-2 (]: Writing runtime sql for node "model.grocery_sales.stg_products"
[0m19:04:19.415702 [debug] [Thread-3 (]: Began executing node model.grocery_sales.stg_sales
[0m19:04:19.417382 [debug] [Thread-3 (]: Writing runtime sql for node "model.grocery_sales.stg_sales"
[0m19:04:19.417739 [debug] [Thread-4 (]: Began executing node model.grocery_sales.stg_employees
[0m19:04:19.419655 [debug] [Thread-4 (]: Writing runtime sql for node "model.grocery_sales.stg_employees"
[0m19:04:19.419972 [debug] [Thread-2 (]: Using postgres connection "model.grocery_sales.stg_products"
[0m19:04:19.420207 [debug] [Thread-2 (]: On model.grocery_sales.stg_products: /* {"app": "dbt", "dbt_version": "1.11.7", "profile_name": "grocery_sales", "target_name": "dev", "node_id": "model.grocery_sales.stg_products"} */

  create view "grocery_sale"."public_staging"."stg_products__dbt_tmp"
    
    
  as (
    select
    product_id,
    product_name,
    price,
    category_id,
    class,
    modify_date,
    resistant,
    is_allergic,
    vitality_days
from raw.products
  );
[0m19:04:19.420412 [debug] [Thread-2 (]: Opening a new connection, currently in state closed
[0m19:04:19.420736 [debug] [Thread-1 (]: Began executing node model.grocery_sales.stg_city_enriched
[0m19:04:19.422395 [debug] [Thread-1 (]: Writing runtime sql for node "model.grocery_sales.stg_city_enriched"
[0m19:04:19.422756 [debug] [Thread-3 (]: Using postgres connection "model.grocery_sales.stg_sales"
[0m19:04:19.422979 [debug] [Thread-3 (]: On model.grocery_sales.stg_sales: /* {"app": "dbt", "dbt_version": "1.11.7", "profile_name": "grocery_sales", "target_name": "dev", "node_id": "model.grocery_sales.stg_sales"} */

  create view "grocery_sale"."public_staging"."stg_sales__dbt_tmp"
    
    
  as (
    select
    sales_id,
    salesperson_id,
    customer_id,
    product_id,
    quantity,
    discount,
    total_price,
    sales_date,
    transaction_number
from raw.sales
  );
[0m19:04:19.423166 [debug] [Thread-3 (]: Opening a new connection, currently in state closed
[0m19:04:19.423450 [debug] [Thread-4 (]: Using postgres connection "model.grocery_sales.stg_employees"
[0m19:04:19.423699 [debug] [Thread-4 (]: On model.grocery_sales.stg_employees: /* {"app": "dbt", "dbt_version": "1.11.7", "profile_name": "grocery_sales", "target_name": "dev", "node_id": "model.grocery_sales.stg_employees"} */

  create view "grocery_sale"."public_staging"."stg_employees__dbt_tmp"
    
    
  as (
    select
    e.employee_id,
    e.first_name,
    e.middle_initial,
    e.last_name,
    concat(e.first_name, ' ', e.last_name) as full_name,
    e.birth_date,
    e.gender,
    e.city_id,
    ci.city_name,
    ci.country_id,
    ci.country_name,
    e.hire_date
from raw.employees e
left join "grocery_sale"."public_staging"."stg_cities" ci
    on e.city_id = ci.city_id
  );
[0m19:04:19.423986 [debug] [Thread-4 (]: Opening a new connection, currently in state closed
[0m19:04:19.424296 [debug] [Thread-1 (]: Using postgres connection "model.grocery_sales.stg_city_enriched"
[0m19:04:19.424513 [debug] [Thread-1 (]: On model.grocery_sales.stg_city_enriched: /* {"app": "dbt", "dbt_version": "1.11.7", "profile_name": "grocery_sales", "target_name": "dev", "node_id": "model.grocery_sales.stg_city_enriched"} */

  create view "grocery_sale"."public_staging"."stg_city_enriched__dbt_tmp"
    
    
  as (
    select
    ci.city_id,
    ci.city_name,
    ci.zipcode,
    ci.country_id,
    co.country_name,
    co.country_code
from "grocery_sale"."public_staging"."stg_cities" ci
left join "grocery_sale"."public_staging"."stg_countries" co
    on ci.country_id = co.country_id
  );
[0m19:04:19.424695 [debug] [Thread-1 (]: Opening a new connection, currently in state closed
[0m19:04:19.455332 [debug] [Thread-2 (]: SQL status: CREATE VIEW in 0.035 seconds
[0m19:04:19.457618 [debug] [Thread-2 (]: Using postgres connection "model.grocery_sales.stg_products"
[0m19:04:19.457876 [debug] [Thread-2 (]: On model.grocery_sales.stg_products: /* {"app": "dbt", "dbt_version": "1.11.7", "profile_name": "grocery_sales", "target_name": "dev", "node_id": "model.grocery_sales.stg_products"} */
alter table "grocery_sale"."public_staging"."stg_products" rename to "stg_products__dbt_backup"
[0m19:04:19.458512 [debug] [Thread-2 (]: SQL status: ALTER TABLE in 0.000 seconds
[0m19:04:19.460020 [debug] [Thread-2 (]: Using postgres connection "model.grocery_sales.stg_products"
[0m19:04:19.460222 [debug] [Thread-2 (]: On model.grocery_sales.stg_products: /* {"app": "dbt", "dbt_version": "1.11.7", "profile_name": "grocery_sales", "target_name": "dev", "node_id": "model.grocery_sales.stg_products"} */
alter table "grocery_sale"."public_staging"."stg_products__dbt_tmp" rename to "stg_products"
[0m19:04:19.460904 [debug] [Thread-2 (]: SQL status: ALTER TABLE in 0.000 seconds
[0m19:04:19.462196 [debug] [Thread-2 (]: On model.grocery_sales.stg_products: COMMIT
[0m19:04:19.462395 [debug] [Thread-2 (]: Using postgres connection "model.grocery_sales.stg_products"
[0m19:04:19.462576 [debug] [Thread-2 (]: On model.grocery_sales.stg_products: COMMIT
[0m19:04:19.463517 [debug] [Thread-2 (]: SQL status: COMMIT in 0.001 seconds
[0m19:04:19.464759 [debug] [Thread-2 (]: Applying DROP to: "grocery_sale"."public_staging"."stg_products__dbt_backup"
[0m19:04:19.465176 [debug] [Thread-2 (]: Using postgres connection "model.grocery_sales.stg_products"
[0m19:04:19.465387 [debug] [Thread-3 (]: SQL status: CREATE VIEW in 0.042 seconds
[0m19:04:19.465617 [debug] [Thread-2 (]: On model.grocery_sales.stg_products: /* {"app": "dbt", "dbt_version": "1.11.7", "profile_name": "grocery_sales", "target_name": "dev", "node_id": "model.grocery_sales.stg_products"} */
drop view if exists "grocery_sale"."public_staging"."stg_products__dbt_backup" cascade
[0m19:04:19.467307 [debug] [Thread-3 (]: Using postgres connection "model.grocery_sales.stg_sales"
[0m19:04:19.467550 [debug] [Thread-1 (]: SQL status: CREATE VIEW in 0.043 seconds
[0m19:04:19.467798 [debug] [Thread-3 (]: On model.grocery_sales.stg_sales: /* {"app": "dbt", "dbt_version": "1.11.7", "profile_name": "grocery_sales", "target_name": "dev", "node_id": "model.grocery_sales.stg_sales"} */
alter table "grocery_sale"."public_staging"."stg_sales" rename to "stg_sales__dbt_backup"
[0m19:04:19.469392 [debug] [Thread-1 (]: Using postgres connection "model.grocery_sales.stg_city_enriched"
[0m19:04:19.469645 [debug] [Thread-2 (]: SQL status: DROP VIEW in 0.002 seconds
[0m19:04:19.469876 [debug] [Thread-1 (]: On model.grocery_sales.stg_city_enriched: /* {"app": "dbt", "dbt_version": "1.11.7", "profile_name": "grocery_sales", "target_name": "dev", "node_id": "model.grocery_sales.stg_city_enriched"} */
alter table "grocery_sale"."public_staging"."stg_city_enriched__dbt_tmp" rename to "stg_city_enriched"
[0m19:04:19.470072 [debug] [Thread-3 (]: SQL status: ALTER TABLE in 0.000 seconds
[0m19:04:19.470745 [debug] [Thread-2 (]: On model.grocery_sales.stg_products: Close
[0m19:04:19.472943 [debug] [Thread-3 (]: Using postgres connection "model.grocery_sales.stg_sales"
[0m19:04:19.473175 [debug] [Thread-4 (]: SQL status: CREATE VIEW in 0.049 seconds
[0m19:04:19.473368 [debug] [Thread-1 (]: SQL status: ALTER TABLE in 0.002 seconds
[0m19:04:19.473822 [debug] [Thread-2 (]: Sending event: {'category': 'dbt', 'action': 'run_model', 'label': '71b0ab28-a1ad-49d8-af30-f87bcd7fa991', 'context': [<snowplow_tracker.self_describing_json.SelfDescribingJson object at 0x0000020464430280>]}
[0m19:04:19.474136 [debug] [Thread-3 (]: On model.grocery_sales.stg_sales: /* {"app": "dbt", "dbt_version": "1.11.7", "profile_name": "grocery_sales", "target_name": "dev", "node_id": "model.grocery_sales.stg_sales"} */
alter table "grocery_sale"."public_staging"."stg_sales__dbt_tmp" rename to "stg_sales"
[0m19:04:19.475749 [debug] [Thread-4 (]: Using postgres connection "model.grocery_sales.stg_employees"
[0m19:04:19.476550 [debug] [Thread-1 (]: On model.grocery_sales.stg_city_enriched: COMMIT
[0m19:04:19.477355 [debug] [Thread-4 (]: On model.grocery_sales.stg_employees: /* {"app": "dbt", "dbt_version": "1.11.7", "profile_name": "grocery_sales", "target_name": "dev", "node_id": "model.grocery_sales.stg_employees"} */
alter table "grocery_sale"."public_staging"."stg_employees__dbt_tmp" rename to "stg_employees"
[0m19:04:19.477794 [debug] [Thread-1 (]: Using postgres connection "model.grocery_sales.stg_city_enriched"
[0m19:04:19.478011 [debug] [Thread-3 (]: SQL status: ALTER TABLE in 0.001 seconds
[0m19:04:19.476947 [info ] [Thread-2 (]: 5 of 17 OK created sql view model public_staging.stg_products .................. [[32mCREATE VIEW[0m in 0.07s]
[0m19:04:19.478330 [debug] [Thread-1 (]: On model.grocery_sales.stg_city_enriched: COMMIT
[0m19:04:19.479128 [debug] [Thread-3 (]: On model.grocery_sales.stg_sales: COMMIT
[0m19:04:19.479461 [debug] [Thread-2 (]: Finished running node model.grocery_sales.stg_products
[0m19:04:19.479700 [debug] [Thread-4 (]: SQL status: ALTER TABLE in 0.001 seconds
[0m19:04:19.479930 [debug] [Thread-3 (]: Using postgres connection "model.grocery_sales.stg_sales"
[0m19:04:19.480499 [debug] [Thread-1 (]: SQL status: COMMIT in 0.000 seconds
[0m19:04:19.481869 [debug] [Thread-4 (]: On model.grocery_sales.stg_employees: COMMIT
[0m19:04:19.482222 [debug] [Thread-2 (]: Began running node model.grocery_sales.stg_product_enriched
[0m19:04:19.482755 [debug] [Thread-3 (]: On model.grocery_sales.stg_sales: COMMIT
[0m19:04:19.483942 [debug] [Thread-1 (]: Applying DROP to: "grocery_sale"."public_staging"."stg_city_enriched__dbt_backup"
[0m19:04:19.484183 [debug] [Thread-4 (]: Using postgres connection "model.grocery_sales.stg_employees"
[0m19:04:19.484914 [debug] [Thread-1 (]: Using postgres connection "model.grocery_sales.stg_city_enriched"
[0m19:04:19.484496 [info ] [Thread-2 (]: 9 of 17 START sql view model public_staging.stg_product_enriched ............... [RUN]
[0m19:04:19.485395 [debug] [Thread-3 (]: SQL status: COMMIT in 0.001 seconds
[0m19:04:19.485785 [debug] [Thread-4 (]: On model.grocery_sales.stg_employees: COMMIT
[0m19:04:19.486009 [debug] [Thread-1 (]: On model.grocery_sales.stg_city_enriched: /* {"app": "dbt", "dbt_version": "1.11.7", "profile_name": "grocery_sales", "target_name": "dev", "node_id": "model.grocery_sales.stg_city_enriched"} */
drop view if exists "grocery_sale"."public_staging"."stg_city_enriched__dbt_backup" cascade
[0m19:04:19.486246 [debug] [Thread-2 (]: Re-using an available connection from the pool (formerly model.grocery_sales.stg_products, now model.grocery_sales.stg_product_enriched)
[0m19:04:19.490868 [debug] [Thread-3 (]: Applying DROP to: "grocery_sale"."public_staging"."stg_sales__dbt_backup"
[0m19:04:19.491341 [debug] [Thread-2 (]: Began compiling node model.grocery_sales.stg_product_enriched
[0m19:04:19.491807 [debug] [Thread-4 (]: SQL status: COMMIT in 0.001 seconds
[0m19:04:19.492211 [debug] [Thread-3 (]: Using postgres connection "model.grocery_sales.stg_sales"
[0m19:04:19.492412 [debug] [Thread-1 (]: SQL status: DROP VIEW in 0.001 seconds
[0m19:04:19.493936 [debug] [Thread-2 (]: Writing injected SQL for node "model.grocery_sales.stg_product_enriched"
[0m19:04:19.495641 [debug] [Thread-4 (]: Applying DROP to: "grocery_sale"."public_staging"."stg_employees__dbt_backup"
[0m19:04:19.496029 [debug] [Thread-3 (]: On model.grocery_sales.stg_sales: /* {"app": "dbt", "dbt_version": "1.11.7", "profile_name": "grocery_sales", "target_name": "dev", "node_id": "model.grocery_sales.stg_sales"} */
drop view if exists "grocery_sale"."public_staging"."stg_sales__dbt_backup" cascade
[0m19:04:19.497210 [debug] [Thread-1 (]: On model.grocery_sales.stg_city_enriched: Close
[0m19:04:19.497687 [debug] [Thread-4 (]: Using postgres connection "model.grocery_sales.stg_employees"
[0m19:04:19.497995 [debug] [Thread-4 (]: On model.grocery_sales.stg_employees: /* {"app": "dbt", "dbt_version": "1.11.7", "profile_name": "grocery_sales", "target_name": "dev", "node_id": "model.grocery_sales.stg_employees"} */
drop view if exists "grocery_sale"."public_staging"."stg_employees__dbt_backup" cascade
[0m19:04:19.498324 [debug] [Thread-1 (]: Sending event: {'category': 'dbt', 'action': 'run_model', 'label': '71b0ab28-a1ad-49d8-af30-f87bcd7fa991', 'context': [<snowplow_tracker.self_describing_json.SelfDescribingJson object at 0x00000204644657F0>]}
[0m19:04:19.498942 [debug] [Thread-2 (]: Began executing node model.grocery_sales.stg_product_enriched
[0m19:04:19.498731 [info ] [Thread-1 (]: 8 of 17 OK created sql view model public_staging.stg_city_enriched ............. [[32mCREATE VIEW[0m in 0.09s]
[0m19:04:19.499227 [debug] [Thread-3 (]: SQL status: DROP VIEW in 0.001 seconds
[0m19:04:19.500942 [debug] [Thread-2 (]: Writing runtime sql for node "model.grocery_sales.stg_product_enriched"
[0m19:04:19.501174 [debug] [Thread-4 (]: SQL status: DROP VIEW in 0.003 seconds
[0m19:04:19.501493 [debug] [Thread-1 (]: Finished running node model.grocery_sales.stg_city_enriched
[0m19:04:19.502227 [debug] [Thread-3 (]: On model.grocery_sales.stg_sales: Close
[0m19:04:19.503236 [debug] [Thread-4 (]: On model.grocery_sales.stg_employees: Close
[0m19:04:19.503973 [debug] [Thread-3 (]: Sending event: {'category': 'dbt', 'action': 'run_model', 'label': '71b0ab28-a1ad-49d8-af30-f87bcd7fa991', 'context': [<snowplow_tracker.self_describing_json.SelfDescribingJson object at 0x0000020464467590>]}
[0m19:04:19.504236 [debug] [Thread-2 (]: Using postgres connection "model.grocery_sales.stg_product_enriched"
[0m19:04:19.504516 [debug] [Thread-4 (]: Sending event: {'category': 'dbt', 'action': 'run_model', 'label': '71b0ab28-a1ad-49d8-af30-f87bcd7fa991', 'context': [<snowplow_tracker.self_describing_json.SelfDescribingJson object at 0x0000020464467530>]}
[0m19:04:19.504752 [debug] [Thread-1 (]: Began running node model.grocery_sales.stg_customer_enriched
[0m19:04:19.505107 [info ] [Thread-3 (]: 6 of 17 OK created sql view model public_staging.stg_sales ..................... [[32mCREATE VIEW[0m in 0.10s]
[0m19:04:19.505445 [debug] [Thread-2 (]: On model.grocery_sales.stg_product_enriched: /* {"app": "dbt", "dbt_version": "1.11.7", "profile_name": "grocery_sales", "target_name": "dev", "node_id": "model.grocery_sales.stg_product_enriched"} */

  create view "grocery_sale"."public_staging"."stg_product_enriched__dbt_tmp"
    
    
  as (
    select
    p.product_id,
    p.product_name,
    p.price,
    p.category_id,
    c.category_name,
    p.class,
    p.modify_date,
    p.resistant,
    p.is_allergic,
    p.vitality_days
from "grocery_sale"."public_staging"."stg_products" p
left join "grocery_sale"."public_staging"."stg_categories" c
    on p.category_id = c.category_id
  );
[0m19:04:19.505827 [info ] [Thread-4 (]: 7 of 17 OK created sql view model public_staging.stg_employees ................. [[32mCREATE VIEW[0m in 0.10s]
[0m19:04:19.506459 [debug] [Thread-3 (]: Finished running node model.grocery_sales.stg_sales
[0m19:04:19.506104 [info ] [Thread-1 (]: 10 of 17 START sql view model public_staging.stg_customer_enriched ............. [RUN]
[0m19:04:19.506733 [debug] [Thread-2 (]: Opening a new connection, currently in state closed
[0m19:04:19.507339 [debug] [Thread-4 (]: Finished running node model.grocery_sales.stg_employees
[0m19:04:19.507888 [debug] [Thread-1 (]: Re-using an available connection from the pool (formerly model.grocery_sales.stg_city_enriched, now model.grocery_sales.stg_customer_enriched)
[0m19:04:19.508391 [debug] [Thread-1 (]: Began compiling node model.grocery_sales.stg_customer_enriched
[0m19:04:19.510289 [debug] [Thread-1 (]: Writing injected SQL for node "model.grocery_sales.stg_customer_enriched"
[0m19:04:19.510585 [debug] [Thread-3 (]: Began running node model.grocery_sales.stg_employee_enriched
[0m19:04:19.510906 [info ] [Thread-3 (]: 11 of 17 START sql view model public_staging.stg_employee_enriched ............. [RUN]
[0m19:04:19.511569 [debug] [Thread-1 (]: Began executing node model.grocery_sales.stg_customer_enriched
[0m19:04:19.511985 [debug] [Thread-3 (]: Re-using an available connection from the pool (formerly model.grocery_sales.stg_sales, now model.grocery_sales.stg_employee_enriched)
[0m19:04:19.514048 [debug] [Thread-1 (]: Writing runtime sql for node "model.grocery_sales.stg_customer_enriched"
[0m19:04:19.514293 [debug] [Thread-3 (]: Began compiling node model.grocery_sales.stg_employee_enriched
[0m19:04:19.516016 [debug] [Thread-3 (]: Writing injected SQL for node "model.grocery_sales.stg_employee_enriched"
[0m19:04:19.516568 [debug] [Thread-1 (]: Using postgres connection "model.grocery_sales.stg_customer_enriched"
[0m19:04:19.516811 [debug] [Thread-3 (]: Began executing node model.grocery_sales.stg_employee_enriched
[0m19:04:19.517052 [debug] [Thread-1 (]: On model.grocery_sales.stg_customer_enriched: /* {"app": "dbt", "dbt_version": "1.11.7", "profile_name": "grocery_sales", "target_name": "dev", "node_id": "model.grocery_sales.stg_customer_enriched"} */

  create view "grocery_sale"."public_staging"."stg_customer_enriched__dbt_tmp"
    
    
  as (
    select
    cu.customer_id,
    cu.first_name,
    cu.middle_initial,
    cu.last_name,
    cu.full_name,
    cu.address,
    cu.city_id,
    ci.city_name,
    ci.country_id,
    ci.country_name
from "grocery_sale"."public_staging"."stg_customers" cu
left join "grocery_sale"."public_staging"."stg_city_enriched" ci
    on cu.city_id = ci.city_id
  );
[0m19:04:19.519959 [debug] [Thread-3 (]: Writing runtime sql for node "model.grocery_sales.stg_employee_enriched"
[0m19:04:19.520345 [debug] [Thread-1 (]: Opening a new connection, currently in state closed
[0m19:04:19.522102 [debug] [Thread-3 (]: Using postgres connection "model.grocery_sales.stg_employee_enriched"
[0m19:04:19.522328 [debug] [Thread-3 (]: On model.grocery_sales.stg_employee_enriched: /* {"app": "dbt", "dbt_version": "1.11.7", "profile_name": "grocery_sales", "target_name": "dev", "node_id": "model.grocery_sales.stg_employee_enriched"} */

  create view "grocery_sale"."public_staging"."stg_employee_enriched__dbt_tmp"
    
    
  as (
    select
    e.employee_id,
    e.first_name,
    e.middle_initial,
    e.last_name,
    concat(e.first_name, ' ', e.last_name) as full_name,
    e.birth_date,
    e.gender,
    e.city_id,
    ci.city_name,
    ci.country_id,
    ci.country_name,
    e.hire_date
from "grocery_sale"."public_staging"."stg_employees" e
left join "grocery_sale"."public_staging"."stg_city_enriched" ci
    on e.city_id = ci.city_id
  );
[0m19:04:19.522536 [debug] [Thread-3 (]: Opening a new connection, currently in state closed
[0m19:04:19.542598 [debug] [Thread-2 (]: SQL status: CREATE VIEW in 0.036 seconds
[0m19:04:19.544534 [debug] [Thread-2 (]: Using postgres connection "model.grocery_sales.stg_product_enriched"
[0m19:04:19.544768 [debug] [Thread-2 (]: On model.grocery_sales.stg_product_enriched: /* {"app": "dbt", "dbt_version": "1.11.7", "profile_name": "grocery_sales", "target_name": "dev", "node_id": "model.grocery_sales.stg_product_enriched"} */
alter table "grocery_sale"."public_staging"."stg_product_enriched__dbt_tmp" rename to "stg_product_enriched"
[0m19:04:19.545431 [debug] [Thread-2 (]: SQL status: ALTER TABLE in 0.000 seconds
[0m19:04:19.546753 [debug] [Thread-2 (]: On model.grocery_sales.stg_product_enriched: COMMIT
[0m19:04:19.547022 [debug] [Thread-2 (]: Using postgres connection "model.grocery_sales.stg_product_enriched"
[0m19:04:19.547206 [debug] [Thread-2 (]: On model.grocery_sales.stg_product_enriched: COMMIT
[0m19:04:19.548137 [debug] [Thread-2 (]: SQL status: COMMIT in 0.001 seconds
[0m19:04:19.549487 [debug] [Thread-2 (]: Applying DROP to: "grocery_sale"."public_staging"."stg_product_enriched__dbt_backup"
[0m19:04:19.550148 [debug] [Thread-2 (]: Using postgres connection "model.grocery_sales.stg_product_enriched"
[0m19:04:19.550409 [debug] [Thread-2 (]: On model.grocery_sales.stg_product_enriched: /* {"app": "dbt", "dbt_version": "1.11.7", "profile_name": "grocery_sales", "target_name": "dev", "node_id": "model.grocery_sales.stg_product_enriched"} */
drop view if exists "grocery_sale"."public_staging"."stg_product_enriched__dbt_backup" cascade
[0m19:04:19.551025 [debug] [Thread-2 (]: SQL status: DROP VIEW in 0.000 seconds
[0m19:04:19.551794 [debug] [Thread-2 (]: On model.grocery_sales.stg_product_enriched: Close
[0m19:04:19.552178 [debug] [Thread-2 (]: Sending event: {'category': 'dbt', 'action': 'run_model', 'label': '71b0ab28-a1ad-49d8-af30-f87bcd7fa991', 'context': [<snowplow_tracker.self_describing_json.SelfDescribingJson object at 0x00000204639CD610>]}
[0m19:04:19.552549 [info ] [Thread-2 (]: 9 of 17 OK created sql view model public_staging.stg_product_enriched .......... [[32mCREATE VIEW[0m in 0.07s]
[0m19:04:19.553089 [debug] [Thread-2 (]: Finished running node model.grocery_sales.stg_product_enriched
[0m19:04:19.562686 [debug] [Thread-1 (]: SQL status: CREATE VIEW in 0.042 seconds
[0m19:04:19.564266 [debug] [Thread-1 (]: Using postgres connection "model.grocery_sales.stg_customer_enriched"
[0m19:04:19.564617 [debug] [Thread-3 (]: SQL status: CREATE VIEW in 0.042 seconds
[0m19:04:19.565124 [debug] [Thread-1 (]: On model.grocery_sales.stg_customer_enriched: /* {"app": "dbt", "dbt_version": "1.11.7", "profile_name": "grocery_sales", "target_name": "dev", "node_id": "model.grocery_sales.stg_customer_enriched"} */
alter table "grocery_sale"."public_staging"."stg_customer_enriched__dbt_tmp" rename to "stg_customer_enriched"
[0m19:04:19.566754 [debug] [Thread-3 (]: Using postgres connection "model.grocery_sales.stg_employee_enriched"
[0m19:04:19.567005 [debug] [Thread-3 (]: On model.grocery_sales.stg_employee_enriched: /* {"app": "dbt", "dbt_version": "1.11.7", "profile_name": "grocery_sales", "target_name": "dev", "node_id": "model.grocery_sales.stg_employee_enriched"} */
alter table "grocery_sale"."public_staging"."stg_employee_enriched__dbt_tmp" rename to "stg_employee_enriched"
[0m19:04:19.567373 [debug] [Thread-1 (]: SQL status: ALTER TABLE in 0.000 seconds
[0m19:04:19.568098 [debug] [Thread-1 (]: On model.grocery_sales.stg_customer_enriched: COMMIT
[0m19:04:19.568317 [debug] [Thread-3 (]: SQL status: ALTER TABLE in 0.001 seconds
[0m19:04:19.568533 [debug] [Thread-1 (]: Using postgres connection "model.grocery_sales.stg_customer_enriched"
[0m19:04:19.569275 [debug] [Thread-3 (]: On model.grocery_sales.stg_employee_enriched: COMMIT
[0m19:04:19.569500 [debug] [Thread-1 (]: On model.grocery_sales.stg_customer_enriched: COMMIT
[0m19:04:19.569706 [debug] [Thread-3 (]: Using postgres connection "model.grocery_sales.stg_employee_enriched"
[0m19:04:19.569925 [debug] [Thread-3 (]: On model.grocery_sales.stg_employee_enriched: COMMIT
[0m19:04:19.570751 [debug] [Thread-1 (]: SQL status: COMMIT in 0.001 seconds
[0m19:04:19.571200 [debug] [Thread-3 (]: SQL status: COMMIT in 0.001 seconds
[0m19:04:19.572707 [debug] [Thread-1 (]: Applying DROP to: "grocery_sale"."public_staging"."stg_customer_enriched__dbt_backup"
[0m19:04:19.574335 [debug] [Thread-3 (]: Applying DROP to: "grocery_sale"."public_staging"."stg_employee_enriched__dbt_backup"
[0m19:04:19.574722 [debug] [Thread-1 (]: Using postgres connection "model.grocery_sales.stg_customer_enriched"
[0m19:04:19.575097 [debug] [Thread-3 (]: Using postgres connection "model.grocery_sales.stg_employee_enriched"
[0m19:04:19.575308 [debug] [Thread-1 (]: On model.grocery_sales.stg_customer_enriched: /* {"app": "dbt", "dbt_version": "1.11.7", "profile_name": "grocery_sales", "target_name": "dev", "node_id": "model.grocery_sales.stg_customer_enriched"} */
drop view if exists "grocery_sale"."public_staging"."stg_customer_enriched__dbt_backup" cascade
[0m19:04:19.575543 [debug] [Thread-3 (]: On model.grocery_sales.stg_employee_enriched: /* {"app": "dbt", "dbt_version": "1.11.7", "profile_name": "grocery_sales", "target_name": "dev", "node_id": "model.grocery_sales.stg_employee_enriched"} */
drop view if exists "grocery_sale"."public_staging"."stg_employee_enriched__dbt_backup" cascade
[0m19:04:19.575988 [debug] [Thread-3 (]: SQL status: DROP VIEW in 0.000 seconds
[0m19:04:19.576206 [debug] [Thread-1 (]: SQL status: DROP VIEW in 0.000 seconds
[0m19:04:19.576884 [debug] [Thread-3 (]: On model.grocery_sales.stg_employee_enriched: Close
[0m19:04:19.577539 [debug] [Thread-1 (]: On model.grocery_sales.stg_customer_enriched: Close
[0m19:04:19.577899 [debug] [Thread-3 (]: Sending event: {'category': 'dbt', 'action': 'run_model', 'label': '71b0ab28-a1ad-49d8-af30-f87bcd7fa991', 'context': [<snowplow_tracker.self_describing_json.SelfDescribingJson object at 0x0000020464465D90>]}
[0m19:04:19.578177 [debug] [Thread-1 (]: Sending event: {'category': 'dbt', 'action': 'run_model', 'label': '71b0ab28-a1ad-49d8-af30-f87bcd7fa991', 'context': [<snowplow_tracker.self_describing_json.SelfDescribingJson object at 0x0000020464465C70>]}
[0m19:04:19.579040 [info ] [Thread-3 (]: 11 of 17 OK created sql view model public_staging.stg_employee_enriched ........ [[32mCREATE VIEW[0m in 0.07s]
[0m19:04:19.579919 [debug] [Thread-3 (]: Finished running node model.grocery_sales.stg_employee_enriched
[0m19:04:19.579502 [info ] [Thread-1 (]: 10 of 17 OK created sql view model public_staging.stg_customer_enriched ........ [[32mCREATE VIEW[0m in 0.07s]
[0m19:04:19.580833 [debug] [Thread-1 (]: Finished running node model.grocery_sales.stg_customer_enriched
[0m19:04:19.581365 [debug] [Thread-4 (]: Began running node model.grocery_sales.int_fact_sales
[0m19:04:19.581716 [info ] [Thread-4 (]: 12 of 17 START sql view model public_analytics.int_fact_sales .................. [RUN]
[0m19:04:19.582241 [debug] [Thread-4 (]: Re-using an available connection from the pool (formerly model.grocery_sales.stg_employees, now model.grocery_sales.int_fact_sales)
[0m19:04:19.582549 [debug] [Thread-4 (]: Began compiling node model.grocery_sales.int_fact_sales
[0m19:04:19.584623 [debug] [Thread-4 (]: Writing injected SQL for node "model.grocery_sales.int_fact_sales"
[0m19:04:19.585376 [debug] [Thread-4 (]: Began executing node model.grocery_sales.int_fact_sales
[0m19:04:19.587471 [debug] [Thread-4 (]: Writing runtime sql for node "model.grocery_sales.int_fact_sales"
[0m19:04:19.588188 [debug] [Thread-4 (]: Using postgres connection "model.grocery_sales.int_fact_sales"
[0m19:04:19.588434 [debug] [Thread-4 (]: On model.grocery_sales.int_fact_sales: /* {"app": "dbt", "dbt_version": "1.11.7", "profile_name": "grocery_sales", "target_name": "dev", "node_id": "model.grocery_sales.int_fact_sales"} */

  create view "grocery_sale"."public_analytics"."int_fact_sales__dbt_tmp"
    
    
  as (
    select
    s.sales_id,
    s.transaction_number,
    s.sales_date,
    date(s.sales_date) as sales_day,
    date_trunc('month', s.sales_date) as sales_month,

    s.salesperson_id,
    e.full_name as salesperson_name,
    e.gender as salesperson_gender,
    e.city_name as salesperson_city,
    e.country_name as salesperson_country,

    s.customer_id,
    c.full_name as customer_name,
    c.city_name as customer_city,
    c.country_name as customer_country,

    s.product_id,
    p.product_name,
    p.category_id,
    p.category_name,
    p.class as product_class,
    p.resistant,
    p.is_allergic,
    p.vitality_days,

    s.quantity,
    s.discount,
    s.total_price,
    p.price as unit_price,

    (s.quantity * p.price) as gross_amount,
    (s.quantity * p.price) * (1 - s.discount) as net_amount_estimated
from "grocery_sale"."public_staging"."stg_sales" s
left join "grocery_sale"."public_staging"."stg_employee_enriched" e
    on s.salesperson_id = e.employee_id
left join "grocery_sale"."public_staging"."stg_customer_enriched" c
    on s.customer_id = c.customer_id
left join "grocery_sale"."public_staging"."stg_product_enriched" p
    on s.product_id = p.product_id
  );
[0m19:04:19.588650 [debug] [Thread-4 (]: Opening a new connection, currently in state closed
[0m19:04:19.630214 [debug] [Thread-4 (]: SQL status: CREATE VIEW in 0.041 seconds
[0m19:04:19.632142 [debug] [Thread-4 (]: Using postgres connection "model.grocery_sales.int_fact_sales"
[0m19:04:19.632361 [debug] [Thread-4 (]: On model.grocery_sales.int_fact_sales: /* {"app": "dbt", "dbt_version": "1.11.7", "profile_name": "grocery_sales", "target_name": "dev", "node_id": "model.grocery_sales.int_fact_sales"} */
alter table "grocery_sale"."public_analytics"."int_fact_sales__dbt_tmp" rename to "int_fact_sales"
[0m19:04:19.633252 [debug] [Thread-4 (]: SQL status: ALTER TABLE in 0.001 seconds
[0m19:04:19.634459 [debug] [Thread-4 (]: On model.grocery_sales.int_fact_sales: COMMIT
[0m19:04:19.634656 [debug] [Thread-4 (]: Using postgres connection "model.grocery_sales.int_fact_sales"
[0m19:04:19.634829 [debug] [Thread-4 (]: On model.grocery_sales.int_fact_sales: COMMIT
[0m19:04:19.635958 [debug] [Thread-4 (]: SQL status: COMMIT in 0.001 seconds
[0m19:04:19.637414 [debug] [Thread-4 (]: Applying DROP to: "grocery_sale"."public_analytics"."int_fact_sales__dbt_backup"
[0m19:04:19.637785 [debug] [Thread-4 (]: Using postgres connection "model.grocery_sales.int_fact_sales"
[0m19:04:19.637963 [debug] [Thread-4 (]: On model.grocery_sales.int_fact_sales: /* {"app": "dbt", "dbt_version": "1.11.7", "profile_name": "grocery_sales", "target_name": "dev", "node_id": "model.grocery_sales.int_fact_sales"} */
drop view if exists "grocery_sale"."public_analytics"."int_fact_sales__dbt_backup" cascade
[0m19:04:19.638679 [debug] [Thread-4 (]: SQL status: DROP VIEW in 0.000 seconds
[0m19:04:19.639690 [debug] [Thread-4 (]: On model.grocery_sales.int_fact_sales: Close
[0m19:04:19.640083 [debug] [Thread-4 (]: Sending event: {'category': 'dbt', 'action': 'run_model', 'label': '71b0ab28-a1ad-49d8-af30-f87bcd7fa991', 'context': [<snowplow_tracker.self_describing_json.SelfDescribingJson object at 0x0000020464464A70>]}
[0m19:04:19.640448 [info ] [Thread-4 (]: 12 of 17 OK created sql view model public_analytics.int_fact_sales ............. [[32mCREATE VIEW[0m in 0.06s]
[0m19:04:19.641208 [debug] [Thread-4 (]: Finished running node model.grocery_sales.int_fact_sales
[0m19:04:19.641992 [debug] [Thread-1 (]: Began running node model.grocery_sales.mart_product_performance
[0m19:04:19.642236 [debug] [Thread-3 (]: Began running node model.grocery_sales.mart_customer_performance
[0m19:04:19.642588 [debug] [Thread-4 (]: Began running node model.grocery_sales.mart_sales_overview_monthly
[0m19:04:19.643021 [debug] [Thread-2 (]: Began running node model.grocery_sales.mart_category_performance
[0m19:04:19.643320 [info ] [Thread-1 (]: 15 of 17 START sql table model public_mart.mart_product_performance ............ [RUN]
[0m19:04:19.643612 [info ] [Thread-3 (]: 14 of 17 START sql table model public_mart.mart_customer_performance ........... [RUN]
[0m19:04:19.644592 [debug] [Thread-1 (]: Re-using an available connection from the pool (formerly model.grocery_sales.stg_customer_enriched, now model.grocery_sales.mart_product_performance)
[0m19:04:19.644863 [debug] [Thread-3 (]: Re-using an available connection from the pool (formerly model.grocery_sales.stg_employee_enriched, now model.grocery_sales.mart_customer_performance)
[0m19:04:19.643976 [info ] [Thread-4 (]: 16 of 17 START sql table model public_mart.mart_sales_overview_monthly ......... [RUN]
[0m19:04:19.645144 [debug] [Thread-1 (]: Began compiling node model.grocery_sales.mart_product_performance
[0m19:04:19.645384 [debug] [Thread-3 (]: Began compiling node model.grocery_sales.mart_customer_performance
[0m19:04:19.645611 [debug] [Thread-4 (]: Re-using an available connection from the pool (formerly model.grocery_sales.int_fact_sales, now model.grocery_sales.mart_sales_overview_monthly)
[0m19:04:19.644259 [info ] [Thread-2 (]: 13 of 17 START sql table model public_mart.mart_category_performance ........... [RUN]
[0m19:04:19.647984 [debug] [Thread-1 (]: Writing injected SQL for node "model.grocery_sales.mart_product_performance"
[0m19:04:19.649407 [debug] [Thread-3 (]: Writing injected SQL for node "model.grocery_sales.mart_customer_performance"
[0m19:04:19.649805 [debug] [Thread-4 (]: Began compiling node model.grocery_sales.mart_sales_overview_monthly
[0m19:04:19.650235 [debug] [Thread-2 (]: Re-using an available connection from the pool (formerly model.grocery_sales.stg_product_enriched, now model.grocery_sales.mart_category_performance)
[0m19:04:19.651916 [debug] [Thread-4 (]: Writing injected SQL for node "model.grocery_sales.mart_sales_overview_monthly"
[0m19:04:19.652666 [debug] [Thread-2 (]: Began compiling node model.grocery_sales.mart_category_performance
[0m19:04:19.654612 [debug] [Thread-2 (]: Writing injected SQL for node "model.grocery_sales.mart_category_performance"
[0m19:04:19.654926 [debug] [Thread-1 (]: Began executing node model.grocery_sales.mart_product_performance
[0m19:04:19.661984 [debug] [Thread-3 (]: Began executing node model.grocery_sales.mart_customer_performance
[0m19:04:19.668510 [debug] [Thread-1 (]: Writing runtime sql for node "model.grocery_sales.mart_product_performance"
[0m19:04:19.670886 [debug] [Thread-3 (]: Writing runtime sql for node "model.grocery_sales.mart_customer_performance"
[0m19:04:19.671359 [debug] [Thread-4 (]: Began executing node model.grocery_sales.mart_sales_overview_monthly
[0m19:04:19.673134 [debug] [Thread-4 (]: Writing runtime sql for node "model.grocery_sales.mart_sales_overview_monthly"
[0m19:04:19.673433 [debug] [Thread-2 (]: Began executing node model.grocery_sales.mart_category_performance
[0m19:04:19.674978 [debug] [Thread-2 (]: Writing runtime sql for node "model.grocery_sales.mart_category_performance"
[0m19:04:19.676504 [debug] [Thread-2 (]: Using postgres connection "model.grocery_sales.mart_category_performance"
[0m19:04:19.676753 [debug] [Thread-2 (]: On model.grocery_sales.mart_category_performance: /* {"app": "dbt", "dbt_version": "1.11.7", "profile_name": "grocery_sales", "target_name": "dev", "node_id": "model.grocery_sales.mart_category_performance"} */

  
    

  create  table "grocery_sale"."public_mart"."mart_category_performance__dbt_tmp"
  
  
    as
  
  (
    -- -----------------------------------------------------
-- Category performance summary
-- Measures revenue contribution by product category
-- -----------------------------------------------------
CREATE TABLE mart.category_performance AS
SELECT
    category_id,
    category_name,
    COUNT(*) AS transaction_count,
    SUM(quantity) AS units_sold,
    ROUND(SUM(gross_amount)::numeric, 2) AS gross_revenue,
    ROUND(SUM(net_amount_estimated)::numeric, 2) AS net_revenue,
    ROUND(AVG(discount)::numeric, 4) AS avg_discount
from "grocery_sale"."public_analytics"."int_fact_sales"
GROUP BY
    category_id,
    category_name
  );
  
[0m19:04:19.677310 [debug] [Thread-2 (]: Opening a new connection, currently in state closed
[0m19:04:19.678074 [debug] [Thread-3 (]: Using postgres connection "model.grocery_sales.mart_customer_performance"
[0m19:04:19.678392 [debug] [Thread-1 (]: Using postgres connection "model.grocery_sales.mart_product_performance"
[0m19:04:19.678631 [debug] [Thread-4 (]: Using postgres connection "model.grocery_sales.mart_sales_overview_monthly"
[0m19:04:19.678952 [debug] [Thread-3 (]: On model.grocery_sales.mart_customer_performance: /* {"app": "dbt", "dbt_version": "1.11.7", "profile_name": "grocery_sales", "target_name": "dev", "node_id": "model.grocery_sales.mart_customer_performance"} */

  
    

  create  table "grocery_sale"."public_mart"."mart_customer_performance__dbt_tmp"
  
  
    as
  
  (
    -- -----------------------------------------------------
-- Customer performance analysis
-- Tracks customer purchasing behavior and lifetime value
-- -----------------------------------------------------
SELECT
    customer_id,
    customer_name,
    customer_city,
    customer_country,
    COUNT(*) AS transaction_count,
    SUM(quantity) AS units_sold,
    ROUND(SUM(net_amount_estimated)::numeric, 2) AS net_revenue,
    MIN(sales_date) AS first_purchase_date,
    MAX(sales_date) AS last_purchase_date
from "grocery_sale"."public_analytics"."int_fact_sales"
GROUP BY
    customer_id,
    customer_name,
    customer_city,
    customer_country
  );
  
[0m19:04:19.679298 [debug] [Thread-1 (]: On model.grocery_sales.mart_product_performance: /* {"app": "dbt", "dbt_version": "1.11.7", "profile_name": "grocery_sales", "target_name": "dev", "node_id": "model.grocery_sales.mart_product_performance"} */

  
    

  create  table "grocery_sale"."public_mart"."mart_product_performance__dbt_tmp"
  
  
    as
  
  (
    -- -----------------------------------------------------
-- Product performance metrics
-- Evaluates product-level sales and discount behavior
-- -----------------------------------------------------
select
    product_id,
    product_name,
    category_name,
    product_class,
    count(*) as transaction_count,
    sum(quantity) as units_sold,
    round(sum(gross_amount)::numeric, 2) as gross_revenue,
    round(sum(net_amount_estimated)::numeric, 2) as net_revenue,
    round(avg(discount)::numeric, 4) as avg_discount
from "grocery_sale"."public_analytics"."int_fact_sales"
group by
    product_id,
    product_name,
    category_name,
    product_class
  );
  
[0m19:04:19.679610 [debug] [Thread-4 (]: On model.grocery_sales.mart_sales_overview_monthly: /* {"app": "dbt", "dbt_version": "1.11.7", "profile_name": "grocery_sales", "target_name": "dev", "node_id": "model.grocery_sales.mart_sales_overview_monthly"} */

  
    

  create  table "grocery_sale"."public_mart"."mart_sales_overview_monthly__dbt_tmp"
  
  
    as
  
  (
    -- -----------------------------------------------------
-- Monthly sales overview
-- Tracks revenue and sales volume over time
-- -----------------------------------------------------
select
    sales_month,
    count(*) as transaction_count,
    sum(quantity) as units_sold,
    round(sum(gross_amount)::numeric, 2) as gross_revenue,
    round(sum(net_amount_estimated)::numeric, 2) as net_revenue,
    round(avg(net_amount_estimated)::numeric, 2) as avg_transaction_value
from "grocery_sale"."public_analytics"."int_fact_sales"
group by sales_month
  );
  
[0m19:04:19.679877 [debug] [Thread-3 (]: Opening a new connection, currently in state closed
[0m19:04:19.680188 [debug] [Thread-1 (]: Opening a new connection, currently in state closed
[0m19:04:19.680427 [debug] [Thread-4 (]: Opening a new connection, currently in state closed
[0m19:04:19.717629 [debug] [Thread-2 (]: Postgres adapter: Postgres error: syntax error at or near "CREATE"
LINE 16: CREATE TABLE mart.category_performance AS
         ^

[0m19:04:19.718222 [debug] [Thread-2 (]: On model.grocery_sales.mart_category_performance: ROLLBACK
[0m19:04:19.718843 [debug] [Thread-2 (]: On model.grocery_sales.mart_category_performance: Close
[0m19:04:19.723328 [debug] [Thread-2 (]: Database Error in model mart_category_performance (models\marts\mart_category_performance.sql)
  syntax error at or near "CREATE"
  LINE 16: CREATE TABLE mart.category_performance AS
           ^
  compiled code at target\run\grocery_sales\models\marts\mart_category_performance.sql
[0m19:04:19.723664 [debug] [Thread-2 (]: Sending event: {'category': 'dbt', 'action': 'run_model', 'label': '71b0ab28-a1ad-49d8-af30-f87bcd7fa991', 'context': [<snowplow_tracker.self_describing_json.SelfDescribingJson object at 0x0000020464831F10>]}
[0m19:04:19.724062 [error] [Thread-2 (]: 13 of 17 ERROR creating sql table model public_mart.mart_category_performance .. [[31mERROR[0m in 0.07s]
[0m19:04:19.724520 [debug] [Thread-2 (]: Finished running node model.grocery_sales.mart_category_performance
[0m19:04:19.724754 [debug] [Thread-2 (]: Began running node model.grocery_sales.mart_salesperson_performance
[0m19:04:19.725054 [debug] [Thread-7 (]: Marking all children of 'model.grocery_sales.mart_category_performance' to be skipped because of status 'error'.  Reason: Database Error in model mart_category_performance (models\marts\mart_category_performance.sql)
  syntax error at or near "CREATE"
  LINE 16: CREATE TABLE mart.category_performance AS
           ^
  compiled code at target\run\grocery_sales\models\marts\mart_category_performance.sql.
[0m19:04:19.725366 [info ] [Thread-2 (]: 17 of 17 START sql table model public_mart.mart_salesperson_performance ........ [RUN]
[0m19:04:19.726533 [debug] [Thread-2 (]: Re-using an available connection from the pool (formerly model.grocery_sales.mart_category_performance, now model.grocery_sales.mart_salesperson_performance)
[0m19:04:19.726829 [debug] [Thread-2 (]: Began compiling node model.grocery_sales.mart_salesperson_performance
[0m19:04:19.728875 [debug] [Thread-2 (]: Writing injected SQL for node "model.grocery_sales.mart_salesperson_performance"
[0m19:04:19.729706 [debug] [Thread-2 (]: Began executing node model.grocery_sales.mart_salesperson_performance
[0m19:04:19.731730 [debug] [Thread-2 (]: Writing runtime sql for node "model.grocery_sales.mart_salesperson_performance"
[0m19:04:19.732398 [debug] [Thread-2 (]: Using postgres connection "model.grocery_sales.mart_salesperson_performance"
[0m19:04:19.732629 [debug] [Thread-2 (]: On model.grocery_sales.mart_salesperson_performance: /* {"app": "dbt", "dbt_version": "1.11.7", "profile_name": "grocery_sales", "target_name": "dev", "node_id": "model.grocery_sales.mart_salesperson_performance"} */

  
    

  create  table "grocery_sale"."public_mart"."mart_salesperson_performance__dbt_tmp"
  
  
    as
  
  (
    -- -----------------------------------------------------
-- Salesperson performance analysis
-- Evaluates sales contribution by employee
-- -----------------------------------------------------
CREATE TABLE mart.salesperson_performance AS
SELECT
    salesperson_id,
    salesperson_name,
    salesperson_city,
    salesperson_country,
    COUNT(*) AS transaction_count,
    SUM(quantity) AS units_sold,
    ROUND(SUM(net_amount_estimated)::numeric, 2) AS net_revenue,
    MIN(sales_date) AS first_sale_date,
    MAX(sales_date) AS last_sale_date
from "grocery_sale"."public_analytics"."int_fact_sales"
GROUP BY
    salesperson_id,
    salesperson_name,
    salesperson_city,
    salesperson_country
  );
  
[0m19:04:19.732829 [debug] [Thread-2 (]: Opening a new connection, currently in state closed
[0m19:04:19.771196 [debug] [Thread-2 (]: Postgres adapter: Postgres error: syntax error at or near "CREATE"
LINE 16: CREATE TABLE mart.salesperson_performance AS
         ^

[0m19:04:19.771663 [debug] [Thread-2 (]: On model.grocery_sales.mart_salesperson_performance: ROLLBACK
[0m19:04:19.772297 [debug] [Thread-2 (]: On model.grocery_sales.mart_salesperson_performance: Close
[0m19:04:19.774585 [debug] [Thread-2 (]: Database Error in model mart_salesperson_performance (models\marts\mart_salesperson_performance.sql)
  syntax error at or near "CREATE"
  LINE 16: CREATE TABLE mart.salesperson_performance AS
           ^
  compiled code at target\run\grocery_sales\models\marts\mart_salesperson_performance.sql
[0m19:04:19.774916 [debug] [Thread-2 (]: Sending event: {'category': 'dbt', 'action': 'run_model', 'label': '71b0ab28-a1ad-49d8-af30-f87bcd7fa991', 'context': [<snowplow_tracker.self_describing_json.SelfDescribingJson object at 0x000002046491FFB0>]}
[0m19:04:19.775328 [error] [Thread-2 (]: 17 of 17 ERROR creating sql table model public_mart.mart_salesperson_performance  [[31mERROR[0m in 0.05s]
[0m19:04:19.775982 [debug] [Thread-2 (]: Finished running node model.grocery_sales.mart_salesperson_performance
[0m19:04:19.776396 [debug] [Thread-7 (]: Marking all children of 'model.grocery_sales.mart_salesperson_performance' to be skipped because of status 'error'.  Reason: Database Error in model mart_salesperson_performance (models\marts\mart_salesperson_performance.sql)
  syntax error at or near "CREATE"
  LINE 16: CREATE TABLE mart.salesperson_performance AS
           ^
  compiled code at target\run\grocery_sales\models\marts\mart_salesperson_performance.sql.
[0m19:04:24.139810 [debug] [Thread-4 (]: SQL status: SELECT 6 in 4.459 seconds
[0m19:04:24.146190 [debug] [Thread-4 (]: Using postgres connection "model.grocery_sales.mart_sales_overview_monthly"
[0m19:04:24.146436 [debug] [Thread-4 (]: On model.grocery_sales.mart_sales_overview_monthly: /* {"app": "dbt", "dbt_version": "1.11.7", "profile_name": "grocery_sales", "target_name": "dev", "node_id": "model.grocery_sales.mart_sales_overview_monthly"} */
alter table "grocery_sale"."public_mart"."mart_sales_overview_monthly__dbt_tmp" rename to "mart_sales_overview_monthly"
[0m19:04:24.148513 [debug] [Thread-4 (]: SQL status: ALTER TABLE in 0.002 seconds
[0m19:04:24.149389 [debug] [Thread-4 (]: On model.grocery_sales.mart_sales_overview_monthly: COMMIT
[0m19:04:24.149641 [debug] [Thread-4 (]: Using postgres connection "model.grocery_sales.mart_sales_overview_monthly"
[0m19:04:24.149834 [debug] [Thread-4 (]: On model.grocery_sales.mart_sales_overview_monthly: COMMIT
[0m19:04:24.150502 [debug] [Thread-4 (]: SQL status: COMMIT in 0.000 seconds
[0m19:04:24.151683 [debug] [Thread-4 (]: Applying DROP to: "grocery_sale"."public_mart"."mart_sales_overview_monthly__dbt_backup"
[0m19:04:24.153450 [debug] [Thread-4 (]: Using postgres connection "model.grocery_sales.mart_sales_overview_monthly"
[0m19:04:24.153682 [debug] [Thread-4 (]: On model.grocery_sales.mart_sales_overview_monthly: /* {"app": "dbt", "dbt_version": "1.11.7", "profile_name": "grocery_sales", "target_name": "dev", "node_id": "model.grocery_sales.mart_sales_overview_monthly"} */
drop table if exists "grocery_sale"."public_mart"."mart_sales_overview_monthly__dbt_backup" cascade
[0m19:04:24.154447 [debug] [Thread-4 (]: SQL status: DROP TABLE in 0.001 seconds
[0m19:04:24.155236 [debug] [Thread-4 (]: On model.grocery_sales.mart_sales_overview_monthly: Close
[0m19:04:24.155647 [debug] [Thread-4 (]: Sending event: {'category': 'dbt', 'action': 'run_model', 'label': '71b0ab28-a1ad-49d8-af30-f87bcd7fa991', 'context': [<snowplow_tracker.self_describing_json.SelfDescribingJson object at 0x0000020463FE4E90>]}
[0m19:04:24.156027 [info ] [Thread-4 (]: 16 of 17 OK created sql table model public_mart.mart_sales_overview_monthly .... [[32mSELECT 6[0m in 4.51s]
[0m19:04:24.156836 [debug] [Thread-4 (]: Finished running node model.grocery_sales.mart_sales_overview_monthly
[0m19:04:26.161321 [debug] [Thread-1 (]: SQL status: SELECT 452 in 6.481 seconds
[0m19:04:26.163724 [debug] [Thread-1 (]: Using postgres connection "model.grocery_sales.mart_product_performance"
[0m19:04:26.163978 [debug] [Thread-1 (]: On model.grocery_sales.mart_product_performance: /* {"app": "dbt", "dbt_version": "1.11.7", "profile_name": "grocery_sales", "target_name": "dev", "node_id": "model.grocery_sales.mart_product_performance"} */
alter table "grocery_sale"."public_mart"."mart_product_performance__dbt_tmp" rename to "mart_product_performance"
[0m19:04:26.165742 [debug] [Thread-1 (]: SQL status: ALTER TABLE in 0.002 seconds
[0m19:04:26.166678 [debug] [Thread-1 (]: On model.grocery_sales.mart_product_performance: COMMIT
[0m19:04:26.166907 [debug] [Thread-1 (]: Using postgres connection "model.grocery_sales.mart_product_performance"
[0m19:04:26.167098 [debug] [Thread-1 (]: On model.grocery_sales.mart_product_performance: COMMIT
[0m19:04:26.168067 [debug] [Thread-1 (]: SQL status: COMMIT in 0.001 seconds
[0m19:04:26.169704 [debug] [Thread-1 (]: Applying DROP to: "grocery_sale"."public_mart"."mart_product_performance__dbt_backup"
[0m19:04:26.170105 [debug] [Thread-1 (]: Using postgres connection "model.grocery_sales.mart_product_performance"
[0m19:04:26.170307 [debug] [Thread-1 (]: On model.grocery_sales.mart_product_performance: /* {"app": "dbt", "dbt_version": "1.11.7", "profile_name": "grocery_sales", "target_name": "dev", "node_id": "model.grocery_sales.mart_product_performance"} */
drop table if exists "grocery_sale"."public_mart"."mart_product_performance__dbt_backup" cascade
[0m19:04:26.170959 [debug] [Thread-1 (]: SQL status: DROP TABLE in 0.000 seconds
[0m19:04:26.172135 [debug] [Thread-1 (]: On model.grocery_sales.mart_product_performance: Close
[0m19:04:26.172556 [debug] [Thread-1 (]: Sending event: {'category': 'dbt', 'action': 'run_model', 'label': '71b0ab28-a1ad-49d8-af30-f87bcd7fa991', 'context': [<snowplow_tracker.self_describing_json.SelfDescribingJson object at 0x000002046430AED0>]}
[0m19:04:26.172989 [info ] [Thread-1 (]: 15 of 17 OK created sql table model public_mart.mart_product_performance ....... [[32mSELECT 452[0m in 6.53s]
[0m19:04:26.173747 [debug] [Thread-1 (]: Finished running node model.grocery_sales.mart_product_performance
[0m19:05:02.407781 [debug] [Thread-3 (]: SQL status: SELECT 98759 in 42.728 seconds
[0m19:05:02.409778 [debug] [Thread-3 (]: Using postgres connection "model.grocery_sales.mart_customer_performance"
[0m19:05:02.409985 [debug] [Thread-3 (]: On model.grocery_sales.mart_customer_performance: /* {"app": "dbt", "dbt_version": "1.11.7", "profile_name": "grocery_sales", "target_name": "dev", "node_id": "model.grocery_sales.mart_customer_performance"} */
alter table "grocery_sale"."public_mart"."mart_customer_performance__dbt_tmp" rename to "mart_customer_performance"
[0m19:05:02.412965 [debug] [Thread-3 (]: SQL status: ALTER TABLE in 0.003 seconds
[0m19:05:02.413748 [debug] [Thread-3 (]: On model.grocery_sales.mart_customer_performance: COMMIT
[0m19:05:02.413947 [debug] [Thread-3 (]: Using postgres connection "model.grocery_sales.mart_customer_performance"
[0m19:05:02.414116 [debug] [Thread-3 (]: On model.grocery_sales.mart_customer_performance: COMMIT
[0m19:05:02.414978 [debug] [Thread-3 (]: SQL status: COMMIT in 0.001 seconds
[0m19:05:02.416722 [debug] [Thread-3 (]: Applying DROP to: "grocery_sale"."public_mart"."mart_customer_performance__dbt_backup"
[0m19:05:02.417078 [debug] [Thread-3 (]: Using postgres connection "model.grocery_sales.mart_customer_performance"
[0m19:05:02.417263 [debug] [Thread-3 (]: On model.grocery_sales.mart_customer_performance: /* {"app": "dbt", "dbt_version": "1.11.7", "profile_name": "grocery_sales", "target_name": "dev", "node_id": "model.grocery_sales.mart_customer_performance"} */
drop table if exists "grocery_sale"."public_mart"."mart_customer_performance__dbt_backup" cascade
[0m19:05:02.417980 [debug] [Thread-3 (]: SQL status: DROP TABLE in 0.000 seconds
[0m19:05:02.419088 [debug] [Thread-3 (]: On model.grocery_sales.mart_customer_performance: Close
[0m19:05:02.419486 [debug] [Thread-3 (]: Sending event: {'category': 'dbt', 'action': 'run_model', 'label': '71b0ab28-a1ad-49d8-af30-f87bcd7fa991', 'context': [<snowplow_tracker.self_describing_json.SelfDescribingJson object at 0x0000020463B9F6B0>]}
[0m19:05:02.419837 [info ] [Thread-3 (]: 14 of 17 OK created sql table model public_mart.mart_customer_performance ...... [[32mSELECT 98759[0m in 42.77s]
[0m19:05:02.420704 [debug] [Thread-3 (]: Finished running node model.grocery_sales.mart_customer_performance
[0m19:05:02.421662 [debug] [MainThread]: On master: COMMIT
[0m19:05:02.421846 [debug] [MainThread]: Using postgres connection "master"
[0m19:05:02.422021 [debug] [MainThread]: On master: COMMIT
[0m19:05:02.422230 [debug] [MainThread]: Opening a new connection, currently in state closed
[0m19:05:02.460004 [debug] [MainThread]: SQL status: COMMIT in 0.038 seconds
[0m19:05:02.460339 [debug] [MainThread]: On master: Close
[0m19:05:02.460678 [debug] [MainThread]: Connection 'master' was properly closed.
[0m19:05:02.460841 [debug] [MainThread]: Connection 'list_grocery_sale' was properly closed.
[0m19:05:02.460980 [debug] [MainThread]: Connection 'list_grocery_sale' was properly closed.
[0m19:05:02.461100 [debug] [MainThread]: Connection 'list_grocery_sale' was properly closed.
[0m19:05:02.461230 [debug] [MainThread]: Connection 'list_grocery_sale_public_staging' was properly closed.
[0m19:05:02.461347 [debug] [MainThread]: Connection 'list_grocery_sale_public_analytics' was properly closed.
[0m19:05:02.461461 [debug] [MainThread]: Connection 'list_grocery_sale_public_mart' was properly closed.
[0m19:05:02.461572 [debug] [MainThread]: Connection 'model.grocery_sales.mart_customer_performance' was properly closed.
[0m19:05:02.461682 [debug] [MainThread]: Connection 'model.grocery_sales.mart_product_performance' was properly closed.
[0m19:05:02.461791 [debug] [MainThread]: Connection 'model.grocery_sales.mart_sales_overview_monthly' was properly closed.
[0m19:05:02.461905 [debug] [MainThread]: Connection 'model.grocery_sales.mart_salesperson_performance' was properly closed.
[0m19:05:02.462154 [info ] [MainThread]: 
[0m19:05:02.462764 [info ] [MainThread]: Finished running 5 table models, 12 view models in 0 hours 0 minutes and 43.37 seconds (43.37s).
[0m19:05:02.464443 [debug] [MainThread]: Command end result
[0m19:05:02.478419 [debug] [MainThread]: Wrote artifact WritableManifest to E:\Study\Stage\Grocery-Sales-Database\dbt\target\manifest.json
[0m19:05:02.479916 [debug] [MainThread]: Wrote artifact SemanticManifest to E:\Study\Stage\Grocery-Sales-Database\dbt\target\semantic_manifest.json
[0m19:05:02.483963 [debug] [MainThread]: Wrote artifact RunExecutionResult to E:\Study\Stage\Grocery-Sales-Database\dbt\target\run_results.json
[0m19:05:02.484168 [info ] [MainThread]: 
[0m19:05:02.484463 [info ] [MainThread]: [31mCompleted with 2 errors, 0 partial successes, and 0 warnings:[0m
[0m19:05:02.484775 [info ] [MainThread]: 
[0m19:05:02.485077 [error] [MainThread]: [31mFailure in model mart_category_performance (models\marts\mart_category_performance.sql)[0m
[0m19:05:02.485347 [error] [MainThread]:   Database Error in model mart_category_performance (models\marts\mart_category_performance.sql)
  syntax error at or near "CREATE"
  LINE 16: CREATE TABLE mart.category_performance AS
           ^
  compiled code at target\run\grocery_sales\models\marts\mart_category_performance.sql
[0m19:05:02.485578 [info ] [MainThread]: 
[0m19:05:02.485991 [info ] [MainThread]:   compiled code at target\compiled\grocery_sales\models\marts\mart_category_performance.sql
[0m19:05:02.486404 [info ] [MainThread]: 
[0m19:05:02.486819 [error] [MainThread]: [31mFailure in model mart_salesperson_performance (models\marts\mart_salesperson_performance.sql)[0m
[0m19:05:02.487376 [error] [MainThread]:   Database Error in model mart_salesperson_performance (models\marts\mart_salesperson_performance.sql)
  syntax error at or near "CREATE"
  LINE 16: CREATE TABLE mart.salesperson_performance AS
           ^
  compiled code at target\run\grocery_sales\models\marts\mart_salesperson_performance.sql
[0m19:05:02.487878 [info ] [MainThread]: 
[0m19:05:02.488145 [info ] [MainThread]:   compiled code at target\compiled\grocery_sales\models\marts\mart_salesperson_performance.sql
[0m19:05:02.488522 [info ] [MainThread]: 
[0m19:05:02.488931 [info ] [MainThread]: Done. PASS=15 WARN=0 ERROR=2 SKIP=0 NO-OP=0 TOTAL=17
[0m19:05:02.489598 [debug] [MainThread]: Command `dbt run` failed at 19:05:02.489525 after 44.07 seconds
[0m19:05:02.489845 [debug] [MainThread]: Sending event: {'category': 'dbt', 'action': 'invocation', 'label': 'end', 'context': [<snowplow_tracker.self_describing_json.SelfDescribingJson object at 0x0000020461B9EA50>, <snowplow_tracker.self_describing_json.SelfDescribingJson object at 0x0000020463AD1370>, <snowplow_tracker.self_describing_json.SelfDescribingJson object at 0x000002046498BE90>]}
[0m19:05:02.490058 [debug] [MainThread]: Flushing usage events
[0m19:05:03.092202 [debug] [MainThread]: An error was encountered while trying to flush usage events
[0m19:56:46.128550 [debug] [MainThread]: Sending event: {'category': 'dbt', 'action': 'invocation', 'label': 'start', 'context': [<snowplow_tracker.self_describing_json.SelfDescribingJson object at 0x000001B3AC5DDFD0>, <snowplow_tracker.self_describing_json.SelfDescribingJson object at 0x000001B3AA38C190>, <snowplow_tracker.self_describing_json.SelfDescribingJson object at 0x000001B3AD9A7C50>]}


============================== 19:56:46.131971 | dea5fc04-6fbc-446f-bdcf-cd7cbc1e6eb8 ==============================
[0m19:56:46.131971 [info ] [MainThread]: Running with dbt=1.11.7
[0m19:56:46.132389 [debug] [MainThread]: running dbt with arguments {'version_check': 'True', 'no_print': 'None', 'static_parser': 'True', 'warn_error_options': 'WarnErrorOptionsV2(error=[], warn=[], silence=[])', 'target_path': 'None', 'printer_width': '80', 'write_json': 'True', 'introspect': 'True', 'log_cache_events': 'False', 'empty': 'False', 'cache_selected_only': 'False', 'log_format': 'default', 'debug': 'False', 'fail_fast': 'False', 'profiles_dir': 'C:\\Users\\Huang\\.dbt', 'send_anonymous_usage_stats': 'True', 'quiet': 'False', 'warn_error': 'None', 'partial_parse': 'True', 'invocation_command': 'dbt run', 'use_colors': 'True', 'indirect_selection': 'eager', 'use_experimental_parser': 'False', 'log_path': 'E:\\Study\\Stage\\Grocery-Sales-Database\\dbt\\logs'}
[0m19:56:46.238171 [debug] [MainThread]: Sending event: {'category': 'dbt', 'action': 'project_id', 'label': 'dea5fc04-6fbc-446f-bdcf-cd7cbc1e6eb8', 'context': [<snowplow_tracker.self_describing_json.SelfDescribingJson object at 0x000001B3ACCA6FD0>]}
[0m19:56:46.274734 [debug] [MainThread]: Sending event: {'category': 'dbt', 'action': 'adapter_info', 'label': 'dea5fc04-6fbc-446f-bdcf-cd7cbc1e6eb8', 'context': [<snowplow_tracker.self_describing_json.SelfDescribingJson object at 0x000001B3AEA15590>]}
[0m19:56:46.275756 [info ] [MainThread]: Registered adapter: postgres=1.10.0
[0m19:56:46.372427 [debug] [MainThread]: checksum: b80718358155fc17c3559352095564dd56ada1cc1a1c0ef2e62c857e71583775, vars: {}, profile: , target: , version: 1.11.7
[0m19:56:46.448800 [debug] [MainThread]: Partial parsing enabled: 0 files deleted, 0 files added, 2 files changed.
[0m19:56:46.449165 [debug] [MainThread]: Partial parsing: updated file: grocery_sales://models\marts\mart_salesperson_performance.sql
[0m19:56:46.449387 [debug] [MainThread]: Partial parsing: updated file: grocery_sales://models\marts\mart_category_performance.sql
[0m19:56:46.588274 [debug] [MainThread]: Sending event: {'category': 'dbt', 'action': 'load_project', 'label': 'dea5fc04-6fbc-446f-bdcf-cd7cbc1e6eb8', 'context': [<snowplow_tracker.self_describing_json.SelfDescribingJson object at 0x000001B3AEF59850>]}
[0m19:56:46.674786 [debug] [MainThread]: Wrote artifact WritableManifest to E:\Study\Stage\Grocery-Sales-Database\dbt\target\manifest.json
[0m19:56:46.676317 [debug] [MainThread]: Wrote artifact SemanticManifest to E:\Study\Stage\Grocery-Sales-Database\dbt\target\semantic_manifest.json
[0m19:56:46.693247 [debug] [MainThread]: Sending event: {'category': 'dbt', 'action': 'resource_counts', 'label': 'dea5fc04-6fbc-446f-bdcf-cd7cbc1e6eb8', 'context': [<snowplow_tracker.self_describing_json.SelfDescribingJson object at 0x000001B3AEA0CE60>]}
[0m19:56:46.693561 [info ] [MainThread]: Found 17 models, 7 data tests, 464 macros
[0m19:56:46.694097 [debug] [MainThread]: Sending event: {'category': 'dbt', 'action': 'runnable_timing', 'label': 'dea5fc04-6fbc-446f-bdcf-cd7cbc1e6eb8', 'context': [<snowplow_tracker.self_describing_json.SelfDescribingJson object at 0x000001B3AEBE8910>]}
[0m19:56:46.695864 [info ] [MainThread]: 
[0m19:56:46.696194 [info ] [MainThread]: Concurrency: 4 threads (target='dev')
[0m19:56:46.696645 [info ] [MainThread]: 
[0m19:56:46.697029 [debug] [MainThread]: Acquiring new postgres connection 'master'
[0m19:56:46.699766 [debug] [ThreadPool]: Acquiring new postgres connection 'list_grocery_sale'
[0m19:56:46.705733 [debug] [ThreadPool]: Acquiring new postgres connection 'list_grocery_sale'
[0m19:56:46.707014 [debug] [ThreadPool]: Acquiring new postgres connection 'list_grocery_sale'
[0m19:56:46.734923 [debug] [ThreadPool]: Using postgres connection "list_grocery_sale"
[0m19:56:46.735241 [debug] [ThreadPool]: Using postgres connection "list_grocery_sale"
[0m19:56:46.735460 [debug] [ThreadPool]: On list_grocery_sale: /* {"app": "dbt", "dbt_version": "1.11.7", "profile_name": "grocery_sales", "target_name": "dev", "connection_name": "list_grocery_sale"} */

    select distinct nspname from pg_namespace
  
[0m19:56:46.735674 [debug] [ThreadPool]: Using postgres connection "list_grocery_sale"
[0m19:56:46.735879 [debug] [ThreadPool]: On list_grocery_sale: /* {"app": "dbt", "dbt_version": "1.11.7", "profile_name": "grocery_sales", "target_name": "dev", "connection_name": "list_grocery_sale"} */

    select distinct nspname from pg_namespace
  
[0m19:56:46.736139 [debug] [ThreadPool]: Opening a new connection, currently in state init
[0m19:56:46.736359 [debug] [ThreadPool]: On list_grocery_sale: /* {"app": "dbt", "dbt_version": "1.11.7", "profile_name": "grocery_sales", "target_name": "dev", "connection_name": "list_grocery_sale"} */

    select distinct nspname from pg_namespace
  
[0m19:56:46.736565 [debug] [ThreadPool]: Opening a new connection, currently in state init
[0m19:56:46.736881 [debug] [ThreadPool]: Opening a new connection, currently in state init
[0m19:56:46.782271 [debug] [ThreadPool]: SQL status: SELECT 10 in 0.046 seconds
[0m19:56:46.783186 [debug] [ThreadPool]: On list_grocery_sale: Close
[0m19:56:46.783478 [debug] [ThreadPool]: SQL status: SELECT 10 in 0.047 seconds
[0m19:56:46.784472 [debug] [ThreadPool]: On list_grocery_sale: Close
[0m19:56:46.882214 [debug] [ThreadPool]: SQL status: SELECT 10 in 0.146 seconds
[0m19:56:46.883475 [debug] [ThreadPool]: On list_grocery_sale: Close
[0m19:56:46.885225 [debug] [ThreadPool]: Acquiring new postgres connection 'list_grocery_sale_public_analytics'
[0m19:56:46.888861 [debug] [ThreadPool]: Using postgres connection "list_grocery_sale_public_analytics"
[0m19:56:46.889293 [debug] [ThreadPool]: Acquiring new postgres connection 'list_grocery_sale_public_staging'
[0m19:56:46.889804 [debug] [ThreadPool]: On list_grocery_sale_public_analytics: /* {"app": "dbt", "dbt_version": "1.11.7", "profile_name": "grocery_sales", "target_name": "dev", "connection_name": "list_grocery_sale_public_analytics"} */
select
      'grocery_sale' as database,
      tablename as name,
      schemaname as schema,
      'table' as type
    from pg_tables
    where schemaname ilike 'public_analytics'
    union all
    select
      'grocery_sale' as database,
      viewname as name,
      schemaname as schema,
      'view' as type
    from pg_views
    where schemaname ilike 'public_analytics'
    union all
    select
      'grocery_sale' as database,
      matviewname as name,
      schemaname as schema,
      'materialized_view' as type
    from pg_matviews
    where schemaname ilike 'public_analytics'
  
[0m19:56:46.890930 [debug] [ThreadPool]: Using postgres connection "list_grocery_sale_public_staging"
[0m19:56:46.891221 [debug] [ThreadPool]: Acquiring new postgres connection 'list_grocery_sale_public_mart'
[0m19:56:46.891411 [debug] [ThreadPool]: Opening a new connection, currently in state init
[0m19:56:46.891594 [debug] [ThreadPool]: On list_grocery_sale_public_staging: /* {"app": "dbt", "dbt_version": "1.11.7", "profile_name": "grocery_sales", "target_name": "dev", "connection_name": "list_grocery_sale_public_staging"} */
select
      'grocery_sale' as database,
      tablename as name,
      schemaname as schema,
      'table' as type
    from pg_tables
    where schemaname ilike 'public_staging'
    union all
    select
      'grocery_sale' as database,
      viewname as name,
      schemaname as schema,
      'view' as type
    from pg_views
    where schemaname ilike 'public_staging'
    union all
    select
      'grocery_sale' as database,
      matviewname as name,
      schemaname as schema,
      'materialized_view' as type
    from pg_matviews
    where schemaname ilike 'public_staging'
  
[0m19:56:46.892716 [debug] [ThreadPool]: Using postgres connection "list_grocery_sale_public_mart"
[0m19:56:46.893025 [debug] [ThreadPool]: Opening a new connection, currently in state init
[0m19:56:46.893440 [debug] [ThreadPool]: On list_grocery_sale_public_mart: /* {"app": "dbt", "dbt_version": "1.11.7", "profile_name": "grocery_sales", "target_name": "dev", "connection_name": "list_grocery_sale_public_mart"} */
select
      'grocery_sale' as database,
      tablename as name,
      schemaname as schema,
      'table' as type
    from pg_tables
    where schemaname ilike 'public_mart'
    union all
    select
      'grocery_sale' as database,
      viewname as name,
      schemaname as schema,
      'view' as type
    from pg_views
    where schemaname ilike 'public_mart'
    union all
    select
      'grocery_sale' as database,
      matviewname as name,
      schemaname as schema,
      'materialized_view' as type
    from pg_matviews
    where schemaname ilike 'public_mart'
  
[0m19:56:46.894013 [debug] [ThreadPool]: Opening a new connection, currently in state init
[0m19:56:46.932177 [debug] [ThreadPool]: SQL status: SELECT 1 in 0.041 seconds
[0m19:56:46.932691 [debug] [ThreadPool]: SQL status: SELECT 3 in 0.039 seconds
[0m19:56:46.932905 [debug] [ThreadPool]: SQL status: SELECT 11 in 0.040 seconds
[0m19:56:46.933701 [debug] [ThreadPool]: On list_grocery_sale_public_analytics: ROLLBACK
[0m19:56:46.934372 [debug] [ThreadPool]: On list_grocery_sale_public_mart: ROLLBACK
[0m19:56:46.935060 [debug] [ThreadPool]: On list_grocery_sale_public_staging: ROLLBACK
[0m19:56:46.935377 [debug] [ThreadPool]: On list_grocery_sale_public_mart: Close
[0m19:56:46.935642 [debug] [ThreadPool]: On list_grocery_sale_public_staging: Close
[0m19:56:46.936116 [debug] [ThreadPool]: On list_grocery_sale_public_analytics: Close
[0m19:56:46.941449 [debug] [MainThread]: Using postgres connection "master"
[0m19:56:46.941673 [debug] [MainThread]: On master: /* {"app": "dbt", "dbt_version": "1.11.7", "profile_name": "grocery_sales", "target_name": "dev", "connection_name": "master"} */
select distinct
        dependent_namespace.nspname as dependent_schema,
        dependent_class.relname as dependent_name,
        referenced_namespace.nspname as referenced_schema,
        referenced_class.relname as referenced_name

    -- Query for views: views are entries in pg_class with an entry in pg_rewrite, but we avoid
    -- a seq scan on pg_rewrite by leveraging the fact there is an "internal" row in pg_depend for
    -- the view...
    from pg_class as dependent_class
    join pg_namespace as dependent_namespace on dependent_namespace.oid = dependent_class.relnamespace
    join pg_depend as dependent_depend on dependent_depend.refobjid = dependent_class.oid
        and dependent_depend.classid = 'pg_rewrite'::regclass
        and dependent_depend.refclassid = 'pg_class'::regclass
        and dependent_depend.deptype = 'i'

    -- ... and via pg_depend (that has a row per column, hence the need for "distinct" above, and
    -- making sure to exclude the internal row to avoid a view appearing to depend on itself)...
    join pg_depend as joining_depend on joining_depend.objid = dependent_depend.objid
        and joining_depend.classid = 'pg_rewrite'::regclass
        and joining_depend.refclassid = 'pg_class'::regclass
        and joining_depend.refobjid != dependent_depend.refobjid

    -- ... we can find the tables they query from in pg_class, but excluding system tables. Note we
    -- don't need need to exclude _dependent_ system tables, because they only query from other
    -- system tables, and so are automatically excluded by excluding _referenced_ system tables
    join pg_class as referenced_class on referenced_class.oid = joining_depend.refobjid
    join pg_namespace as referenced_namespace on referenced_namespace.oid = referenced_class.relnamespace
        and referenced_namespace.nspname != 'information_schema'
        and referenced_namespace.nspname not like 'pg\_%'

    order by
        dependent_schema, dependent_name, referenced_schema, referenced_name;
[0m19:56:46.941905 [debug] [MainThread]: Opening a new connection, currently in state init
[0m19:56:46.976656 [debug] [MainThread]: SQL status: SELECT 35 in 0.035 seconds
[0m19:56:46.978692 [debug] [MainThread]: Sending event: {'category': 'dbt', 'action': 'runnable_timing', 'label': 'dea5fc04-6fbc-446f-bdcf-cd7cbc1e6eb8', 'context': [<snowplow_tracker.self_describing_json.SelfDescribingJson object at 0x000001B3AF33D300>]}
[0m19:56:46.978945 [debug] [MainThread]: On master: ROLLBACK
[0m19:56:46.979209 [debug] [MainThread]: On master: COMMIT
[0m19:56:46.979408 [debug] [MainThread]: Using postgres connection "master"
[0m19:56:46.979561 [debug] [MainThread]: On master: COMMIT
[0m19:56:46.979833 [debug] [MainThread]: SQL status: COMMIT in 0.000 seconds
[0m19:56:46.980007 [debug] [MainThread]: On master: Close
[0m19:56:46.982422 [debug] [Thread-2 (]: Began running node model.grocery_sales.stg_cities
[0m19:56:46.982847 [debug] [Thread-3 (]: Began running node model.grocery_sales.stg_countries
[0m19:56:46.983076 [debug] [Thread-1 (]: Began running node model.grocery_sales.stg_categories
[0m19:56:46.983291 [debug] [Thread-4 (]: Began running node model.grocery_sales.stg_customers
[0m19:56:46.983588 [info ] [Thread-2 (]: 2 of 17 START sql view model public_staging.stg_cities ......................... [RUN]
[0m19:56:46.983842 [info ] [Thread-3 (]: 3 of 17 START sql view model public_staging.stg_countries ...................... [RUN]
[0m19:56:46.985061 [debug] [Thread-2 (]: Acquiring new postgres connection 'model.grocery_sales.stg_cities'
[0m19:56:46.985378 [debug] [Thread-3 (]: Acquiring new postgres connection 'model.grocery_sales.stg_countries'
[0m19:56:46.984196 [info ] [Thread-1 (]: 1 of 17 START sql view model public_staging.stg_categories ..................... [RUN]
[0m19:56:46.985661 [debug] [Thread-2 (]: Began compiling node model.grocery_sales.stg_cities
[0m19:56:46.985863 [debug] [Thread-3 (]: Began compiling node model.grocery_sales.stg_countries
[0m19:56:46.984426 [info ] [Thread-4 (]: 4 of 17 START sql view model public_staging.stg_customers ...................... [RUN]
[0m19:56:46.986173 [debug] [Thread-1 (]: Acquiring new postgres connection 'model.grocery_sales.stg_categories'
[0m19:56:46.989381 [debug] [Thread-2 (]: Writing injected SQL for node "model.grocery_sales.stg_cities"
[0m19:56:46.990675 [debug] [Thread-3 (]: Writing injected SQL for node "model.grocery_sales.stg_countries"
[0m19:56:46.990970 [debug] [Thread-4 (]: Acquiring new postgres connection 'model.grocery_sales.stg_customers'
[0m19:56:46.991201 [debug] [Thread-1 (]: Began compiling node model.grocery_sales.stg_categories
[0m19:56:46.991665 [debug] [Thread-4 (]: Began compiling node model.grocery_sales.stg_customers
[0m19:56:46.992864 [debug] [Thread-1 (]: Writing injected SQL for node "model.grocery_sales.stg_categories"
[0m19:56:46.993685 [debug] [Thread-4 (]: Writing injected SQL for node "model.grocery_sales.stg_customers"
[0m19:56:46.993897 [debug] [Thread-3 (]: Began executing node model.grocery_sales.stg_countries
[0m19:56:46.994149 [debug] [Thread-2 (]: Began executing node model.grocery_sales.stg_cities
[0m19:56:47.017229 [debug] [Thread-3 (]: Writing runtime sql for node "model.grocery_sales.stg_countries"
[0m19:56:47.019711 [debug] [Thread-2 (]: Writing runtime sql for node "model.grocery_sales.stg_cities"
[0m19:56:47.019988 [debug] [Thread-1 (]: Began executing node model.grocery_sales.stg_categories
[0m19:56:47.020305 [debug] [Thread-4 (]: Began executing node model.grocery_sales.stg_customers
[0m19:56:47.024704 [debug] [Thread-1 (]: Writing runtime sql for node "model.grocery_sales.stg_categories"
[0m19:56:47.026307 [debug] [Thread-4 (]: Writing runtime sql for node "model.grocery_sales.stg_customers"
[0m19:56:47.026655 [debug] [Thread-3 (]: Using postgres connection "model.grocery_sales.stg_countries"
[0m19:56:47.026960 [debug] [Thread-2 (]: Using postgres connection "model.grocery_sales.stg_cities"
[0m19:56:47.027251 [debug] [Thread-3 (]: On model.grocery_sales.stg_countries: /* {"app": "dbt", "dbt_version": "1.11.7", "profile_name": "grocery_sales", "target_name": "dev", "node_id": "model.grocery_sales.stg_countries"} */

  create view "grocery_sale"."public_staging"."stg_countries__dbt_tmp"
    
    
  as (
    SELECT
    country_id,
    country_name,
    country_code
FROM raw.countries
  );
[0m19:56:47.027514 [debug] [Thread-2 (]: On model.grocery_sales.stg_cities: /* {"app": "dbt", "dbt_version": "1.11.7", "profile_name": "grocery_sales", "target_name": "dev", "node_id": "model.grocery_sales.stg_cities"} */

  create view "grocery_sale"."public_staging"."stg_cities__dbt_tmp"
    
    
  as (
    select
    ci.city_id,
    ci.city_name,
    ci.zipcode,
    ci.country_id,
    co.country_name,
    co.country_code
from raw.cities ci
left join raw.countries co
    on ci.country_id = co.country_id
  );
[0m19:56:47.027788 [debug] [Thread-3 (]: Opening a new connection, currently in state init
[0m19:56:47.028019 [debug] [Thread-2 (]: Opening a new connection, currently in state init
[0m19:56:47.028269 [debug] [Thread-4 (]: Using postgres connection "model.grocery_sales.stg_customers"
[0m19:56:47.028485 [debug] [Thread-1 (]: Using postgres connection "model.grocery_sales.stg_categories"
[0m19:56:47.028854 [debug] [Thread-4 (]: On model.grocery_sales.stg_customers: /* {"app": "dbt", "dbt_version": "1.11.7", "profile_name": "grocery_sales", "target_name": "dev", "node_id": "model.grocery_sales.stg_customers"} */

  create view "grocery_sale"."public_staging"."stg_customers__dbt_tmp"
    
    
  as (
    select
    customer_id,
    first_name,
    middle_initial,
    last_name,
    concat(first_name, ' ', last_name) as full_name,
    city_id,
    address
from raw.customers
  );
[0m19:56:47.029268 [debug] [Thread-1 (]: On model.grocery_sales.stg_categories: /* {"app": "dbt", "dbt_version": "1.11.7", "profile_name": "grocery_sales", "target_name": "dev", "node_id": "model.grocery_sales.stg_categories"} */

  create view "grocery_sale"."public_staging"."stg_categories__dbt_tmp"
    
    
  as (
    select
    category_id,
    category_name
from raw.categories
  );
[0m19:56:47.029534 [debug] [Thread-4 (]: Opening a new connection, currently in state init
[0m19:56:47.029764 [debug] [Thread-1 (]: Opening a new connection, currently in state init
[0m19:56:47.070131 [debug] [Thread-3 (]: SQL status: CREATE VIEW in 0.042 seconds
[0m19:56:47.070479 [debug] [Thread-2 (]: SQL status: CREATE VIEW in 0.042 seconds
[0m19:56:47.070846 [debug] [Thread-4 (]: SQL status: CREATE VIEW in 0.041 seconds
[0m19:56:47.074028 [debug] [Thread-1 (]: SQL status: CREATE VIEW in 0.044 seconds
[0m19:56:47.075548 [debug] [Thread-3 (]: Using postgres connection "model.grocery_sales.stg_countries"
[0m19:56:47.077170 [debug] [Thread-2 (]: Using postgres connection "model.grocery_sales.stg_cities"
[0m19:56:47.079471 [debug] [Thread-4 (]: Using postgres connection "model.grocery_sales.stg_customers"
[0m19:56:47.080934 [debug] [Thread-1 (]: Using postgres connection "model.grocery_sales.stg_categories"
[0m19:56:47.081167 [debug] [Thread-3 (]: On model.grocery_sales.stg_countries: /* {"app": "dbt", "dbt_version": "1.11.7", "profile_name": "grocery_sales", "target_name": "dev", "node_id": "model.grocery_sales.stg_countries"} */
alter table "grocery_sale"."public_staging"."stg_countries" rename to "stg_countries__dbt_backup"
[0m19:56:47.081531 [debug] [Thread-2 (]: On model.grocery_sales.stg_cities: /* {"app": "dbt", "dbt_version": "1.11.7", "profile_name": "grocery_sales", "target_name": "dev", "node_id": "model.grocery_sales.stg_cities"} */
alter table "grocery_sale"."public_staging"."stg_cities" rename to "stg_cities__dbt_backup"
[0m19:56:47.081784 [debug] [Thread-4 (]: On model.grocery_sales.stg_customers: /* {"app": "dbt", "dbt_version": "1.11.7", "profile_name": "grocery_sales", "target_name": "dev", "node_id": "model.grocery_sales.stg_customers"} */
alter table "grocery_sale"."public_staging"."stg_customers" rename to "stg_customers__dbt_backup"
[0m19:56:47.082022 [debug] [Thread-1 (]: On model.grocery_sales.stg_categories: /* {"app": "dbt", "dbt_version": "1.11.7", "profile_name": "grocery_sales", "target_name": "dev", "node_id": "model.grocery_sales.stg_categories"} */
alter table "grocery_sale"."public_staging"."stg_categories" rename to "stg_categories__dbt_backup"
[0m19:56:47.082560 [debug] [Thread-1 (]: SQL status: ALTER TABLE in 0.000 seconds
[0m19:56:47.084568 [debug] [Thread-1 (]: Using postgres connection "model.grocery_sales.stg_categories"
[0m19:56:47.084789 [debug] [Thread-4 (]: SQL status: ALTER TABLE in 0.002 seconds
[0m19:56:47.084999 [debug] [Thread-3 (]: SQL status: ALTER TABLE in 0.003 seconds
[0m19:56:47.085214 [debug] [Thread-1 (]: On model.grocery_sales.stg_categories: /* {"app": "dbt", "dbt_version": "1.11.7", "profile_name": "grocery_sales", "target_name": "dev", "node_id": "model.grocery_sales.stg_categories"} */
alter table "grocery_sale"."public_staging"."stg_categories__dbt_tmp" rename to "stg_categories"
[0m19:56:47.085435 [debug] [Thread-2 (]: SQL status: ALTER TABLE in 0.003 seconds
[0m19:56:47.086950 [debug] [Thread-4 (]: Using postgres connection "model.grocery_sales.stg_customers"
[0m19:56:47.088291 [debug] [Thread-3 (]: Using postgres connection "model.grocery_sales.stg_countries"
[0m19:56:47.089652 [debug] [Thread-2 (]: Using postgres connection "model.grocery_sales.stg_cities"
[0m19:56:47.089884 [debug] [Thread-4 (]: On model.grocery_sales.stg_customers: /* {"app": "dbt", "dbt_version": "1.11.7", "profile_name": "grocery_sales", "target_name": "dev", "node_id": "model.grocery_sales.stg_customers"} */
alter table "grocery_sale"."public_staging"."stg_customers__dbt_tmp" rename to "stg_customers"
[0m19:56:47.090089 [debug] [Thread-1 (]: SQL status: ALTER TABLE in 0.002 seconds
[0m19:56:47.090304 [debug] [Thread-3 (]: On model.grocery_sales.stg_countries: /* {"app": "dbt", "dbt_version": "1.11.7", "profile_name": "grocery_sales", "target_name": "dev", "node_id": "model.grocery_sales.stg_countries"} */
alter table "grocery_sale"."public_staging"."stg_countries__dbt_tmp" rename to "stg_countries"
[0m19:56:47.090542 [debug] [Thread-2 (]: On model.grocery_sales.stg_cities: /* {"app": "dbt", "dbt_version": "1.11.7", "profile_name": "grocery_sales", "target_name": "dev", "node_id": "model.grocery_sales.stg_cities"} */
alter table "grocery_sale"."public_staging"."stg_cities__dbt_tmp" rename to "stg_cities"
[0m19:56:47.099683 [debug] [Thread-1 (]: On model.grocery_sales.stg_categories: COMMIT
[0m19:56:47.099941 [debug] [Thread-4 (]: SQL status: ALTER TABLE in 0.009 seconds
[0m19:56:47.100297 [debug] [Thread-1 (]: Using postgres connection "model.grocery_sales.stg_categories"
[0m19:56:47.100554 [debug] [Thread-2 (]: SQL status: ALTER TABLE in 0.000 seconds
[0m19:56:47.101389 [debug] [Thread-4 (]: On model.grocery_sales.stg_customers: COMMIT
[0m19:56:47.101610 [debug] [Thread-3 (]: SQL status: ALTER TABLE in 0.001 seconds
[0m19:56:47.101839 [debug] [Thread-1 (]: On model.grocery_sales.stg_categories: COMMIT
[0m19:56:47.102655 [debug] [Thread-2 (]: On model.grocery_sales.stg_cities: COMMIT
[0m19:56:47.102896 [debug] [Thread-4 (]: Using postgres connection "model.grocery_sales.stg_customers"
[0m19:56:47.103668 [debug] [Thread-3 (]: On model.grocery_sales.stg_countries: COMMIT
[0m19:56:47.103922 [debug] [Thread-2 (]: Using postgres connection "model.grocery_sales.stg_cities"
[0m19:56:47.104328 [debug] [Thread-4 (]: On model.grocery_sales.stg_customers: COMMIT
[0m19:56:47.104697 [debug] [Thread-3 (]: Using postgres connection "model.grocery_sales.stg_countries"
[0m19:56:47.104947 [debug] [Thread-2 (]: On model.grocery_sales.stg_cities: COMMIT
[0m19:56:47.105250 [debug] [Thread-1 (]: SQL status: COMMIT in 0.001 seconds
[0m19:56:47.105525 [debug] [Thread-3 (]: On model.grocery_sales.stg_countries: COMMIT
[0m19:56:47.109819 [debug] [Thread-1 (]: Applying DROP to: "grocery_sale"."public_staging"."stg_categories__dbt_backup"
[0m19:56:47.110085 [debug] [Thread-2 (]: SQL status: COMMIT in 0.004 seconds
[0m19:56:47.110327 [debug] [Thread-4 (]: SQL status: COMMIT in 0.005 seconds
[0m19:56:47.113115 [debug] [Thread-1 (]: Using postgres connection "model.grocery_sales.stg_categories"
[0m19:56:47.113366 [debug] [Thread-3 (]: SQL status: COMMIT in 0.003 seconds
[0m19:56:47.114830 [debug] [Thread-2 (]: Applying DROP to: "grocery_sale"."public_staging"."stg_cities__dbt_backup"
[0m19:56:47.116267 [debug] [Thread-4 (]: Applying DROP to: "grocery_sale"."public_staging"."stg_customers__dbt_backup"
[0m19:56:47.116543 [debug] [Thread-1 (]: On model.grocery_sales.stg_categories: /* {"app": "dbt", "dbt_version": "1.11.7", "profile_name": "grocery_sales", "target_name": "dev", "node_id": "model.grocery_sales.stg_categories"} */
drop view if exists "grocery_sale"."public_staging"."stg_categories__dbt_backup" cascade
[0m19:56:47.117955 [debug] [Thread-3 (]: Applying DROP to: "grocery_sale"."public_staging"."stg_countries__dbt_backup"
[0m19:56:47.118383 [debug] [Thread-2 (]: Using postgres connection "model.grocery_sales.stg_cities"
[0m19:56:47.118802 [debug] [Thread-4 (]: Using postgres connection "model.grocery_sales.stg_customers"
[0m19:56:47.119238 [debug] [Thread-3 (]: Using postgres connection "model.grocery_sales.stg_countries"
[0m19:56:47.119463 [debug] [Thread-2 (]: On model.grocery_sales.stg_cities: /* {"app": "dbt", "dbt_version": "1.11.7", "profile_name": "grocery_sales", "target_name": "dev", "node_id": "model.grocery_sales.stg_cities"} */
drop view if exists "grocery_sale"."public_staging"."stg_cities__dbt_backup" cascade
[0m19:56:47.119703 [debug] [Thread-4 (]: On model.grocery_sales.stg_customers: /* {"app": "dbt", "dbt_version": "1.11.7", "profile_name": "grocery_sales", "target_name": "dev", "node_id": "model.grocery_sales.stg_customers"} */
drop view if exists "grocery_sale"."public_staging"."stg_customers__dbt_backup" cascade
[0m19:56:47.119992 [debug] [Thread-3 (]: On model.grocery_sales.stg_countries: /* {"app": "dbt", "dbt_version": "1.11.7", "profile_name": "grocery_sales", "target_name": "dev", "node_id": "model.grocery_sales.stg_countries"} */
drop view if exists "grocery_sale"."public_staging"."stg_countries__dbt_backup" cascade
[0m19:56:47.122444 [debug] [Thread-1 (]: SQL status: DROP VIEW in 0.003 seconds
[0m19:56:47.123858 [debug] [Thread-1 (]: On model.grocery_sales.stg_categories: Close
[0m19:56:47.124281 [debug] [Thread-2 (]: SQL status: DROP VIEW in 0.004 seconds
[0m19:56:47.124748 [debug] [Thread-4 (]: SQL status: DROP VIEW in 0.004 seconds
[0m19:56:47.126606 [debug] [Thread-2 (]: On model.grocery_sales.stg_cities: Close
[0m19:56:47.126850 [debug] [Thread-3 (]: SQL status: DROP VIEW in 0.007 seconds
[0m19:56:47.127604 [debug] [Thread-4 (]: On model.grocery_sales.stg_customers: Close
[0m19:56:47.128760 [debug] [Thread-3 (]: On model.grocery_sales.stg_countries: Close
[0m19:56:47.129211 [debug] [Thread-1 (]: Sending event: {'category': 'dbt', 'action': 'run_model', 'label': 'dea5fc04-6fbc-446f-bdcf-cd7cbc1e6eb8', 'context': [<snowplow_tracker.self_describing_json.SelfDescribingJson object at 0x000001B3AF418110>]}
[0m19:56:47.129513 [debug] [Thread-2 (]: Sending event: {'category': 'dbt', 'action': 'run_model', 'label': 'dea5fc04-6fbc-446f-bdcf-cd7cbc1e6eb8', 'context': [<snowplow_tracker.self_describing_json.SelfDescribingJson object at 0x000001B3AEE224C0>]}
[0m19:56:47.129799 [debug] [Thread-3 (]: Sending event: {'category': 'dbt', 'action': 'run_model', 'label': 'dea5fc04-6fbc-446f-bdcf-cd7cbc1e6eb8', 'context': [<snowplow_tracker.self_describing_json.SelfDescribingJson object at 0x000001B3AEE21860>]}
[0m19:56:47.130093 [debug] [Thread-4 (]: Sending event: {'category': 'dbt', 'action': 'run_model', 'label': 'dea5fc04-6fbc-446f-bdcf-cd7cbc1e6eb8', 'context': [<snowplow_tracker.self_describing_json.SelfDescribingJson object at 0x000001B3AF95CAF0>]}
[0m19:56:47.130507 [info ] [Thread-1 (]: 1 of 17 OK created sql view model public_staging.stg_categories ................ [[32mCREATE VIEW[0m in 0.14s]
[0m19:56:47.130869 [info ] [Thread-2 (]: 2 of 17 OK created sql view model public_staging.stg_cities .................... [[32mCREATE VIEW[0m in 0.14s]
[0m19:56:47.132013 [debug] [Thread-1 (]: Finished running node model.grocery_sales.stg_categories
[0m19:56:47.132333 [debug] [Thread-2 (]: Finished running node model.grocery_sales.stg_cities
[0m19:56:47.131303 [info ] [Thread-3 (]: 3 of 17 OK created sql view model public_staging.stg_countries ................. [[32mCREATE VIEW[0m in 0.14s]
[0m19:56:47.132625 [debug] [Thread-1 (]: Began running node model.grocery_sales.stg_products
[0m19:56:47.131627 [info ] [Thread-4 (]: 4 of 17 OK created sql view model public_staging.stg_customers ................. [[32mCREATE VIEW[0m in 0.14s]
[0m19:56:47.133022 [debug] [Thread-2 (]: Began running node model.grocery_sales.stg_sales
[0m19:56:47.133377 [debug] [Thread-3 (]: Finished running node model.grocery_sales.stg_countries
[0m19:56:47.134404 [debug] [Thread-4 (]: Finished running node model.grocery_sales.stg_customers
[0m19:56:47.133932 [info ] [Thread-1 (]: 5 of 17 START sql view model public_staging.stg_products ....................... [RUN]
[0m19:56:47.134974 [debug] [Thread-3 (]: Began running node model.grocery_sales.stg_employees
[0m19:56:47.134755 [info ] [Thread-2 (]: 6 of 17 START sql view model public_staging.stg_sales .......................... [RUN]
[0m19:56:47.135446 [debug] [Thread-1 (]: Re-using an available connection from the pool (formerly model.grocery_sales.stg_categories, now model.grocery_sales.stg_products)
[0m19:56:47.135674 [debug] [Thread-4 (]: Began running node model.grocery_sales.stg_city_enriched
[0m19:56:47.136205 [debug] [Thread-2 (]: Re-using an available connection from the pool (formerly model.grocery_sales.stg_cities, now model.grocery_sales.stg_sales)
[0m19:56:47.135983 [info ] [Thread-3 (]: 7 of 17 START sql view model public_staging.stg_employees ...................... [RUN]
[0m19:56:47.136624 [debug] [Thread-1 (]: Began compiling node model.grocery_sales.stg_products
[0m19:56:47.137294 [debug] [Thread-2 (]: Began compiling node model.grocery_sales.stg_sales
[0m19:56:47.137088 [info ] [Thread-4 (]: 8 of 17 START sql view model public_staging.stg_city_enriched .................. [RUN]
[0m19:56:47.137585 [debug] [Thread-3 (]: Re-using an available connection from the pool (formerly model.grocery_sales.stg_countries, now model.grocery_sales.stg_employees)
[0m19:56:47.138616 [debug] [Thread-1 (]: Writing injected SQL for node "model.grocery_sales.stg_products"
[0m19:56:47.139512 [debug] [Thread-2 (]: Writing injected SQL for node "model.grocery_sales.stg_sales"
[0m19:56:47.139765 [debug] [Thread-4 (]: Re-using an available connection from the pool (formerly model.grocery_sales.stg_customers, now model.grocery_sales.stg_city_enriched)
[0m19:56:47.140000 [debug] [Thread-3 (]: Began compiling node model.grocery_sales.stg_employees
[0m19:56:47.140354 [debug] [Thread-4 (]: Began compiling node model.grocery_sales.stg_city_enriched
[0m19:56:47.141995 [debug] [Thread-3 (]: Writing injected SQL for node "model.grocery_sales.stg_employees"
[0m19:56:47.143818 [debug] [Thread-4 (]: Writing injected SQL for node "model.grocery_sales.stg_city_enriched"
[0m19:56:47.144243 [debug] [Thread-2 (]: Began executing node model.grocery_sales.stg_sales
[0m19:56:47.144553 [debug] [Thread-1 (]: Began executing node model.grocery_sales.stg_products
[0m19:56:47.146342 [debug] [Thread-2 (]: Writing runtime sql for node "model.grocery_sales.stg_sales"
[0m19:56:47.148084 [debug] [Thread-1 (]: Writing runtime sql for node "model.grocery_sales.stg_products"
[0m19:56:47.148366 [debug] [Thread-3 (]: Began executing node model.grocery_sales.stg_employees
[0m19:56:47.148709 [debug] [Thread-4 (]: Began executing node model.grocery_sales.stg_city_enriched
[0m19:56:47.151369 [debug] [Thread-3 (]: Writing runtime sql for node "model.grocery_sales.stg_employees"
[0m19:56:47.153736 [debug] [Thread-4 (]: Writing runtime sql for node "model.grocery_sales.stg_city_enriched"
[0m19:56:47.154269 [debug] [Thread-2 (]: Using postgres connection "model.grocery_sales.stg_sales"
[0m19:56:47.154963 [debug] [Thread-1 (]: Using postgres connection "model.grocery_sales.stg_products"
[0m19:56:47.155202 [debug] [Thread-2 (]: On model.grocery_sales.stg_sales: /* {"app": "dbt", "dbt_version": "1.11.7", "profile_name": "grocery_sales", "target_name": "dev", "node_id": "model.grocery_sales.stg_sales"} */

  create view "grocery_sale"."public_staging"."stg_sales__dbt_tmp"
    
    
  as (
    select
    sales_id,
    salesperson_id,
    customer_id,
    product_id,
    quantity,
    discount,
    total_price,
    sales_date,
    transaction_number
from raw.sales
  );
[0m19:56:47.155629 [debug] [Thread-1 (]: On model.grocery_sales.stg_products: /* {"app": "dbt", "dbt_version": "1.11.7", "profile_name": "grocery_sales", "target_name": "dev", "node_id": "model.grocery_sales.stg_products"} */

  create view "grocery_sale"."public_staging"."stg_products__dbt_tmp"
    
    
  as (
    select
    product_id,
    product_name,
    price,
    category_id,
    class,
    modify_date,
    resistant,
    is_allergic,
    vitality_days
from raw.products
  );
[0m19:56:47.155975 [debug] [Thread-2 (]: Opening a new connection, currently in state closed
[0m19:56:47.156276 [debug] [Thread-1 (]: Opening a new connection, currently in state closed
[0m19:56:47.156543 [debug] [Thread-3 (]: Using postgres connection "model.grocery_sales.stg_employees"
[0m19:56:47.157240 [debug] [Thread-4 (]: Using postgres connection "model.grocery_sales.stg_city_enriched"
[0m19:56:47.157558 [debug] [Thread-3 (]: On model.grocery_sales.stg_employees: /* {"app": "dbt", "dbt_version": "1.11.7", "profile_name": "grocery_sales", "target_name": "dev", "node_id": "model.grocery_sales.stg_employees"} */

  create view "grocery_sale"."public_staging"."stg_employees__dbt_tmp"
    
    
  as (
    select
    e.employee_id,
    e.first_name,
    e.middle_initial,
    e.last_name,
    concat(e.first_name, ' ', e.last_name) as full_name,
    e.birth_date,
    e.gender,
    e.city_id,
    ci.city_name,
    ci.country_id,
    ci.country_name,
    e.hire_date
from raw.employees e
left join "grocery_sale"."public_staging"."stg_cities" ci
    on e.city_id = ci.city_id
  );
[0m19:56:47.157803 [debug] [Thread-4 (]: On model.grocery_sales.stg_city_enriched: /* {"app": "dbt", "dbt_version": "1.11.7", "profile_name": "grocery_sales", "target_name": "dev", "node_id": "model.grocery_sales.stg_city_enriched"} */

  create view "grocery_sale"."public_staging"."stg_city_enriched__dbt_tmp"
    
    
  as (
    select
    ci.city_id,
    ci.city_name,
    ci.zipcode,
    ci.country_id,
    co.country_name,
    co.country_code
from "grocery_sale"."public_staging"."stg_cities" ci
left join "grocery_sale"."public_staging"."stg_countries" co
    on ci.country_id = co.country_id
  );
[0m19:56:47.158024 [debug] [Thread-3 (]: Opening a new connection, currently in state closed
[0m19:56:47.158243 [debug] [Thread-4 (]: Opening a new connection, currently in state closed
[0m19:56:47.197183 [debug] [Thread-1 (]: SQL status: CREATE VIEW in 0.041 seconds
[0m19:56:47.199164 [debug] [Thread-1 (]: Using postgres connection "model.grocery_sales.stg_products"
[0m19:56:47.199417 [debug] [Thread-2 (]: SQL status: CREATE VIEW in 0.043 seconds
[0m19:56:47.199812 [debug] [Thread-1 (]: On model.grocery_sales.stg_products: /* {"app": "dbt", "dbt_version": "1.11.7", "profile_name": "grocery_sales", "target_name": "dev", "node_id": "model.grocery_sales.stg_products"} */
alter table "grocery_sale"."public_staging"."stg_products" rename to "stg_products__dbt_backup"
[0m19:56:47.201805 [debug] [Thread-2 (]: Using postgres connection "model.grocery_sales.stg_sales"
[0m19:56:47.202332 [debug] [Thread-2 (]: On model.grocery_sales.stg_sales: /* {"app": "dbt", "dbt_version": "1.11.7", "profile_name": "grocery_sales", "target_name": "dev", "node_id": "model.grocery_sales.stg_sales"} */
alter table "grocery_sale"."public_staging"."stg_sales" rename to "stg_sales__dbt_backup"
[0m19:56:47.202753 [debug] [Thread-1 (]: SQL status: ALTER TABLE in 0.001 seconds
[0m19:56:47.204263 [debug] [Thread-1 (]: Using postgres connection "model.grocery_sales.stg_products"
[0m19:56:47.204478 [debug] [Thread-2 (]: SQL status: ALTER TABLE in 0.001 seconds
[0m19:56:47.204689 [debug] [Thread-1 (]: On model.grocery_sales.stg_products: /* {"app": "dbt", "dbt_version": "1.11.7", "profile_name": "grocery_sales", "target_name": "dev", "node_id": "model.grocery_sales.stg_products"} */
alter table "grocery_sale"."public_staging"."stg_products__dbt_tmp" rename to "stg_products"
[0m19:56:47.206772 [debug] [Thread-2 (]: Using postgres connection "model.grocery_sales.stg_sales"
[0m19:56:47.207032 [debug] [Thread-4 (]: SQL status: CREATE VIEW in 0.049 seconds
[0m19:56:47.207355 [debug] [Thread-3 (]: SQL status: CREATE VIEW in 0.049 seconds
[0m19:56:47.207774 [debug] [Thread-2 (]: On model.grocery_sales.stg_sales: /* {"app": "dbt", "dbt_version": "1.11.7", "profile_name": "grocery_sales", "target_name": "dev", "node_id": "model.grocery_sales.stg_sales"} */
alter table "grocery_sale"."public_staging"."stg_sales__dbt_tmp" rename to "stg_sales"
[0m19:56:47.210453 [debug] [Thread-3 (]: Using postgres connection "model.grocery_sales.stg_employees"
[0m19:56:47.210711 [debug] [Thread-1 (]: SQL status: ALTER TABLE in 0.003 seconds
[0m19:56:47.211257 [debug] [Thread-4 (]: Using postgres connection "model.grocery_sales.stg_city_enriched"
[0m19:56:47.211734 [debug] [Thread-2 (]: SQL status: ALTER TABLE in 0.001 seconds
[0m19:56:47.211927 [debug] [Thread-3 (]: On model.grocery_sales.stg_employees: /* {"app": "dbt", "dbt_version": "1.11.7", "profile_name": "grocery_sales", "target_name": "dev", "node_id": "model.grocery_sales.stg_employees"} */
alter table "grocery_sale"."public_staging"."stg_employees__dbt_tmp" rename to "stg_employees"
[0m19:56:47.212733 [debug] [Thread-1 (]: On model.grocery_sales.stg_products: COMMIT
[0m19:56:47.212943 [debug] [Thread-4 (]: On model.grocery_sales.stg_city_enriched: /* {"app": "dbt", "dbt_version": "1.11.7", "profile_name": "grocery_sales", "target_name": "dev", "node_id": "model.grocery_sales.stg_city_enriched"} */
alter table "grocery_sale"."public_staging"."stg_city_enriched__dbt_tmp" rename to "stg_city_enriched"
[0m19:56:47.213696 [debug] [Thread-2 (]: On model.grocery_sales.stg_sales: COMMIT
[0m19:56:47.213931 [debug] [Thread-1 (]: Using postgres connection "model.grocery_sales.stg_products"
[0m19:56:47.214153 [debug] [Thread-2 (]: Using postgres connection "model.grocery_sales.stg_sales"
[0m19:56:47.214449 [debug] [Thread-3 (]: SQL status: ALTER TABLE in 0.000 seconds
[0m19:56:47.214800 [debug] [Thread-1 (]: On model.grocery_sales.stg_products: COMMIT
[0m19:56:47.215138 [debug] [Thread-4 (]: SQL status: ALTER TABLE in 0.001 seconds
[0m19:56:47.215567 [debug] [Thread-2 (]: On model.grocery_sales.stg_sales: COMMIT
[0m19:56:47.216294 [debug] [Thread-3 (]: On model.grocery_sales.stg_employees: COMMIT
[0m19:56:47.217014 [debug] [Thread-4 (]: On model.grocery_sales.stg_city_enriched: COMMIT
[0m19:56:47.217328 [debug] [Thread-3 (]: Using postgres connection "model.grocery_sales.stg_employees"
[0m19:56:47.217543 [debug] [Thread-1 (]: SQL status: COMMIT in 0.001 seconds
[0m19:56:47.217794 [debug] [Thread-4 (]: Using postgres connection "model.grocery_sales.stg_city_enriched"
[0m19:56:47.218007 [debug] [Thread-2 (]: SQL status: COMMIT in 0.001 seconds
[0m19:56:47.218199 [debug] [Thread-3 (]: On model.grocery_sales.stg_employees: COMMIT
[0m19:56:47.222679 [debug] [Thread-1 (]: Applying DROP to: "grocery_sale"."public_staging"."stg_products__dbt_backup"
[0m19:56:47.223046 [debug] [Thread-4 (]: On model.grocery_sales.stg_city_enriched: COMMIT
[0m19:56:47.224249 [debug] [Thread-2 (]: Applying DROP to: "grocery_sale"."public_staging"."stg_sales__dbt_backup"
[0m19:56:47.224640 [debug] [Thread-1 (]: Using postgres connection "model.grocery_sales.stg_products"
[0m19:56:47.225075 [debug] [Thread-2 (]: Using postgres connection "model.grocery_sales.stg_sales"
[0m19:56:47.225270 [debug] [Thread-3 (]: SQL status: COMMIT in 0.001 seconds
[0m19:56:47.225524 [debug] [Thread-1 (]: On model.grocery_sales.stg_products: /* {"app": "dbt", "dbt_version": "1.11.7", "profile_name": "grocery_sales", "target_name": "dev", "node_id": "model.grocery_sales.stg_products"} */
drop view if exists "grocery_sale"."public_staging"."stg_products__dbt_backup" cascade
[0m19:56:47.225836 [debug] [Thread-4 (]: SQL status: COMMIT in 0.001 seconds
[0m19:56:47.226130 [debug] [Thread-2 (]: On model.grocery_sales.stg_sales: /* {"app": "dbt", "dbt_version": "1.11.7", "profile_name": "grocery_sales", "target_name": "dev", "node_id": "model.grocery_sales.stg_sales"} */
drop view if exists "grocery_sale"."public_staging"."stg_sales__dbt_backup" cascade
[0m19:56:47.227405 [debug] [Thread-3 (]: Applying DROP to: "grocery_sale"."public_staging"."stg_employees__dbt_backup"
[0m19:56:47.229015 [debug] [Thread-4 (]: Applying DROP to: "grocery_sale"."public_staging"."stg_city_enriched__dbt_backup"
[0m19:56:47.229255 [debug] [Thread-1 (]: SQL status: DROP VIEW in 0.002 seconds
[0m19:56:47.229658 [debug] [Thread-3 (]: Using postgres connection "model.grocery_sales.stg_employees"
[0m19:56:47.230046 [debug] [Thread-4 (]: Using postgres connection "model.grocery_sales.stg_city_enriched"
[0m19:56:47.230847 [debug] [Thread-1 (]: On model.grocery_sales.stg_products: Close
[0m19:56:47.230281 [debug] [Thread-2 (]: SQL status: DROP VIEW in 0.001 seconds
[0m19:56:47.231207 [debug] [Thread-3 (]: On model.grocery_sales.stg_employees: /* {"app": "dbt", "dbt_version": "1.11.7", "profile_name": "grocery_sales", "target_name": "dev", "node_id": "model.grocery_sales.stg_employees"} */
drop view if exists "grocery_sale"."public_staging"."stg_employees__dbt_backup" cascade
[0m19:56:47.231418 [debug] [Thread-4 (]: On model.grocery_sales.stg_city_enriched: /* {"app": "dbt", "dbt_version": "1.11.7", "profile_name": "grocery_sales", "target_name": "dev", "node_id": "model.grocery_sales.stg_city_enriched"} */
drop view if exists "grocery_sale"."public_staging"."stg_city_enriched__dbt_backup" cascade
[0m19:56:47.232080 [debug] [Thread-2 (]: On model.grocery_sales.stg_sales: Close
[0m19:56:47.232760 [debug] [Thread-1 (]: Sending event: {'category': 'dbt', 'action': 'run_model', 'label': 'dea5fc04-6fbc-446f-bdcf-cd7cbc1e6eb8', 'context': [<snowplow_tracker.self_describing_json.SelfDescribingJson object at 0x000001B3AF09A9E0>]}
[0m19:56:47.233939 [debug] [Thread-3 (]: SQL status: DROP VIEW in 0.001 seconds
[0m19:56:47.234651 [debug] [Thread-3 (]: On model.grocery_sales.stg_employees: Close
[0m19:56:47.235103 [debug] [Thread-2 (]: Sending event: {'category': 'dbt', 'action': 'run_model', 'label': 'dea5fc04-6fbc-446f-bdcf-cd7cbc1e6eb8', 'context': [<snowplow_tracker.self_describing_json.SelfDescribingJson object at 0x000001B3AF4C4050>]}
[0m19:56:47.233702 [info ] [Thread-1 (]: 5 of 17 OK created sql view model public_staging.stg_products .................. [[32mCREATE VIEW[0m in 0.10s]
[0m19:56:47.235770 [debug] [Thread-4 (]: SQL status: DROP VIEW in 0.003 seconds
[0m19:56:47.236532 [debug] [Thread-3 (]: Sending event: {'category': 'dbt', 'action': 'run_model', 'label': 'dea5fc04-6fbc-446f-bdcf-cd7cbc1e6eb8', 'context': [<snowplow_tracker.self_describing_json.SelfDescribingJson object at 0x000001B3AF4C50D0>]}
[0m19:56:47.236859 [debug] [Thread-1 (]: Finished running node model.grocery_sales.stg_products
[0m19:56:47.236230 [info ] [Thread-2 (]: 6 of 17 OK created sql view model public_staging.stg_sales ..................... [[32mCREATE VIEW[0m in 0.10s]
[0m19:56:47.237673 [debug] [Thread-4 (]: On model.grocery_sales.stg_city_enriched: Close
[0m19:56:47.238279 [info ] [Thread-3 (]: 7 of 17 OK created sql view model public_staging.stg_employees ................. [[32mCREATE VIEW[0m in 0.10s]
[0m19:56:47.239282 [debug] [Thread-2 (]: Finished running node model.grocery_sales.stg_sales
[0m19:56:47.239709 [debug] [Thread-1 (]: Began running node model.grocery_sales.stg_product_enriched
[0m19:56:47.240115 [debug] [Thread-3 (]: Finished running node model.grocery_sales.stg_employees
[0m19:56:47.240408 [debug] [Thread-4 (]: Sending event: {'category': 'dbt', 'action': 'run_model', 'label': 'dea5fc04-6fbc-446f-bdcf-cd7cbc1e6eb8', 'context': [<snowplow_tracker.self_describing_json.SelfDescribingJson object at 0x000001B3AF4C6510>]}
[0m19:56:47.240785 [info ] [Thread-1 (]: 9 of 17 START sql view model public_staging.stg_product_enriched ............... [RUN]
[0m19:56:47.241576 [debug] [Thread-1 (]: Re-using an available connection from the pool (formerly model.grocery_sales.stg_products, now model.grocery_sales.stg_product_enriched)
[0m19:56:47.241797 [debug] [Thread-1 (]: Began compiling node model.grocery_sales.stg_product_enriched
[0m19:56:47.241319 [info ] [Thread-4 (]: 8 of 17 OK created sql view model public_staging.stg_city_enriched ............. [[32mCREATE VIEW[0m in 0.10s]
[0m19:56:47.243618 [debug] [Thread-1 (]: Writing injected SQL for node "model.grocery_sales.stg_product_enriched"
[0m19:56:47.244270 [debug] [Thread-4 (]: Finished running node model.grocery_sales.stg_city_enriched
[0m19:56:47.245028 [debug] [Thread-3 (]: Began running node model.grocery_sales.stg_employee_enriched
[0m19:56:47.245524 [debug] [Thread-2 (]: Began running node model.grocery_sales.stg_customer_enriched
[0m19:56:47.245328 [info ] [Thread-3 (]: 11 of 17 START sql view model public_staging.stg_employee_enriched ............. [RUN]
[0m19:56:47.246178 [debug] [Thread-3 (]: Re-using an available connection from the pool (formerly model.grocery_sales.stg_employees, now model.grocery_sales.stg_employee_enriched)
[0m19:56:47.246449 [debug] [Thread-1 (]: Began executing node model.grocery_sales.stg_product_enriched
[0m19:56:47.245938 [info ] [Thread-2 (]: 10 of 17 START sql view model public_staging.stg_customer_enriched ............. [RUN]
[0m19:56:47.246746 [debug] [Thread-3 (]: Began compiling node model.grocery_sales.stg_employee_enriched
[0m19:56:47.248842 [debug] [Thread-1 (]: Writing runtime sql for node "model.grocery_sales.stg_product_enriched"
[0m19:56:47.249218 [debug] [Thread-2 (]: Re-using an available connection from the pool (formerly model.grocery_sales.stg_sales, now model.grocery_sales.stg_customer_enriched)
[0m19:56:47.250798 [debug] [Thread-3 (]: Writing injected SQL for node "model.grocery_sales.stg_employee_enriched"
[0m19:56:47.251080 [debug] [Thread-2 (]: Began compiling node model.grocery_sales.stg_customer_enriched
[0m19:56:47.252891 [debug] [Thread-2 (]: Writing injected SQL for node "model.grocery_sales.stg_customer_enriched"
[0m19:56:47.253181 [debug] [Thread-1 (]: Using postgres connection "model.grocery_sales.stg_product_enriched"
[0m19:56:47.253506 [debug] [Thread-1 (]: On model.grocery_sales.stg_product_enriched: /* {"app": "dbt", "dbt_version": "1.11.7", "profile_name": "grocery_sales", "target_name": "dev", "node_id": "model.grocery_sales.stg_product_enriched"} */

  create view "grocery_sale"."public_staging"."stg_product_enriched__dbt_tmp"
    
    
  as (
    select
    p.product_id,
    p.product_name,
    p.price,
    p.category_id,
    c.category_name,
    p.class,
    p.modify_date,
    p.resistant,
    p.is_allergic,
    p.vitality_days
from "grocery_sale"."public_staging"."stg_products" p
left join "grocery_sale"."public_staging"."stg_categories" c
    on p.category_id = c.category_id
  );
[0m19:56:47.253765 [debug] [Thread-1 (]: Opening a new connection, currently in state closed
[0m19:56:47.254054 [debug] [Thread-3 (]: Began executing node model.grocery_sales.stg_employee_enriched
[0m19:56:47.256009 [debug] [Thread-3 (]: Writing runtime sql for node "model.grocery_sales.stg_employee_enriched"
[0m19:56:47.256355 [debug] [Thread-2 (]: Began executing node model.grocery_sales.stg_customer_enriched
[0m19:56:47.258156 [debug] [Thread-2 (]: Writing runtime sql for node "model.grocery_sales.stg_customer_enriched"
[0m19:56:47.258661 [debug] [Thread-2 (]: Using postgres connection "model.grocery_sales.stg_customer_enriched"
[0m19:56:47.258901 [debug] [Thread-2 (]: On model.grocery_sales.stg_customer_enriched: /* {"app": "dbt", "dbt_version": "1.11.7", "profile_name": "grocery_sales", "target_name": "dev", "node_id": "model.grocery_sales.stg_customer_enriched"} */

  create view "grocery_sale"."public_staging"."stg_customer_enriched__dbt_tmp"
    
    
  as (
    select
    cu.customer_id,
    cu.first_name,
    cu.middle_initial,
    cu.last_name,
    cu.full_name,
    cu.address,
    cu.city_id,
    ci.city_name,
    ci.country_id,
    ci.country_name
from "grocery_sale"."public_staging"."stg_customers" cu
left join "grocery_sale"."public_staging"."stg_city_enriched" ci
    on cu.city_id = ci.city_id
  );
[0m19:56:47.259146 [debug] [Thread-3 (]: Using postgres connection "model.grocery_sales.stg_employee_enriched"
[0m19:56:47.259373 [debug] [Thread-2 (]: Opening a new connection, currently in state closed
[0m19:56:47.259809 [debug] [Thread-3 (]: On model.grocery_sales.stg_employee_enriched: /* {"app": "dbt", "dbt_version": "1.11.7", "profile_name": "grocery_sales", "target_name": "dev", "node_id": "model.grocery_sales.stg_employee_enriched"} */

  create view "grocery_sale"."public_staging"."stg_employee_enriched__dbt_tmp"
    
    
  as (
    select
    e.employee_id,
    e.first_name,
    e.middle_initial,
    e.last_name,
    concat(e.first_name, ' ', e.last_name) as full_name,
    e.birth_date,
    e.gender,
    e.city_id,
    ci.city_name,
    ci.country_id,
    ci.country_name,
    e.hire_date
from "grocery_sale"."public_staging"."stg_employees" e
left join "grocery_sale"."public_staging"."stg_city_enriched" ci
    on e.city_id = ci.city_id
  );
[0m19:56:47.260227 [debug] [Thread-3 (]: Opening a new connection, currently in state closed
[0m19:56:47.289872 [debug] [Thread-1 (]: SQL status: CREATE VIEW in 0.036 seconds
[0m19:56:47.292254 [debug] [Thread-1 (]: Using postgres connection "model.grocery_sales.stg_product_enriched"
[0m19:56:47.292512 [debug] [Thread-1 (]: On model.grocery_sales.stg_product_enriched: /* {"app": "dbt", "dbt_version": "1.11.7", "profile_name": "grocery_sales", "target_name": "dev", "node_id": "model.grocery_sales.stg_product_enriched"} */
alter table "grocery_sale"."public_staging"."stg_product_enriched__dbt_tmp" rename to "stg_product_enriched"
[0m19:56:47.293048 [debug] [Thread-1 (]: SQL status: ALTER TABLE in 0.000 seconds
[0m19:56:47.293977 [debug] [Thread-1 (]: On model.grocery_sales.stg_product_enriched: COMMIT
[0m19:56:47.294221 [debug] [Thread-1 (]: Using postgres connection "model.grocery_sales.stg_product_enriched"
[0m19:56:47.294416 [debug] [Thread-1 (]: On model.grocery_sales.stg_product_enriched: COMMIT
[0m19:56:47.295111 [debug] [Thread-2 (]: SQL status: CREATE VIEW in 0.036 seconds
[0m19:56:47.296657 [debug] [Thread-2 (]: Using postgres connection "model.grocery_sales.stg_customer_enriched"
[0m19:56:47.296884 [debug] [Thread-1 (]: SQL status: COMMIT in 0.002 seconds
[0m19:56:47.297136 [debug] [Thread-2 (]: On model.grocery_sales.stg_customer_enriched: /* {"app": "dbt", "dbt_version": "1.11.7", "profile_name": "grocery_sales", "target_name": "dev", "node_id": "model.grocery_sales.stg_customer_enriched"} */
alter table "grocery_sale"."public_staging"."stg_customer_enriched__dbt_tmp" rename to "stg_customer_enriched"
[0m19:56:47.297360 [debug] [Thread-3 (]: SQL status: CREATE VIEW in 0.037 seconds
[0m19:56:47.298740 [debug] [Thread-1 (]: Applying DROP to: "grocery_sale"."public_staging"."stg_product_enriched__dbt_backup"
[0m19:56:47.300249 [debug] [Thread-3 (]: Using postgres connection "model.grocery_sales.stg_employee_enriched"
[0m19:56:47.300459 [debug] [Thread-2 (]: SQL status: ALTER TABLE in 0.001 seconds
[0m19:56:47.301016 [debug] [Thread-1 (]: Using postgres connection "model.grocery_sales.stg_product_enriched"
[0m19:56:47.301264 [debug] [Thread-3 (]: On model.grocery_sales.stg_employee_enriched: /* {"app": "dbt", "dbt_version": "1.11.7", "profile_name": "grocery_sales", "target_name": "dev", "node_id": "model.grocery_sales.stg_employee_enriched"} */
alter table "grocery_sale"."public_staging"."stg_employee_enriched__dbt_tmp" rename to "stg_employee_enriched"
[0m19:56:47.302027 [debug] [Thread-2 (]: On model.grocery_sales.stg_customer_enriched: COMMIT
[0m19:56:47.302417 [debug] [Thread-1 (]: On model.grocery_sales.stg_product_enriched: /* {"app": "dbt", "dbt_version": "1.11.7", "profile_name": "grocery_sales", "target_name": "dev", "node_id": "model.grocery_sales.stg_product_enriched"} */
drop view if exists "grocery_sale"."public_staging"."stg_product_enriched__dbt_backup" cascade
[0m19:56:47.302904 [debug] [Thread-2 (]: Using postgres connection "model.grocery_sales.stg_customer_enriched"
[0m19:56:47.303131 [debug] [Thread-3 (]: SQL status: ALTER TABLE in 0.000 seconds
[0m19:56:47.303365 [debug] [Thread-2 (]: On model.grocery_sales.stg_customer_enriched: COMMIT
[0m19:56:47.304136 [debug] [Thread-3 (]: On model.grocery_sales.stg_employee_enriched: COMMIT
[0m19:56:47.304522 [debug] [Thread-1 (]: SQL status: DROP VIEW in 0.001 seconds
[0m19:56:47.304946 [debug] [Thread-2 (]: SQL status: COMMIT in 0.001 seconds
[0m19:56:47.305169 [debug] [Thread-3 (]: Using postgres connection "model.grocery_sales.stg_employee_enriched"
[0m19:56:47.305888 [debug] [Thread-1 (]: On model.grocery_sales.stg_product_enriched: Close
[0m19:56:47.307023 [debug] [Thread-2 (]: Applying DROP to: "grocery_sale"."public_staging"."stg_customer_enriched__dbt_backup"
[0m19:56:47.307258 [debug] [Thread-3 (]: On model.grocery_sales.stg_employee_enriched: COMMIT
[0m19:56:47.307686 [debug] [Thread-2 (]: Using postgres connection "model.grocery_sales.stg_customer_enriched"
[0m19:56:47.308030 [debug] [Thread-1 (]: Sending event: {'category': 'dbt', 'action': 'run_model', 'label': 'dea5fc04-6fbc-446f-bdcf-cd7cbc1e6eb8', 'context': [<snowplow_tracker.self_describing_json.SelfDescribingJson object at 0x000001B3AF9221B0>]}
[0m19:56:47.308290 [debug] [Thread-2 (]: On model.grocery_sales.stg_customer_enriched: /* {"app": "dbt", "dbt_version": "1.11.7", "profile_name": "grocery_sales", "target_name": "dev", "node_id": "model.grocery_sales.stg_customer_enriched"} */
drop view if exists "grocery_sale"."public_staging"."stg_customer_enriched__dbt_backup" cascade
[0m19:56:47.308948 [debug] [Thread-3 (]: SQL status: COMMIT in 0.001 seconds
[0m19:56:47.308704 [info ] [Thread-1 (]: 9 of 17 OK created sql view model public_staging.stg_product_enriched .......... [[32mCREATE VIEW[0m in 0.07s]
[0m19:56:47.310488 [debug] [Thread-3 (]: Applying DROP to: "grocery_sale"."public_staging"."stg_employee_enriched__dbt_backup"
[0m19:56:47.310709 [debug] [Thread-2 (]: SQL status: DROP VIEW in 0.002 seconds
[0m19:56:47.311245 [debug] [Thread-1 (]: Finished running node model.grocery_sales.stg_product_enriched
[0m19:56:47.311835 [debug] [Thread-3 (]: Using postgres connection "model.grocery_sales.stg_employee_enriched"
[0m19:56:47.312567 [debug] [Thread-2 (]: On model.grocery_sales.stg_customer_enriched: Close
[0m19:56:47.313034 [debug] [Thread-3 (]: On model.grocery_sales.stg_employee_enriched: /* {"app": "dbt", "dbt_version": "1.11.7", "profile_name": "grocery_sales", "target_name": "dev", "node_id": "model.grocery_sales.stg_employee_enriched"} */
drop view if exists "grocery_sale"."public_staging"."stg_employee_enriched__dbt_backup" cascade
[0m19:56:47.313858 [debug] [Thread-2 (]: Sending event: {'category': 'dbt', 'action': 'run_model', 'label': 'dea5fc04-6fbc-446f-bdcf-cd7cbc1e6eb8', 'context': [<snowplow_tracker.self_describing_json.SelfDescribingJson object at 0x000001B3AF3B7EF0>]}
[0m19:56:47.314081 [debug] [Thread-3 (]: SQL status: DROP VIEW in 0.001 seconds
[0m19:56:47.315130 [debug] [Thread-3 (]: On model.grocery_sales.stg_employee_enriched: Close
[0m19:56:47.314436 [info ] [Thread-2 (]: 10 of 17 OK created sql view model public_staging.stg_customer_enriched ........ [[32mCREATE VIEW[0m in 0.06s]
[0m19:56:47.315862 [debug] [Thread-2 (]: Finished running node model.grocery_sales.stg_customer_enriched
[0m19:56:47.316186 [debug] [Thread-3 (]: Sending event: {'category': 'dbt', 'action': 'run_model', 'label': 'dea5fc04-6fbc-446f-bdcf-cd7cbc1e6eb8', 'context': [<snowplow_tracker.self_describing_json.SelfDescribingJson object at 0x000001B3AF4C7AD0>]}
[0m19:56:47.316749 [info ] [Thread-3 (]: 11 of 17 OK created sql view model public_staging.stg_employee_enriched ........ [[32mCREATE VIEW[0m in 0.07s]
[0m19:56:47.317435 [debug] [Thread-3 (]: Finished running node model.grocery_sales.stg_employee_enriched
[0m19:56:47.318003 [debug] [Thread-4 (]: Began running node model.grocery_sales.int_fact_sales
[0m19:56:47.318405 [info ] [Thread-4 (]: 12 of 17 START sql view model public_analytics.int_fact_sales .................. [RUN]
[0m19:56:47.318933 [debug] [Thread-4 (]: Re-using an available connection from the pool (formerly model.grocery_sales.stg_city_enriched, now model.grocery_sales.int_fact_sales)
[0m19:56:47.319193 [debug] [Thread-4 (]: Began compiling node model.grocery_sales.int_fact_sales
[0m19:56:47.321192 [debug] [Thread-4 (]: Writing injected SQL for node "model.grocery_sales.int_fact_sales"
[0m19:56:47.321722 [debug] [Thread-4 (]: Began executing node model.grocery_sales.int_fact_sales
[0m19:56:47.323673 [debug] [Thread-4 (]: Writing runtime sql for node "model.grocery_sales.int_fact_sales"
[0m19:56:47.324139 [debug] [Thread-4 (]: Using postgres connection "model.grocery_sales.int_fact_sales"
[0m19:56:47.324376 [debug] [Thread-4 (]: On model.grocery_sales.int_fact_sales: /* {"app": "dbt", "dbt_version": "1.11.7", "profile_name": "grocery_sales", "target_name": "dev", "node_id": "model.grocery_sales.int_fact_sales"} */

  create view "grocery_sale"."public_analytics"."int_fact_sales__dbt_tmp"
    
    
  as (
    select
    s.sales_id,
    s.transaction_number,
    s.sales_date,
    date(s.sales_date) as sales_day,
    date_trunc('month', s.sales_date) as sales_month,

    s.salesperson_id,
    e.full_name as salesperson_name,
    e.gender as salesperson_gender,
    e.city_name as salesperson_city,
    e.country_name as salesperson_country,

    s.customer_id,
    c.full_name as customer_name,
    c.city_name as customer_city,
    c.country_name as customer_country,

    s.product_id,
    p.product_name,
    p.category_id,
    p.category_name,
    p.class as product_class,
    p.resistant,
    p.is_allergic,
    p.vitality_days,

    s.quantity,
    s.discount,
    s.total_price,
    p.price as unit_price,

    (s.quantity * p.price) as gross_amount,
    (s.quantity * p.price) * (1 - s.discount) as net_amount_estimated
from "grocery_sale"."public_staging"."stg_sales" s
left join "grocery_sale"."public_staging"."stg_employee_enriched" e
    on s.salesperson_id = e.employee_id
left join "grocery_sale"."public_staging"."stg_customer_enriched" c
    on s.customer_id = c.customer_id
left join "grocery_sale"."public_staging"."stg_product_enriched" p
    on s.product_id = p.product_id
  );
[0m19:56:47.324587 [debug] [Thread-4 (]: Opening a new connection, currently in state closed
[0m19:56:47.361146 [debug] [Thread-4 (]: SQL status: CREATE VIEW in 0.036 seconds
[0m19:56:47.363150 [debug] [Thread-4 (]: Using postgres connection "model.grocery_sales.int_fact_sales"
[0m19:56:47.363398 [debug] [Thread-4 (]: On model.grocery_sales.int_fact_sales: /* {"app": "dbt", "dbt_version": "1.11.7", "profile_name": "grocery_sales", "target_name": "dev", "node_id": "model.grocery_sales.int_fact_sales"} */
alter table "grocery_sale"."public_analytics"."int_fact_sales__dbt_tmp" rename to "int_fact_sales"
[0m19:56:47.363911 [debug] [Thread-4 (]: SQL status: ALTER TABLE in 0.000 seconds
[0m19:56:47.365269 [debug] [Thread-4 (]: On model.grocery_sales.int_fact_sales: COMMIT
[0m19:56:47.365470 [debug] [Thread-4 (]: Using postgres connection "model.grocery_sales.int_fact_sales"
[0m19:56:47.365650 [debug] [Thread-4 (]: On model.grocery_sales.int_fact_sales: COMMIT
[0m19:56:47.366588 [debug] [Thread-4 (]: SQL status: COMMIT in 0.001 seconds
[0m19:56:47.367824 [debug] [Thread-4 (]: Applying DROP to: "grocery_sale"."public_analytics"."int_fact_sales__dbt_backup"
[0m19:56:47.368198 [debug] [Thread-4 (]: Using postgres connection "model.grocery_sales.int_fact_sales"
[0m19:56:47.368380 [debug] [Thread-4 (]: On model.grocery_sales.int_fact_sales: /* {"app": "dbt", "dbt_version": "1.11.7", "profile_name": "grocery_sales", "target_name": "dev", "node_id": "model.grocery_sales.int_fact_sales"} */
drop view if exists "grocery_sale"."public_analytics"."int_fact_sales__dbt_backup" cascade
[0m19:56:47.368805 [debug] [Thread-4 (]: SQL status: DROP VIEW in 0.000 seconds
[0m19:56:47.369534 [debug] [Thread-4 (]: On model.grocery_sales.int_fact_sales: Close
[0m19:56:47.369908 [debug] [Thread-4 (]: Sending event: {'category': 'dbt', 'action': 'run_model', 'label': 'dea5fc04-6fbc-446f-bdcf-cd7cbc1e6eb8', 'context': [<snowplow_tracker.self_describing_json.SelfDescribingJson object at 0x000001B3AF3B7950>]}
[0m19:56:47.370290 [info ] [Thread-4 (]: 12 of 17 OK created sql view model public_analytics.int_fact_sales ............. [[32mCREATE VIEW[0m in 0.05s]
[0m19:56:47.370749 [debug] [Thread-4 (]: Finished running node model.grocery_sales.int_fact_sales
[0m19:56:47.371191 [debug] [Thread-1 (]: Began running node model.grocery_sales.mart_category_performance
[0m19:56:47.371441 [debug] [Thread-4 (]: Began running node model.grocery_sales.mart_sales_overview_monthly
[0m19:56:47.371652 [debug] [Thread-2 (]: Began running node model.grocery_sales.mart_customer_performance
[0m19:56:47.372244 [debug] [Thread-3 (]: Began running node model.grocery_sales.mart_product_performance
[0m19:56:47.371956 [info ] [Thread-1 (]: 13 of 17 START sql table model public_mart.mart_category_performance ........... [RUN]
[0m19:56:47.372969 [info ] [Thread-4 (]: 16 of 17 START sql table model public_mart.mart_sales_overview_monthly ......... [RUN]
[0m19:56:47.373850 [debug] [Thread-1 (]: Re-using an available connection from the pool (formerly model.grocery_sales.stg_product_enriched, now model.grocery_sales.mart_category_performance)
[0m19:56:47.373269 [info ] [Thread-2 (]: 14 of 17 START sql table model public_mart.mart_customer_performance ........... [RUN]
[0m19:56:47.374153 [debug] [Thread-4 (]: Re-using an available connection from the pool (formerly model.grocery_sales.int_fact_sales, now model.grocery_sales.mart_sales_overview_monthly)
[0m19:56:47.374390 [debug] [Thread-1 (]: Began compiling node model.grocery_sales.mart_category_performance
[0m19:56:47.373589 [info ] [Thread-3 (]: 15 of 17 START sql table model public_mart.mart_product_performance ............ [RUN]
[0m19:56:47.374671 [debug] [Thread-2 (]: Re-using an available connection from the pool (formerly model.grocery_sales.stg_customer_enriched, now model.grocery_sales.mart_customer_performance)
[0m19:56:47.374932 [debug] [Thread-4 (]: Began compiling node model.grocery_sales.mart_sales_overview_monthly
[0m19:56:47.376762 [debug] [Thread-1 (]: Writing injected SQL for node "model.grocery_sales.mart_category_performance"
[0m19:56:47.377015 [debug] [Thread-3 (]: Re-using an available connection from the pool (formerly model.grocery_sales.stg_employee_enriched, now model.grocery_sales.mart_product_performance)
[0m19:56:47.377258 [debug] [Thread-2 (]: Began compiling node model.grocery_sales.mart_customer_performance
[0m19:56:47.378672 [debug] [Thread-4 (]: Writing injected SQL for node "model.grocery_sales.mart_sales_overview_monthly"
[0m19:56:47.378987 [debug] [Thread-3 (]: Began compiling node model.grocery_sales.mart_product_performance
[0m19:56:47.380546 [debug] [Thread-2 (]: Writing injected SQL for node "model.grocery_sales.mart_customer_performance"
[0m19:56:47.382348 [debug] [Thread-3 (]: Writing injected SQL for node "model.grocery_sales.mart_product_performance"
[0m19:56:47.382630 [debug] [Thread-1 (]: Began executing node model.grocery_sales.mart_category_performance
[0m19:56:47.394560 [debug] [Thread-1 (]: Writing runtime sql for node "model.grocery_sales.mart_category_performance"
[0m19:56:47.394848 [debug] [Thread-4 (]: Began executing node model.grocery_sales.mart_sales_overview_monthly
[0m19:56:47.397249 [debug] [Thread-4 (]: Writing runtime sql for node "model.grocery_sales.mart_sales_overview_monthly"
[0m19:56:47.397604 [debug] [Thread-2 (]: Began executing node model.grocery_sales.mart_customer_performance
[0m19:56:47.398068 [debug] [Thread-3 (]: Began executing node model.grocery_sales.mart_product_performance
[0m19:56:47.400066 [debug] [Thread-2 (]: Writing runtime sql for node "model.grocery_sales.mart_customer_performance"
[0m19:56:47.401679 [debug] [Thread-3 (]: Writing runtime sql for node "model.grocery_sales.mart_product_performance"
[0m19:56:47.402043 [debug] [Thread-1 (]: Using postgres connection "model.grocery_sales.mart_category_performance"
[0m19:56:47.402619 [debug] [Thread-1 (]: On model.grocery_sales.mart_category_performance: /* {"app": "dbt", "dbt_version": "1.11.7", "profile_name": "grocery_sales", "target_name": "dev", "node_id": "model.grocery_sales.mart_category_performance"} */

  
    

  create  table "grocery_sale"."public_mart"."mart_category_performance__dbt_tmp"
  
  
    as
  
  (
    -- -----------------------------------------------------
-- Category performance summary
-- Measures revenue contribution by product category
-- -----------------------------------------------------
select
    category_id,
    category_name,
    count(*) as transaction_count,
    sum(quantity) as units_sold,
    round(sum(gross_amount)::numeric, 2) as gross_revenue,
    round(sum(net_amount_estimated)::numeric, 2) as net_revenue,
    round(avg(discount)::numeric, 4) as avg_discount
from "grocery_sale"."public_analytics"."int_fact_sales"
group by
    category_id,
    category_name
  );
  
[0m19:56:47.403244 [debug] [Thread-4 (]: Using postgres connection "model.grocery_sales.mart_sales_overview_monthly"
[0m19:56:47.403716 [debug] [Thread-1 (]: Opening a new connection, currently in state closed
[0m19:56:47.404015 [debug] [Thread-2 (]: Using postgres connection "model.grocery_sales.mart_customer_performance"
[0m19:56:47.404239 [debug] [Thread-4 (]: On model.grocery_sales.mart_sales_overview_monthly: /* {"app": "dbt", "dbt_version": "1.11.7", "profile_name": "grocery_sales", "target_name": "dev", "node_id": "model.grocery_sales.mart_sales_overview_monthly"} */

  
    

  create  table "grocery_sale"."public_mart"."mart_sales_overview_monthly__dbt_tmp"
  
  
    as
  
  (
    -- -----------------------------------------------------
-- Monthly sales overview
-- Tracks revenue and sales volume over time
-- -----------------------------------------------------
select
    sales_month,
    count(*) as transaction_count,
    sum(quantity) as units_sold,
    round(sum(gross_amount)::numeric, 2) as gross_revenue,
    round(sum(net_amount_estimated)::numeric, 2) as net_revenue,
    round(avg(net_amount_estimated)::numeric, 2) as avg_transaction_value
from "grocery_sale"."public_analytics"."int_fact_sales"
group by sales_month
  );
  
[0m19:56:47.404692 [debug] [Thread-3 (]: Using postgres connection "model.grocery_sales.mart_product_performance"
[0m19:56:47.404934 [debug] [Thread-2 (]: On model.grocery_sales.mart_customer_performance: /* {"app": "dbt", "dbt_version": "1.11.7", "profile_name": "grocery_sales", "target_name": "dev", "node_id": "model.grocery_sales.mart_customer_performance"} */

  
    

  create  table "grocery_sale"."public_mart"."mart_customer_performance__dbt_tmp"
  
  
    as
  
  (
    -- -----------------------------------------------------
-- Customer performance analysis
-- Tracks customer purchasing behavior and lifetime value
-- -----------------------------------------------------
SELECT
    customer_id,
    customer_name,
    customer_city,
    customer_country,
    COUNT(*) AS transaction_count,
    SUM(quantity) AS units_sold,
    ROUND(SUM(net_amount_estimated)::numeric, 2) AS net_revenue,
    MIN(sales_date) AS first_purchase_date,
    MAX(sales_date) AS last_purchase_date
from "grocery_sale"."public_analytics"."int_fact_sales"
GROUP BY
    customer_id,
    customer_name,
    customer_city,
    customer_country
  );
  
[0m19:56:47.405206 [debug] [Thread-4 (]: Opening a new connection, currently in state closed
[0m19:56:47.405466 [debug] [Thread-3 (]: On model.grocery_sales.mart_product_performance: /* {"app": "dbt", "dbt_version": "1.11.7", "profile_name": "grocery_sales", "target_name": "dev", "node_id": "model.grocery_sales.mart_product_performance"} */

  
    

  create  table "grocery_sale"."public_mart"."mart_product_performance__dbt_tmp"
  
  
    as
  
  (
    -- -----------------------------------------------------
-- Product performance metrics
-- Evaluates product-level sales and discount behavior
-- -----------------------------------------------------
select
    product_id,
    product_name,
    category_name,
    product_class,
    count(*) as transaction_count,
    sum(quantity) as units_sold,
    round(sum(gross_amount)::numeric, 2) as gross_revenue,
    round(sum(net_amount_estimated)::numeric, 2) as net_revenue,
    round(avg(discount)::numeric, 4) as avg_discount
from "grocery_sale"."public_analytics"."int_fact_sales"
group by
    product_id,
    product_name,
    category_name,
    product_class
  );
  
[0m19:56:47.405720 [debug] [Thread-2 (]: Opening a new connection, currently in state closed
[0m19:56:47.406032 [debug] [Thread-3 (]: Opening a new connection, currently in state closed
[0m19:56:48.703450 [debug] [Thread-1 (]: SQL status: SELECT 11 in 1.300 seconds
[0m19:56:48.707987 [debug] [Thread-1 (]: Using postgres connection "model.grocery_sales.mart_category_performance"
[0m19:56:48.708257 [debug] [Thread-1 (]: On model.grocery_sales.mart_category_performance: /* {"app": "dbt", "dbt_version": "1.11.7", "profile_name": "grocery_sales", "target_name": "dev", "node_id": "model.grocery_sales.mart_category_performance"} */
alter table "grocery_sale"."public_mart"."mart_category_performance__dbt_tmp" rename to "mart_category_performance"
[0m19:56:48.710840 [debug] [Thread-1 (]: SQL status: ALTER TABLE in 0.002 seconds
[0m19:56:48.715362 [debug] [Thread-1 (]: On model.grocery_sales.mart_category_performance: COMMIT
[0m19:56:48.715663 [debug] [Thread-1 (]: Using postgres connection "model.grocery_sales.mart_category_performance"
[0m19:56:48.715873 [debug] [Thread-1 (]: On model.grocery_sales.mart_category_performance: COMMIT
[0m19:56:48.716915 [debug] [Thread-1 (]: SQL status: COMMIT in 0.001 seconds
[0m19:56:48.718235 [debug] [Thread-1 (]: Applying DROP to: "grocery_sale"."public_mart"."mart_category_performance__dbt_backup"
[0m19:56:48.720094 [debug] [Thread-1 (]: Using postgres connection "model.grocery_sales.mart_category_performance"
[0m19:56:48.720329 [debug] [Thread-1 (]: On model.grocery_sales.mart_category_performance: /* {"app": "dbt", "dbt_version": "1.11.7", "profile_name": "grocery_sales", "target_name": "dev", "node_id": "model.grocery_sales.mart_category_performance"} */
drop table if exists "grocery_sale"."public_mart"."mart_category_performance__dbt_backup" cascade
[0m19:56:48.720997 [debug] [Thread-1 (]: SQL status: DROP TABLE in 0.000 seconds
[0m19:56:48.722155 [debug] [Thread-1 (]: On model.grocery_sales.mart_category_performance: Close
[0m19:56:48.722610 [debug] [Thread-1 (]: Sending event: {'category': 'dbt', 'action': 'run_model', 'label': 'dea5fc04-6fbc-446f-bdcf-cd7cbc1e6eb8', 'context': [<snowplow_tracker.self_describing_json.SelfDescribingJson object at 0x000001B3AF9208F0>]}
[0m19:56:48.723041 [info ] [Thread-1 (]: 13 of 17 OK created sql table model public_mart.mart_category_performance ...... [[32mSELECT 11[0m in 1.35s]
[0m19:56:48.723860 [debug] [Thread-1 (]: Finished running node model.grocery_sales.mart_category_performance
[0m19:56:48.724130 [debug] [Thread-1 (]: Began running node model.grocery_sales.mart_salesperson_performance
[0m19:56:48.724510 [info ] [Thread-1 (]: 17 of 17 START sql table model public_mart.mart_salesperson_performance ........ [RUN]
[0m19:56:48.725220 [debug] [Thread-1 (]: Re-using an available connection from the pool (formerly model.grocery_sales.mart_category_performance, now model.grocery_sales.mart_salesperson_performance)
[0m19:56:48.725666 [debug] [Thread-1 (]: Began compiling node model.grocery_sales.mart_salesperson_performance
[0m19:56:48.727214 [debug] [Thread-1 (]: Writing injected SQL for node "model.grocery_sales.mart_salesperson_performance"
[0m19:56:48.727754 [debug] [Thread-1 (]: Began executing node model.grocery_sales.mart_salesperson_performance
[0m19:56:48.729838 [debug] [Thread-1 (]: Writing runtime sql for node "model.grocery_sales.mart_salesperson_performance"
[0m19:56:48.730353 [debug] [Thread-1 (]: Using postgres connection "model.grocery_sales.mart_salesperson_performance"
[0m19:56:48.730608 [debug] [Thread-1 (]: On model.grocery_sales.mart_salesperson_performance: /* {"app": "dbt", "dbt_version": "1.11.7", "profile_name": "grocery_sales", "target_name": "dev", "node_id": "model.grocery_sales.mart_salesperson_performance"} */

  
    

  create  table "grocery_sale"."public_mart"."mart_salesperson_performance__dbt_tmp"
  
  
    as
  
  (
    -- -----------------------------------------------------
-- Salesperson performance analysis
-- Evaluates sales contribution by employee
-- -----------------------------------------------------
select
    salesperson_id,
    salesperson_name,
    salesperson_city,
    salesperson_country,
    count(*) as transaction_count,
    sum(quantity) as units_sold,
    round(sum(net_amount_estimated)::numeric, 2) as net_revenue,
    min(sales_date) as first_sale_date,
    max(sales_date) as last_sale_date
from "grocery_sale"."public_analytics"."int_fact_sales"
group by
    salesperson_id,
    salesperson_name,
    salesperson_city,
    salesperson_country
  );
  
[0m19:56:48.730820 [debug] [Thread-1 (]: Opening a new connection, currently in state closed
[0m19:56:52.217364 [debug] [Thread-4 (]: SQL status: SELECT 6 in 4.812 seconds
[0m19:56:52.219808 [debug] [Thread-4 (]: Using postgres connection "model.grocery_sales.mart_sales_overview_monthly"
[0m19:56:52.220091 [debug] [Thread-4 (]: On model.grocery_sales.mart_sales_overview_monthly: /* {"app": "dbt", "dbt_version": "1.11.7", "profile_name": "grocery_sales", "target_name": "dev", "node_id": "model.grocery_sales.mart_sales_overview_monthly"} */
alter table "grocery_sale"."public_mart"."mart_sales_overview_monthly" rename to "mart_sales_overview_monthly__dbt_backup"
[0m19:56:52.222526 [debug] [Thread-4 (]: SQL status: ALTER TABLE in 0.002 seconds
[0m19:56:52.224333 [debug] [Thread-4 (]: Using postgres connection "model.grocery_sales.mart_sales_overview_monthly"
[0m19:56:52.224574 [debug] [Thread-4 (]: On model.grocery_sales.mart_sales_overview_monthly: /* {"app": "dbt", "dbt_version": "1.11.7", "profile_name": "grocery_sales", "target_name": "dev", "node_id": "model.grocery_sales.mart_sales_overview_monthly"} */
alter table "grocery_sale"."public_mart"."mart_sales_overview_monthly__dbt_tmp" rename to "mart_sales_overview_monthly"
[0m19:56:52.225145 [debug] [Thread-4 (]: SQL status: ALTER TABLE in 0.000 seconds
[0m19:56:52.226425 [debug] [Thread-4 (]: On model.grocery_sales.mart_sales_overview_monthly: COMMIT
[0m19:56:52.226652 [debug] [Thread-4 (]: Using postgres connection "model.grocery_sales.mart_sales_overview_monthly"
[0m19:56:52.226843 [debug] [Thread-4 (]: On model.grocery_sales.mart_sales_overview_monthly: COMMIT
[0m19:56:52.227869 [debug] [Thread-4 (]: SQL status: COMMIT in 0.001 seconds
[0m19:56:52.229192 [debug] [Thread-4 (]: Applying DROP to: "grocery_sale"."public_mart"."mart_sales_overview_monthly__dbt_backup"
[0m19:56:52.229624 [debug] [Thread-4 (]: Using postgres connection "model.grocery_sales.mart_sales_overview_monthly"
[0m19:56:52.229830 [debug] [Thread-4 (]: On model.grocery_sales.mart_sales_overview_monthly: /* {"app": "dbt", "dbt_version": "1.11.7", "profile_name": "grocery_sales", "target_name": "dev", "node_id": "model.grocery_sales.mart_sales_overview_monthly"} */
drop table if exists "grocery_sale"."public_mart"."mart_sales_overview_monthly__dbt_backup" cascade
[0m19:56:52.234623 [debug] [Thread-4 (]: SQL status: DROP TABLE in 0.005 seconds
[0m19:56:52.235479 [debug] [Thread-4 (]: On model.grocery_sales.mart_sales_overview_monthly: Close
[0m19:56:52.235907 [debug] [Thread-4 (]: Sending event: {'category': 'dbt', 'action': 'run_model', 'label': 'dea5fc04-6fbc-446f-bdcf-cd7cbc1e6eb8', 'context': [<snowplow_tracker.self_describing_json.SelfDescribingJson object at 0x000001B3AF922CF0>]}
[0m19:56:52.236296 [info ] [Thread-4 (]: 16 of 17 OK created sql table model public_mart.mart_sales_overview_monthly .... [[32mSELECT 6[0m in 4.86s]
[0m19:56:52.237262 [debug] [Thread-4 (]: Finished running node model.grocery_sales.mart_sales_overview_monthly
[0m19:56:53.964926 [debug] [Thread-3 (]: SQL status: SELECT 452 in 6.559 seconds
[0m19:56:53.967446 [debug] [Thread-3 (]: Using postgres connection "model.grocery_sales.mart_product_performance"
[0m19:56:53.967669 [debug] [Thread-3 (]: On model.grocery_sales.mart_product_performance: /* {"app": "dbt", "dbt_version": "1.11.7", "profile_name": "grocery_sales", "target_name": "dev", "node_id": "model.grocery_sales.mart_product_performance"} */
alter table "grocery_sale"."public_mart"."mart_product_performance" rename to "mart_product_performance__dbt_backup"
[0m19:56:53.969529 [debug] [Thread-3 (]: SQL status: ALTER TABLE in 0.002 seconds
[0m19:56:53.971482 [debug] [Thread-3 (]: Using postgres connection "model.grocery_sales.mart_product_performance"
[0m19:56:53.971711 [debug] [Thread-3 (]: On model.grocery_sales.mart_product_performance: /* {"app": "dbt", "dbt_version": "1.11.7", "profile_name": "grocery_sales", "target_name": "dev", "node_id": "model.grocery_sales.mart_product_performance"} */
alter table "grocery_sale"."public_mart"."mart_product_performance__dbt_tmp" rename to "mart_product_performance"
[0m19:56:53.972468 [debug] [Thread-3 (]: SQL status: ALTER TABLE in 0.001 seconds
[0m19:56:53.973312 [debug] [Thread-3 (]: On model.grocery_sales.mart_product_performance: COMMIT
[0m19:56:53.973518 [debug] [Thread-3 (]: Using postgres connection "model.grocery_sales.mart_product_performance"
[0m19:56:53.973695 [debug] [Thread-3 (]: On model.grocery_sales.mart_product_performance: COMMIT
[0m19:56:53.974307 [debug] [Thread-3 (]: SQL status: COMMIT in 0.000 seconds
[0m19:56:53.975439 [debug] [Thread-3 (]: Applying DROP to: "grocery_sale"."public_mart"."mart_product_performance__dbt_backup"
[0m19:56:53.975829 [debug] [Thread-3 (]: Using postgres connection "model.grocery_sales.mart_product_performance"
[0m19:56:53.976030 [debug] [Thread-3 (]: On model.grocery_sales.mart_product_performance: /* {"app": "dbt", "dbt_version": "1.11.7", "profile_name": "grocery_sales", "target_name": "dev", "node_id": "model.grocery_sales.mart_product_performance"} */
drop table if exists "grocery_sale"."public_mart"."mart_product_performance__dbt_backup" cascade
[0m19:56:53.981320 [debug] [Thread-3 (]: SQL status: DROP TABLE in 0.005 seconds
[0m19:56:53.982069 [debug] [Thread-3 (]: On model.grocery_sales.mart_product_performance: Close
[0m19:56:53.982474 [debug] [Thread-3 (]: Sending event: {'category': 'dbt', 'action': 'run_model', 'label': 'dea5fc04-6fbc-446f-bdcf-cd7cbc1e6eb8', 'context': [<snowplow_tracker.self_describing_json.SelfDescribingJson object at 0x000001B3AF921CD0>]}
[0m19:56:53.982891 [info ] [Thread-3 (]: 15 of 17 OK created sql table model public_mart.mart_product_performance ....... [[32mSELECT 452[0m in 6.61s]
[0m19:56:53.983783 [debug] [Thread-3 (]: Finished running node model.grocery_sales.mart_product_performance
[0m19:56:54.527234 [debug] [Thread-1 (]: SQL status: SELECT 23 in 5.796 seconds
[0m19:56:54.529571 [debug] [Thread-1 (]: Using postgres connection "model.grocery_sales.mart_salesperson_performance"
[0m19:56:54.529785 [debug] [Thread-1 (]: On model.grocery_sales.mart_salesperson_performance: /* {"app": "dbt", "dbt_version": "1.11.7", "profile_name": "grocery_sales", "target_name": "dev", "node_id": "model.grocery_sales.mart_salesperson_performance"} */
alter table "grocery_sale"."public_mart"."mart_salesperson_performance__dbt_tmp" rename to "mart_salesperson_performance"
[0m19:56:54.530641 [debug] [Thread-1 (]: SQL status: ALTER TABLE in 0.001 seconds
[0m19:56:54.531417 [debug] [Thread-1 (]: On model.grocery_sales.mart_salesperson_performance: COMMIT
[0m19:56:54.531618 [debug] [Thread-1 (]: Using postgres connection "model.grocery_sales.mart_salesperson_performance"
[0m19:56:54.531789 [debug] [Thread-1 (]: On model.grocery_sales.mart_salesperson_performance: COMMIT
[0m19:56:54.532792 [debug] [Thread-1 (]: SQL status: COMMIT in 0.001 seconds
[0m19:56:54.534271 [debug] [Thread-1 (]: Applying DROP to: "grocery_sale"."public_mart"."mart_salesperson_performance__dbt_backup"
[0m19:56:54.534651 [debug] [Thread-1 (]: Using postgres connection "model.grocery_sales.mart_salesperson_performance"
[0m19:56:54.534840 [debug] [Thread-1 (]: On model.grocery_sales.mart_salesperson_performance: /* {"app": "dbt", "dbt_version": "1.11.7", "profile_name": "grocery_sales", "target_name": "dev", "node_id": "model.grocery_sales.mart_salesperson_performance"} */
drop table if exists "grocery_sale"."public_mart"."mart_salesperson_performance__dbt_backup" cascade
[0m19:56:54.535328 [debug] [Thread-1 (]: SQL status: DROP TABLE in 0.000 seconds
[0m19:56:54.536050 [debug] [Thread-1 (]: On model.grocery_sales.mart_salesperson_performance: Close
[0m19:56:54.536453 [debug] [Thread-1 (]: Sending event: {'category': 'dbt', 'action': 'run_model', 'label': 'dea5fc04-6fbc-446f-bdcf-cd7cbc1e6eb8', 'context': [<snowplow_tracker.self_describing_json.SelfDescribingJson object at 0x000001B3AF923230>]}
[0m19:56:54.536831 [info ] [Thread-1 (]: 17 of 17 OK created sql table model public_mart.mart_salesperson_performance ... [[32mSELECT 23[0m in 5.81s]
[0m19:56:54.537794 [debug] [Thread-1 (]: Finished running node model.grocery_sales.mart_salesperson_performance
[0m19:57:29.271065 [debug] [Thread-2 (]: SQL status: SELECT 98759 in 41.865 seconds
[0m19:57:29.273311 [debug] [Thread-2 (]: Using postgres connection "model.grocery_sales.mart_customer_performance"
[0m19:57:29.273515 [debug] [Thread-2 (]: On model.grocery_sales.mart_customer_performance: /* {"app": "dbt", "dbt_version": "1.11.7", "profile_name": "grocery_sales", "target_name": "dev", "node_id": "model.grocery_sales.mart_customer_performance"} */
alter table "grocery_sale"."public_mart"."mart_customer_performance" rename to "mart_customer_performance__dbt_backup"
[0m19:57:29.274589 [debug] [Thread-2 (]: SQL status: ALTER TABLE in 0.001 seconds
[0m19:57:29.276463 [debug] [Thread-2 (]: Using postgres connection "model.grocery_sales.mart_customer_performance"
[0m19:57:29.276680 [debug] [Thread-2 (]: On model.grocery_sales.mart_customer_performance: /* {"app": "dbt", "dbt_version": "1.11.7", "profile_name": "grocery_sales", "target_name": "dev", "node_id": "model.grocery_sales.mart_customer_performance"} */
alter table "grocery_sale"."public_mart"."mart_customer_performance__dbt_tmp" rename to "mart_customer_performance"
[0m19:57:29.277328 [debug] [Thread-2 (]: SQL status: ALTER TABLE in 0.000 seconds
[0m19:57:29.278118 [debug] [Thread-2 (]: On model.grocery_sales.mart_customer_performance: COMMIT
[0m19:57:29.278313 [debug] [Thread-2 (]: Using postgres connection "model.grocery_sales.mart_customer_performance"
[0m19:57:29.278481 [debug] [Thread-2 (]: On model.grocery_sales.mart_customer_performance: COMMIT
[0m19:57:29.279543 [debug] [Thread-2 (]: SQL status: COMMIT in 0.001 seconds
[0m19:57:29.280876 [debug] [Thread-2 (]: Applying DROP to: "grocery_sale"."public_mart"."mart_customer_performance__dbt_backup"
[0m19:57:29.281236 [debug] [Thread-2 (]: Using postgres connection "model.grocery_sales.mart_customer_performance"
[0m19:57:29.281411 [debug] [Thread-2 (]: On model.grocery_sales.mart_customer_performance: /* {"app": "dbt", "dbt_version": "1.11.7", "profile_name": "grocery_sales", "target_name": "dev", "node_id": "model.grocery_sales.mart_customer_performance"} */
drop table if exists "grocery_sale"."public_mart"."mart_customer_performance__dbt_backup" cascade
[0m19:57:29.286781 [debug] [Thread-2 (]: SQL status: DROP TABLE in 0.005 seconds
[0m19:57:29.287576 [debug] [Thread-2 (]: On model.grocery_sales.mart_customer_performance: Close
[0m19:57:29.287946 [debug] [Thread-2 (]: Sending event: {'category': 'dbt', 'action': 'run_model', 'label': 'dea5fc04-6fbc-446f-bdcf-cd7cbc1e6eb8', 'context': [<snowplow_tracker.self_describing_json.SelfDescribingJson object at 0x000001B3AF923830>]}
[0m19:57:29.288320 [info ] [Thread-2 (]: 14 of 17 OK created sql table model public_mart.mart_customer_performance ...... [[32mSELECT 98759[0m in 41.91s]
[0m19:57:29.289067 [debug] [Thread-2 (]: Finished running node model.grocery_sales.mart_customer_performance
[0m19:57:29.290021 [debug] [MainThread]: On master: COMMIT
[0m19:57:29.290210 [debug] [MainThread]: Using postgres connection "master"
[0m19:57:29.290358 [debug] [MainThread]: On master: COMMIT
[0m19:57:29.290493 [debug] [MainThread]: Opening a new connection, currently in state closed
[0m19:57:29.324281 [debug] [MainThread]: SQL status: COMMIT in 0.034 seconds
[0m19:57:29.324594 [debug] [MainThread]: On master: Close
[0m19:57:29.324918 [debug] [MainThread]: Connection 'master' was properly closed.
[0m19:57:29.325098 [debug] [MainThread]: Connection 'list_grocery_sale' was properly closed.
[0m19:57:29.325238 [debug] [MainThread]: Connection 'list_grocery_sale' was properly closed.
[0m19:57:29.325404 [debug] [MainThread]: Connection 'list_grocery_sale' was properly closed.
[0m19:57:29.325608 [debug] [MainThread]: Connection 'list_grocery_sale_public_analytics' was properly closed.
[0m19:57:29.325774 [debug] [MainThread]: Connection 'list_grocery_sale_public_staging' was properly closed.
[0m19:57:29.325897 [debug] [MainThread]: Connection 'list_grocery_sale_public_mart' was properly closed.
[0m19:57:29.326020 [debug] [MainThread]: Connection 'model.grocery_sales.mart_customer_performance' was properly closed.
[0m19:57:29.326141 [debug] [MainThread]: Connection 'model.grocery_sales.mart_product_performance' was properly closed.
[0m19:57:29.326256 [debug] [MainThread]: Connection 'model.grocery_sales.mart_salesperson_performance' was properly closed.
[0m19:57:29.326369 [debug] [MainThread]: Connection 'model.grocery_sales.mart_sales_overview_monthly' was properly closed.
[0m19:57:29.326604 [info ] [MainThread]: 
[0m19:57:29.326925 [info ] [MainThread]: Finished running 5 table models, 12 view models in 0 hours 0 minutes and 42.63 seconds (42.63s).
[0m19:57:29.329556 [debug] [MainThread]: Command end result
[0m19:57:29.343126 [debug] [MainThread]: Wrote artifact WritableManifest to E:\Study\Stage\Grocery-Sales-Database\dbt\target\manifest.json
[0m19:57:29.344574 [debug] [MainThread]: Wrote artifact SemanticManifest to E:\Study\Stage\Grocery-Sales-Database\dbt\target\semantic_manifest.json
[0m19:57:29.348469 [debug] [MainThread]: Wrote artifact RunExecutionResult to E:\Study\Stage\Grocery-Sales-Database\dbt\target\run_results.json
[0m19:57:29.348663 [info ] [MainThread]: 
[0m19:57:29.349131 [info ] [MainThread]: [32mCompleted successfully[0m
[0m19:57:29.349685 [info ] [MainThread]: 
[0m19:57:29.350139 [info ] [MainThread]: Done. PASS=17 WARN=0 ERROR=0 SKIP=0 NO-OP=0 TOTAL=17
[0m19:57:29.350780 [debug] [MainThread]: Command `dbt run` succeeded at 19:57:29.350704 after 43.35 seconds
[0m19:57:29.351008 [debug] [MainThread]: Sending event: {'category': 'dbt', 'action': 'invocation', 'label': 'end', 'context': [<snowplow_tracker.self_describing_json.SelfDescribingJson object at 0x000001B3AC0F5490>, <snowplow_tracker.self_describing_json.SelfDescribingJson object at 0x000001B3AEFD7E90>, <snowplow_tracker.self_describing_json.SelfDescribingJson object at 0x000001B3AF9EBE90>]}
[0m19:57:29.351231 [debug] [MainThread]: Flushing usage events
[0m19:57:30.380200 [debug] [MainThread]: An error was encountered while trying to flush usage events
[0m12:24:33.554777 [debug] [MainThread]: Sending event: {'category': 'dbt', 'action': 'invocation', 'label': 'start', 'context': [<snowplow_tracker.self_describing_json.SelfDescribingJson object at 0x0000022F8799DFD0>, <snowplow_tracker.self_describing_json.SelfDescribingJson object at 0x0000022F8575C190>, <snowplow_tracker.self_describing_json.SelfDescribingJson object at 0x0000022F8865B390>]}


============================== 12:24:33.560034 | 285296e0-b693-4d0f-962c-f521c1d1dc5f ==============================
[0m12:24:33.560034 [info ] [MainThread]: Running with dbt=1.11.7
[0m12:24:33.560842 [debug] [MainThread]: running dbt with arguments {'static_parser': 'True', 'no_print': 'None', 'version_check': 'True', 'target_path': 'None', 'warn_error_options': 'WarnErrorOptionsV2(error=[], warn=[], silence=[])', 'printer_width': '80', 'write_json': 'True', 'empty': 'None', 'log_cache_events': 'False', 'introspect': 'True', 'cache_selected_only': 'False', 'fail_fast': 'False', 'debug': 'False', 'log_format': 'default', 'profiles_dir': 'C:\\Users\\Huang\\.dbt', 'send_anonymous_usage_stats': 'True', 'quiet': 'False', 'warn_error': 'None', 'partial_parse': 'True', 'use_colors': 'True', 'invocation_command': 'dbt docs generate', 'indirect_selection': 'eager', 'use_experimental_parser': 'False', 'log_path': 'E:\\Study\\Stage\\Grocery-Sales-Database\\dbt\\logs'}
[0m12:24:33.912283 [debug] [MainThread]: Sending event: {'category': 'dbt', 'action': 'project_id', 'label': '285296e0-b693-4d0f-962c-f521c1d1dc5f', 'context': [<snowplow_tracker.self_describing_json.SelfDescribingJson object at 0x0000022F88056FD0>]}
[0m12:24:33.949093 [debug] [MainThread]: Sending event: {'category': 'dbt', 'action': 'adapter_info', 'label': '285296e0-b693-4d0f-962c-f521c1d1dc5f', 'context': [<snowplow_tracker.self_describing_json.SelfDescribingJson object at 0x0000022F89DC9590>]}
[0m12:24:33.950100 [info ] [MainThread]: Registered adapter: postgres=1.10.0
[0m12:24:34.146125 [debug] [MainThread]: checksum: b80718358155fc17c3559352095564dd56ada1cc1a1c0ef2e62c857e71583775, vars: {}, profile: , target: , version: 1.11.7
[0m12:24:34.885088 [debug] [MainThread]: Partial parsing enabled: 0 files deleted, 0 files added, 0 files changed.
[0m12:24:34.885421 [debug] [MainThread]: Nothing changed, skipping partial parsing.
[0m12:24:34.885577 [debug] [MainThread]: Partial parsing enabled, no changes found, skipping parsing
[0m12:24:34.906695 [debug] [MainThread]: Sending event: {'category': 'dbt', 'action': 'load_project', 'label': '285296e0-b693-4d0f-962c-f521c1d1dc5f', 'context': [<snowplow_tracker.self_describing_json.SelfDescribingJson object at 0x0000022F8A345150>]}
[0m12:24:34.932719 [debug] [MainThread]: Sending event: {'category': 'dbt', 'action': 'resource_counts', 'label': '285296e0-b693-4d0f-962c-f521c1d1dc5f', 'context': [<snowplow_tracker.self_describing_json.SelfDescribingJson object at 0x0000022F8A340AA0>]}
[0m12:24:34.933025 [info ] [MainThread]: Found 17 models, 7 data tests, 464 macros
[0m12:24:34.933321 [debug] [MainThread]: Sending event: {'category': 'dbt', 'action': 'runnable_timing', 'label': '285296e0-b693-4d0f-962c-f521c1d1dc5f', 'context': [<snowplow_tracker.self_describing_json.SelfDescribingJson object at 0x0000022F8A163690>]}
[0m12:24:34.934761 [info ] [MainThread]: 
[0m12:24:34.935031 [info ] [MainThread]: Concurrency: 4 threads (target='dev')
[0m12:24:34.935254 [info ] [MainThread]: 
[0m12:24:34.935578 [debug] [MainThread]: Acquiring new postgres connection 'master'
[0m12:24:34.938344 [debug] [ThreadPool]: Acquiring new postgres connection 'list_grocery_sale_public_staging'
[0m12:24:34.947466 [debug] [ThreadPool]: Acquiring new postgres connection 'list_grocery_sale_public_mart'
[0m12:24:34.948684 [debug] [ThreadPool]: Acquiring new postgres connection 'list_grocery_sale_public_analytics'
[0m12:24:36.676631 [debug] [ThreadPool]: Using postgres connection "list_grocery_sale_public_staging"
[0m12:24:36.677022 [debug] [ThreadPool]: Using postgres connection "list_grocery_sale_public_mart"
[0m12:24:36.677450 [debug] [ThreadPool]: On list_grocery_sale_public_staging: /* {"app": "dbt", "dbt_version": "1.11.7", "profile_name": "grocery_sales", "target_name": "dev", "connection_name": "list_grocery_sale_public_staging"} */
select
      'grocery_sale' as database,
      tablename as name,
      schemaname as schema,
      'table' as type
    from pg_tables
    where schemaname ilike 'public_staging'
    union all
    select
      'grocery_sale' as database,
      viewname as name,
      schemaname as schema,
      'view' as type
    from pg_views
    where schemaname ilike 'public_staging'
    union all
    select
      'grocery_sale' as database,
      matviewname as name,
      schemaname as schema,
      'materialized_view' as type
    from pg_matviews
    where schemaname ilike 'public_staging'
  
[0m12:24:36.677837 [debug] [ThreadPool]: Using postgres connection "list_grocery_sale_public_analytics"
[0m12:24:36.678272 [debug] [ThreadPool]: On list_grocery_sale_public_mart: /* {"app": "dbt", "dbt_version": "1.11.7", "profile_name": "grocery_sales", "target_name": "dev", "connection_name": "list_grocery_sale_public_mart"} */
select
      'grocery_sale' as database,
      tablename as name,
      schemaname as schema,
      'table' as type
    from pg_tables
    where schemaname ilike 'public_mart'
    union all
    select
      'grocery_sale' as database,
      viewname as name,
      schemaname as schema,
      'view' as type
    from pg_views
    where schemaname ilike 'public_mart'
    union all
    select
      'grocery_sale' as database,
      matviewname as name,
      schemaname as schema,
      'materialized_view' as type
    from pg_matviews
    where schemaname ilike 'public_mart'
  
[0m12:24:36.678586 [debug] [ThreadPool]: Opening a new connection, currently in state init
[0m12:24:36.678999 [debug] [ThreadPool]: On list_grocery_sale_public_analytics: /* {"app": "dbt", "dbt_version": "1.11.7", "profile_name": "grocery_sales", "target_name": "dev", "connection_name": "list_grocery_sale_public_analytics"} */
select
      'grocery_sale' as database,
      tablename as name,
      schemaname as schema,
      'table' as type
    from pg_tables
    where schemaname ilike 'public_analytics'
    union all
    select
      'grocery_sale' as database,
      viewname as name,
      schemaname as schema,
      'view' as type
    from pg_views
    where schemaname ilike 'public_analytics'
    union all
    select
      'grocery_sale' as database,
      matviewname as name,
      schemaname as schema,
      'materialized_view' as type
    from pg_matviews
    where schemaname ilike 'public_analytics'
  
[0m12:24:36.679262 [debug] [ThreadPool]: Opening a new connection, currently in state init
[0m12:24:36.679585 [debug] [ThreadPool]: Opening a new connection, currently in state init
[0m12:24:36.765477 [debug] [ThreadPool]: SQL status: SELECT 1 in 0.086 seconds
[0m12:24:36.765868 [debug] [ThreadPool]: SQL status: SELECT 5 in 0.087 seconds
[0m12:24:36.766086 [debug] [ThreadPool]: SQL status: SELECT 11 in 0.088 seconds
[0m12:24:36.767004 [debug] [ThreadPool]: On list_grocery_sale_public_analytics: ROLLBACK
[0m12:24:36.767734 [debug] [ThreadPool]: On list_grocery_sale_public_mart: ROLLBACK
[0m12:24:36.768433 [debug] [ThreadPool]: On list_grocery_sale_public_staging: ROLLBACK
[0m12:24:36.768757 [debug] [ThreadPool]: On list_grocery_sale_public_mart: Close
[0m12:24:36.768945 [debug] [ThreadPool]: On list_grocery_sale_public_analytics: Close
[0m12:24:36.769222 [debug] [ThreadPool]: On list_grocery_sale_public_staging: Close
[0m12:24:36.774023 [debug] [MainThread]: Using postgres connection "master"
[0m12:24:36.774275 [debug] [MainThread]: On master: /* {"app": "dbt", "dbt_version": "1.11.7", "profile_name": "grocery_sales", "target_name": "dev", "connection_name": "master"} */
select distinct
        dependent_namespace.nspname as dependent_schema,
        dependent_class.relname as dependent_name,
        referenced_namespace.nspname as referenced_schema,
        referenced_class.relname as referenced_name

    -- Query for views: views are entries in pg_class with an entry in pg_rewrite, but we avoid
    -- a seq scan on pg_rewrite by leveraging the fact there is an "internal" row in pg_depend for
    -- the view...
    from pg_class as dependent_class
    join pg_namespace as dependent_namespace on dependent_namespace.oid = dependent_class.relnamespace
    join pg_depend as dependent_depend on dependent_depend.refobjid = dependent_class.oid
        and dependent_depend.classid = 'pg_rewrite'::regclass
        and dependent_depend.refclassid = 'pg_class'::regclass
        and dependent_depend.deptype = 'i'

    -- ... and via pg_depend (that has a row per column, hence the need for "distinct" above, and
    -- making sure to exclude the internal row to avoid a view appearing to depend on itself)...
    join pg_depend as joining_depend on joining_depend.objid = dependent_depend.objid
        and joining_depend.classid = 'pg_rewrite'::regclass
        and joining_depend.refclassid = 'pg_class'::regclass
        and joining_depend.refobjid != dependent_depend.refobjid

    -- ... we can find the tables they query from in pg_class, but excluding system tables. Note we
    -- don't need need to exclude _dependent_ system tables, because they only query from other
    -- system tables, and so are automatically excluded by excluding _referenced_ system tables
    join pg_class as referenced_class on referenced_class.oid = joining_depend.refobjid
    join pg_namespace as referenced_namespace on referenced_namespace.oid = referenced_class.relnamespace
        and referenced_namespace.nspname != 'information_schema'
        and referenced_namespace.nspname not like 'pg\_%'

    order by
        dependent_schema, dependent_name, referenced_schema, referenced_name;
[0m12:24:36.774508 [debug] [MainThread]: Opening a new connection, currently in state init
[0m12:24:36.823871 [debug] [MainThread]: SQL status: SELECT 35 in 0.049 seconds
[0m12:24:36.825990 [debug] [MainThread]: Sending event: {'category': 'dbt', 'action': 'runnable_timing', 'label': '285296e0-b693-4d0f-962c-f521c1d1dc5f', 'context': [<snowplow_tracker.self_describing_json.SelfDescribingJson object at 0x0000022F8A768460>]}
[0m12:24:36.826229 [debug] [MainThread]: On master: ROLLBACK
[0m12:24:36.826523 [debug] [MainThread]: On master: Close
[0m12:24:36.830479 [debug] [Thread-1 (]: Began running node model.grocery_sales.stg_categories
[0m12:24:36.830737 [debug] [Thread-3 (]: Began running node model.grocery_sales.stg_countries
[0m12:24:36.830963 [debug] [Thread-4 (]: Began running node model.grocery_sales.stg_customers
[0m12:24:36.831181 [debug] [Thread-2 (]: Began running node model.grocery_sales.stg_cities
[0m12:24:36.831478 [debug] [Thread-1 (]: Acquiring new postgres connection 'model.grocery_sales.stg_categories'
[0m12:24:36.831772 [debug] [Thread-3 (]: Acquiring new postgres connection 'model.grocery_sales.stg_countries'
[0m12:24:36.832048 [debug] [Thread-4 (]: Acquiring new postgres connection 'model.grocery_sales.stg_customers'
[0m12:24:36.832303 [debug] [Thread-2 (]: Acquiring new postgres connection 'model.grocery_sales.stg_cities'
[0m12:24:36.832555 [debug] [Thread-1 (]: Began compiling node model.grocery_sales.stg_categories
[0m12:24:36.832758 [debug] [Thread-3 (]: Began compiling node model.grocery_sales.stg_countries
[0m12:24:36.832950 [debug] [Thread-4 (]: Began compiling node model.grocery_sales.stg_customers
[0m12:24:36.833136 [debug] [Thread-2 (]: Began compiling node model.grocery_sales.stg_cities
[0m12:24:36.836838 [debug] [Thread-1 (]: Writing injected SQL for node "model.grocery_sales.stg_categories"
[0m12:24:36.838064 [debug] [Thread-3 (]: Writing injected SQL for node "model.grocery_sales.stg_countries"
[0m12:24:36.838920 [debug] [Thread-4 (]: Writing injected SQL for node "model.grocery_sales.stg_customers"
[0m12:24:36.839875 [debug] [Thread-2 (]: Writing injected SQL for node "model.grocery_sales.stg_cities"
[0m12:24:36.840491 [debug] [Thread-1 (]: Began executing node model.grocery_sales.stg_categories
[0m12:24:36.840959 [debug] [Thread-1 (]: Finished running node model.grocery_sales.stg_categories
[0m12:24:36.841198 [debug] [Thread-1 (]: Began running node model.grocery_sales.stg_products
[0m12:24:36.841508 [debug] [Thread-1 (]: Re-using an available connection from the pool (formerly model.grocery_sales.stg_categories, now model.grocery_sales.stg_products)
[0m12:24:36.841813 [debug] [Thread-1 (]: Began compiling node model.grocery_sales.stg_products
[0m12:24:36.842645 [debug] [Thread-1 (]: Writing injected SQL for node "model.grocery_sales.stg_products"
[0m12:24:36.842881 [debug] [Thread-2 (]: Began executing node model.grocery_sales.stg_cities
[0m12:24:36.843135 [debug] [Thread-4 (]: Began executing node model.grocery_sales.stg_customers
[0m12:24:36.843385 [debug] [Thread-3 (]: Began executing node model.grocery_sales.stg_countries
[0m12:24:36.843808 [debug] [Thread-2 (]: Finished running node model.grocery_sales.stg_cities
[0m12:24:36.844182 [debug] [Thread-4 (]: Finished running node model.grocery_sales.stg_customers
[0m12:24:36.844524 [debug] [Thread-3 (]: Finished running node model.grocery_sales.stg_countries
[0m12:24:36.844748 [debug] [Thread-2 (]: Began running node model.grocery_sales.stg_sales
[0m12:24:36.845187 [debug] [Thread-1 (]: Began executing node model.grocery_sales.stg_products
[0m12:24:36.845570 [debug] [Thread-2 (]: Re-using an available connection from the pool (formerly model.grocery_sales.stg_cities, now model.grocery_sales.stg_sales)
[0m12:24:36.845808 [debug] [Thread-4 (]: Began running node model.grocery_sales.stg_employees
[0m12:24:36.846044 [debug] [Thread-3 (]: Began running node model.grocery_sales.stg_city_enriched
[0m12:24:36.846382 [debug] [Thread-1 (]: Finished running node model.grocery_sales.stg_products
[0m12:24:36.846575 [debug] [Thread-2 (]: Began compiling node model.grocery_sales.stg_sales
[0m12:24:36.846926 [debug] [Thread-4 (]: Re-using an available connection from the pool (formerly model.grocery_sales.stg_customers, now model.grocery_sales.stg_employees)
[0m12:24:36.847283 [debug] [Thread-3 (]: Re-using an available connection from the pool (formerly model.grocery_sales.stg_countries, now model.grocery_sales.stg_city_enriched)
[0m12:24:36.848349 [debug] [Thread-2 (]: Writing injected SQL for node "model.grocery_sales.stg_sales"
[0m12:24:36.848600 [debug] [Thread-4 (]: Began compiling node model.grocery_sales.stg_employees
[0m12:24:36.848805 [debug] [Thread-1 (]: Began running node model.grocery_sales.stg_product_enriched
[0m12:24:36.848980 [debug] [Thread-3 (]: Began compiling node model.grocery_sales.stg_city_enriched
[0m12:24:36.850570 [debug] [Thread-4 (]: Writing injected SQL for node "model.grocery_sales.stg_employees"
[0m12:24:36.851026 [debug] [Thread-1 (]: Re-using an available connection from the pool (formerly model.grocery_sales.stg_products, now model.grocery_sales.stg_product_enriched)
[0m12:24:36.852751 [debug] [Thread-3 (]: Writing injected SQL for node "model.grocery_sales.stg_city_enriched"
[0m12:24:36.853075 [debug] [Thread-2 (]: Began executing node model.grocery_sales.stg_sales
[0m12:24:36.853622 [debug] [Thread-1 (]: Began compiling node model.grocery_sales.stg_product_enriched
[0m12:24:36.854429 [debug] [Thread-2 (]: Finished running node model.grocery_sales.stg_sales
[0m12:24:36.856480 [debug] [Thread-1 (]: Writing injected SQL for node "model.grocery_sales.stg_product_enriched"
[0m12:24:36.856793 [debug] [Thread-4 (]: Began executing node model.grocery_sales.stg_employees
[0m12:24:36.857156 [debug] [Thread-2 (]: Began running node test.grocery_sales.not_null_stg_products_product_id.6373b0acf3
[0m12:24:36.857513 [debug] [Thread-3 (]: Began executing node model.grocery_sales.stg_city_enriched
[0m12:24:36.858025 [debug] [Thread-4 (]: Finished running node model.grocery_sales.stg_employees
[0m12:24:36.858236 [debug] [Thread-2 (]: Re-using an available connection from the pool (formerly model.grocery_sales.stg_sales, now test.grocery_sales.not_null_stg_products_product_id.6373b0acf3)
[0m12:24:36.858617 [debug] [Thread-3 (]: Finished running node model.grocery_sales.stg_city_enriched
[0m12:24:36.858838 [debug] [Thread-4 (]: Began running node test.grocery_sales.unique_stg_products_product_id.7d950a1467
[0m12:24:36.859240 [debug] [Thread-2 (]: Began compiling node test.grocery_sales.not_null_stg_products_product_id.6373b0acf3
[0m12:24:36.859634 [debug] [Thread-1 (]: Began executing node model.grocery_sales.stg_product_enriched
[0m12:24:36.859860 [debug] [Thread-3 (]: Began running node test.grocery_sales.not_null_stg_sales_customer_id.af88ce3793
[0m12:24:36.860075 [debug] [Thread-4 (]: Re-using an available connection from the pool (formerly model.grocery_sales.stg_employees, now test.grocery_sales.unique_stg_products_product_id.7d950a1467)
[0m12:24:36.868928 [debug] [Thread-2 (]: Writing injected SQL for node "test.grocery_sales.not_null_stg_products_product_id.6373b0acf3"
[0m12:24:36.869684 [debug] [Thread-1 (]: Finished running node model.grocery_sales.stg_product_enriched
[0m12:24:36.869906 [debug] [Thread-3 (]: Re-using an available connection from the pool (formerly model.grocery_sales.stg_city_enriched, now test.grocery_sales.not_null_stg_sales_customer_id.af88ce3793)
[0m12:24:36.870123 [debug] [Thread-4 (]: Began compiling node test.grocery_sales.unique_stg_products_product_id.7d950a1467
[0m12:24:36.870392 [debug] [Thread-1 (]: Began running node test.grocery_sales.not_null_stg_sales_product_id.f0a6c99276
[0m12:24:36.870602 [debug] [Thread-3 (]: Began compiling node test.grocery_sales.not_null_stg_sales_customer_id.af88ce3793
[0m12:24:36.873684 [debug] [Thread-4 (]: Writing injected SQL for node "test.grocery_sales.unique_stg_products_product_id.7d950a1467"
[0m12:24:36.874120 [debug] [Thread-1 (]: Re-using an available connection from the pool (formerly model.grocery_sales.stg_product_enriched, now test.grocery_sales.not_null_stg_sales_product_id.f0a6c99276)
[0m12:24:36.910421 [debug] [Thread-2 (]: Began executing node test.grocery_sales.not_null_stg_products_product_id.6373b0acf3
[0m12:24:36.912577 [debug] [Thread-3 (]: Writing injected SQL for node "test.grocery_sales.not_null_stg_sales_customer_id.af88ce3793"
[0m12:24:36.912900 [debug] [Thread-1 (]: Began compiling node test.grocery_sales.not_null_stg_sales_product_id.f0a6c99276
[0m12:24:36.913315 [debug] [Thread-2 (]: Finished running node test.grocery_sales.not_null_stg_products_product_id.6373b0acf3
[0m12:24:36.915535 [debug] [Thread-1 (]: Writing injected SQL for node "test.grocery_sales.not_null_stg_sales_product_id.f0a6c99276"
[0m12:24:36.915868 [debug] [Thread-2 (]: Began running node test.grocery_sales.not_null_stg_sales_sales_id.2090a8c8cf
[0m12:24:36.916683 [debug] [Thread-4 (]: Began executing node test.grocery_sales.unique_stg_products_product_id.7d950a1467
[0m12:24:36.916974 [debug] [Thread-2 (]: Re-using an available connection from the pool (formerly test.grocery_sales.not_null_stg_products_product_id.6373b0acf3, now test.grocery_sales.not_null_stg_sales_sales_id.2090a8c8cf)
[0m12:24:36.917182 [debug] [Thread-1 (]: Began executing node test.grocery_sales.not_null_stg_sales_product_id.f0a6c99276
[0m12:24:36.917396 [debug] [Thread-3 (]: Began executing node test.grocery_sales.not_null_stg_sales_customer_id.af88ce3793
[0m12:24:36.917769 [debug] [Thread-4 (]: Finished running node test.grocery_sales.unique_stg_products_product_id.7d950a1467
[0m12:24:36.917971 [debug] [Thread-2 (]: Began compiling node test.grocery_sales.not_null_stg_sales_sales_id.2090a8c8cf
[0m12:24:36.918306 [debug] [Thread-1 (]: Finished running node test.grocery_sales.not_null_stg_sales_product_id.f0a6c99276
[0m12:24:36.918641 [debug] [Thread-3 (]: Finished running node test.grocery_sales.not_null_stg_sales_customer_id.af88ce3793
[0m12:24:36.918887 [debug] [Thread-4 (]: Began running node test.grocery_sales.unique_stg_sales_sales_id.583da3ed21
[0m12:24:36.920926 [debug] [Thread-2 (]: Writing injected SQL for node "test.grocery_sales.not_null_stg_sales_sales_id.2090a8c8cf"
[0m12:24:36.921350 [debug] [Thread-1 (]: Began running node model.grocery_sales.stg_customer_enriched
[0m12:24:36.921770 [debug] [Thread-3 (]: Began running node model.grocery_sales.stg_employee_enriched
[0m12:24:36.922012 [debug] [Thread-4 (]: Re-using an available connection from the pool (formerly test.grocery_sales.unique_stg_products_product_id.7d950a1467, now test.grocery_sales.unique_stg_sales_sales_id.583da3ed21)
[0m12:24:36.922276 [debug] [Thread-1 (]: Re-using an available connection from the pool (formerly test.grocery_sales.not_null_stg_sales_product_id.f0a6c99276, now model.grocery_sales.stg_customer_enriched)
[0m12:24:36.922638 [debug] [Thread-3 (]: Re-using an available connection from the pool (formerly test.grocery_sales.not_null_stg_sales_customer_id.af88ce3793, now model.grocery_sales.stg_employee_enriched)
[0m12:24:36.922945 [debug] [Thread-4 (]: Began compiling node test.grocery_sales.unique_stg_sales_sales_id.583da3ed21
[0m12:24:36.923191 [debug] [Thread-1 (]: Began compiling node model.grocery_sales.stg_customer_enriched
[0m12:24:36.923398 [debug] [Thread-3 (]: Began compiling node model.grocery_sales.stg_employee_enriched
[0m12:24:36.923601 [debug] [Thread-2 (]: Began executing node test.grocery_sales.not_null_stg_sales_sales_id.2090a8c8cf
[0m12:24:36.926005 [debug] [Thread-4 (]: Writing injected SQL for node "test.grocery_sales.unique_stg_sales_sales_id.583da3ed21"
[0m12:24:36.927914 [debug] [Thread-1 (]: Writing injected SQL for node "model.grocery_sales.stg_customer_enriched"
[0m12:24:36.929676 [debug] [Thread-3 (]: Writing injected SQL for node "model.grocery_sales.stg_employee_enriched"
[0m12:24:36.930452 [debug] [Thread-2 (]: Finished running node test.grocery_sales.not_null_stg_sales_sales_id.2090a8c8cf
[0m12:24:36.931545 [debug] [Thread-4 (]: Began executing node test.grocery_sales.unique_stg_sales_sales_id.583da3ed21
[0m12:24:36.932037 [debug] [Thread-4 (]: Finished running node test.grocery_sales.unique_stg_sales_sales_id.583da3ed21
[0m12:24:36.932351 [debug] [Thread-1 (]: Began executing node model.grocery_sales.stg_customer_enriched
[0m12:24:36.932711 [debug] [Thread-1 (]: Finished running node model.grocery_sales.stg_customer_enriched
[0m12:24:36.933042 [debug] [Thread-3 (]: Began executing node model.grocery_sales.stg_employee_enriched
[0m12:24:36.933411 [debug] [Thread-3 (]: Finished running node model.grocery_sales.stg_employee_enriched
[0m12:24:36.933741 [debug] [Thread-2 (]: Began running node model.grocery_sales.int_fact_sales
[0m12:24:36.933953 [debug] [Thread-2 (]: Re-using an available connection from the pool (formerly test.grocery_sales.not_null_stg_sales_sales_id.2090a8c8cf, now model.grocery_sales.int_fact_sales)
[0m12:24:36.934185 [debug] [Thread-2 (]: Began compiling node model.grocery_sales.int_fact_sales
[0m12:24:36.935748 [debug] [Thread-2 (]: Writing injected SQL for node "model.grocery_sales.int_fact_sales"
[0m12:24:36.936210 [debug] [Thread-2 (]: Began executing node model.grocery_sales.int_fact_sales
[0m12:24:36.936558 [debug] [Thread-2 (]: Finished running node model.grocery_sales.int_fact_sales
[0m12:24:36.937107 [debug] [Thread-1 (]: Began running node model.grocery_sales.mart_customer_performance
[0m12:24:36.937571 [debug] [Thread-3 (]: Began running node model.grocery_sales.mart_product_performance
[0m12:24:36.937783 [debug] [Thread-1 (]: Re-using an available connection from the pool (formerly model.grocery_sales.stg_customer_enriched, now model.grocery_sales.mart_customer_performance)
[0m12:24:36.937986 [debug] [Thread-2 (]: Began running node model.grocery_sales.mart_sales_overview_monthly
[0m12:24:36.938198 [debug] [Thread-4 (]: Began running node model.grocery_sales.mart_category_performance
[0m12:24:36.938414 [debug] [Thread-3 (]: Re-using an available connection from the pool (formerly model.grocery_sales.stg_employee_enriched, now model.grocery_sales.mart_product_performance)
[0m12:24:36.938619 [debug] [Thread-1 (]: Began compiling node model.grocery_sales.mart_customer_performance
[0m12:24:36.938826 [debug] [Thread-2 (]: Re-using an available connection from the pool (formerly model.grocery_sales.int_fact_sales, now model.grocery_sales.mart_sales_overview_monthly)
[0m12:24:36.939037 [debug] [Thread-4 (]: Re-using an available connection from the pool (formerly test.grocery_sales.unique_stg_sales_sales_id.583da3ed21, now model.grocery_sales.mart_category_performance)
[0m12:24:36.939238 [debug] [Thread-3 (]: Began compiling node model.grocery_sales.mart_product_performance
[0m12:24:36.940715 [debug] [Thread-1 (]: Writing injected SQL for node "model.grocery_sales.mart_customer_performance"
[0m12:24:36.941048 [debug] [Thread-2 (]: Began compiling node model.grocery_sales.mart_sales_overview_monthly
[0m12:24:36.941398 [debug] [Thread-4 (]: Began compiling node model.grocery_sales.mart_category_performance
[0m12:24:36.942737 [debug] [Thread-3 (]: Writing injected SQL for node "model.grocery_sales.mart_product_performance"
[0m12:24:36.944085 [debug] [Thread-2 (]: Writing injected SQL for node "model.grocery_sales.mart_sales_overview_monthly"
[0m12:24:36.945585 [debug] [Thread-4 (]: Writing injected SQL for node "model.grocery_sales.mart_category_performance"
[0m12:24:36.946051 [debug] [Thread-1 (]: Began executing node model.grocery_sales.mart_customer_performance
[0m12:24:36.946439 [debug] [Thread-1 (]: Finished running node model.grocery_sales.mart_customer_performance
[0m12:24:36.946638 [debug] [Thread-1 (]: Began running node model.grocery_sales.mart_salesperson_performance
[0m12:24:36.946830 [debug] [Thread-1 (]: Re-using an available connection from the pool (formerly model.grocery_sales.mart_customer_performance, now model.grocery_sales.mart_salesperson_performance)
[0m12:24:36.947202 [debug] [Thread-1 (]: Began compiling node model.grocery_sales.mart_salesperson_performance
[0m12:24:36.947666 [debug] [Thread-3 (]: Began executing node model.grocery_sales.mart_product_performance
[0m12:24:36.947922 [debug] [Thread-2 (]: Began executing node model.grocery_sales.mart_sales_overview_monthly
[0m12:24:36.949123 [debug] [Thread-1 (]: Writing injected SQL for node "model.grocery_sales.mart_salesperson_performance"
[0m12:24:36.949514 [debug] [Thread-3 (]: Finished running node model.grocery_sales.mart_product_performance
[0m12:24:36.949699 [debug] [Thread-4 (]: Began executing node model.grocery_sales.mart_category_performance
[0m12:24:36.950069 [debug] [Thread-2 (]: Finished running node model.grocery_sales.mart_sales_overview_monthly
[0m12:24:36.950504 [debug] [Thread-4 (]: Finished running node model.grocery_sales.mart_category_performance
[0m12:24:36.950891 [debug] [Thread-3 (]: Began running node test.grocery_sales.not_null_mart_sales_overview_monthly_sales_month.0008dd9096
[0m12:24:36.951102 [debug] [Thread-3 (]: Re-using an available connection from the pool (formerly model.grocery_sales.mart_product_performance, now test.grocery_sales.not_null_mart_sales_overview_monthly_sales_month.0008dd9096)
[0m12:24:36.951277 [debug] [Thread-3 (]: Began compiling node test.grocery_sales.not_null_mart_sales_overview_monthly_sales_month.0008dd9096
[0m12:24:36.953111 [debug] [Thread-3 (]: Writing injected SQL for node "test.grocery_sales.not_null_mart_sales_overview_monthly_sales_month.0008dd9096"
[0m12:24:36.953540 [debug] [Thread-3 (]: Began executing node test.grocery_sales.not_null_mart_sales_overview_monthly_sales_month.0008dd9096
[0m12:24:36.953847 [debug] [Thread-1 (]: Began executing node model.grocery_sales.mart_salesperson_performance
[0m12:24:36.954238 [debug] [Thread-3 (]: Finished running node test.grocery_sales.not_null_mart_sales_overview_monthly_sales_month.0008dd9096
[0m12:24:36.954585 [debug] [Thread-1 (]: Finished running node model.grocery_sales.mart_salesperson_performance
[0m12:24:36.955620 [debug] [MainThread]: Connection 'master' was properly closed.
[0m12:24:36.955788 [debug] [MainThread]: Connection 'list_grocery_sale_public_staging' was properly closed.
[0m12:24:36.955922 [debug] [MainThread]: Connection 'list_grocery_sale_public_mart' was properly closed.
[0m12:24:36.956042 [debug] [MainThread]: Connection 'list_grocery_sale_public_analytics' was properly closed.
[0m12:24:36.956185 [debug] [MainThread]: Connection 'model.grocery_sales.mart_salesperson_performance' was properly closed.
[0m12:24:36.956304 [debug] [MainThread]: Connection 'test.grocery_sales.not_null_mart_sales_overview_monthly_sales_month.0008dd9096' was properly closed.
[0m12:24:36.956417 [debug] [MainThread]: Connection 'model.grocery_sales.mart_category_performance' was properly closed.
[0m12:24:36.956586 [debug] [MainThread]: Connection 'model.grocery_sales.mart_sales_overview_monthly' was properly closed.
[0m12:24:36.958175 [debug] [MainThread]: Command end result
[0m12:24:36.998031 [debug] [MainThread]: Wrote artifact WritableManifest to E:\Study\Stage\Grocery-Sales-Database\dbt\target\manifest.json
[0m12:24:37.008450 [debug] [MainThread]: Wrote artifact SemanticManifest to E:\Study\Stage\Grocery-Sales-Database\dbt\target\semantic_manifest.json
[0m12:24:37.012496 [debug] [MainThread]: Wrote artifact RunExecutionResult to E:\Study\Stage\Grocery-Sales-Database\dbt\target\run_results.json
[0m12:24:38.271148 [debug] [MainThread]: Acquiring new postgres connection 'generate_catalog'
[0m12:24:38.271425 [info ] [MainThread]: Building catalog
[0m12:24:38.278383 [debug] [ThreadPool]: Acquiring new postgres connection 'grocery_sale.information_schema'
[0m12:24:38.282327 [debug] [ThreadPool]: Using postgres connection "grocery_sale.information_schema"
[0m12:24:38.282586 [debug] [ThreadPool]: On grocery_sale.information_schema: /* {"app": "dbt", "dbt_version": "1.11.7", "profile_name": "grocery_sales", "target_name": "dev", "connection_name": "grocery_sale.information_schema"} */

    
    

    select
        'grocery_sale' as table_database,
        sch.nspname as table_schema,
        tbl.relname as table_name,
        case tbl.relkind
            when 'v' then 'VIEW'
            when 'm' then 'MATERIALIZED VIEW'
            else 'BASE TABLE'
        end as table_type,
        tbl_desc.description as table_comment,
        col.attname as column_name,
        col.attnum as column_index,
        pg_catalog.format_type(col.atttypid, col.atttypmod) as column_type,
        col_desc.description as column_comment,
        pg_get_userbyid(tbl.relowner) as table_owner

    from pg_catalog.pg_namespace sch
    join pg_catalog.pg_class tbl on tbl.relnamespace = sch.oid
    join pg_catalog.pg_attribute col on col.attrelid = tbl.oid
    left outer join pg_catalog.pg_description tbl_desc on (tbl_desc.objoid = tbl.oid and tbl_desc.objsubid = 0)
    left outer join pg_catalog.pg_description col_desc on (col_desc.objoid = tbl.oid and col_desc.objsubid = col.attnum)
    where ((upper(sch.nspname) = upper('public_staging') and
           upper(tbl.relname) = upper('stg_cities')) or (upper(sch.nspname) = upper('public_analytics') and
           upper(tbl.relname) = upper('int_fact_sales')) or (upper(sch.nspname) = upper('public_staging') and
           upper(tbl.relname) = upper('stg_countries')) or (upper(sch.nspname) = upper('public_mart') and
           upper(tbl.relname) = upper('mart_customer_performance')) or (upper(sch.nspname) = upper('public_mart') and
           upper(tbl.relname) = upper('mart_sales_overview_monthly')) or (upper(sch.nspname) = upper('public_staging') and
           upper(tbl.relname) = upper('stg_categories')) or (upper(sch.nspname) = upper('public_staging') and
           upper(tbl.relname) = upper('stg_product_enriched')) or (upper(sch.nspname) = upper('public_staging') and
           upper(tbl.relname) = upper('stg_city_enriched')) or (upper(sch.nspname) = upper('public_staging') and
           upper(tbl.relname) = upper('stg_customer_enriched')) or (upper(sch.nspname) = upper('public_mart') and
           upper(tbl.relname) = upper('mart_category_performance')) or (upper(sch.nspname) = upper('public_staging') and
           upper(tbl.relname) = upper('stg_products')) or (upper(sch.nspname) = upper('public_staging') and
           upper(tbl.relname) = upper('stg_employee_enriched')) or (upper(sch.nspname) = upper('public_staging') and
           upper(tbl.relname) = upper('stg_sales')) or (upper(sch.nspname) = upper('public_mart') and
           upper(tbl.relname) = upper('mart_salesperson_performance')) or (upper(sch.nspname) = upper('public_staging') and
           upper(tbl.relname) = upper('stg_customers')) or (upper(sch.nspname) = upper('public_staging') and
           upper(tbl.relname) = upper('stg_employees')) or (upper(sch.nspname) = upper('public_mart') and
           upper(tbl.relname) = upper('mart_product_performance')))
      and not pg_is_other_temp_schema(sch.oid) -- not a temporary schema belonging to another session
      and tbl.relpersistence in ('p', 'u') -- [p]ermanent table or [u]nlogged table. Exclude [t]emporary tables
      and tbl.relkind in ('r', 'v', 'f', 'p', 'm') -- o[r]dinary table, [v]iew, [f]oreign table, [p]artitioned table, [m]aterialized view. Other values are [i]ndex, [S]equence, [c]omposite type, [t]OAST table
      and col.attnum > 0 -- negative numbers are used for system columns such as oid
      and not col.attisdropped -- column as not been dropped

    order by
        sch.nspname,
        tbl.relname,
        col.attnum
[0m12:24:38.282802 [debug] [ThreadPool]: Opening a new connection, currently in state init
[0m12:24:38.337349 [debug] [ThreadPool]: SQL status: SELECT 154 in 0.054 seconds
[0m12:24:38.340791 [debug] [ThreadPool]: On grocery_sale.information_schema: ROLLBACK
[0m12:24:38.341175 [debug] [ThreadPool]: On grocery_sale.information_schema: Close
[0m12:24:38.353044 [debug] [MainThread]: Wrote artifact CatalogArtifact to E:\Study\Stage\Grocery-Sales-Database\dbt\target\catalog.json
[0m12:24:38.366618 [debug] [MainThread]: Wrote artifact WritableManifest to E:\Study\Stage\Grocery-Sales-Database\dbt\target\manifest.json
[0m12:24:38.367837 [debug] [MainThread]: Wrote artifact SemanticManifest to E:\Study\Stage\Grocery-Sales-Database\dbt\target\semantic_manifest.json
[0m12:24:38.368018 [info ] [MainThread]: Catalog written to E:\Study\Stage\Grocery-Sales-Database\dbt\target\catalog.json
[0m12:24:38.368703 [debug] [MainThread]: Command `dbt docs generate` succeeded at 12:24:38.368630 after 4.91 seconds
[0m12:24:38.368911 [debug] [MainThread]: Connection 'generate_catalog' was properly closed.
[0m12:24:38.369088 [debug] [MainThread]: Connection 'grocery_sale.information_schema' was properly closed.
[0m12:24:38.369260 [debug] [MainThread]: Sending event: {'category': 'dbt', 'action': 'invocation', 'label': 'end', 'context': [<snowplow_tracker.self_describing_json.SelfDescribingJson object at 0x0000022F88C4CD10>, <snowplow_tracker.self_describing_json.SelfDescribingJson object at 0x0000022F8A39D230>, <snowplow_tracker.self_describing_json.SelfDescribingJson object at 0x0000022F8A39FC20>]}
[0m12:24:38.369482 [debug] [MainThread]: Flushing usage events
[0m12:24:38.919104 [debug] [MainThread]: An error was encountered while trying to flush usage events
[0m12:24:45.970877 [debug] [MainThread]: Sending event: {'category': 'dbt', 'action': 'invocation', 'label': 'start', 'context': [<snowplow_tracker.self_describing_json.SelfDescribingJson object at 0x000001F0A85BDFD0>, <snowplow_tracker.self_describing_json.SelfDescribingJson object at 0x000001F0A6368190>, <snowplow_tracker.self_describing_json.SelfDescribingJson object at 0x000001F0A927B390>]}


============================== 12:24:45.973950 | 1b808141-7ba8-407d-9c3c-3a02fd11e120 ==============================
[0m12:24:45.973950 [info ] [MainThread]: Running with dbt=1.11.7
[0m12:24:45.974360 [debug] [MainThread]: running dbt with arguments {'version_check': 'True', 'no_print': 'None', 'static_parser': 'True', 'target_path': 'None', 'warn_error_options': 'WarnErrorOptionsV2(error=[], warn=[], silence=[])', 'printer_width': '80', 'write_json': 'True', 'introspect': 'True', 'log_cache_events': 'False', 'empty': 'None', 'cache_selected_only': 'False', 'fail_fast': 'False', 'debug': 'False', 'log_format': 'default', 'profiles_dir': 'C:\\Users\\Huang\\.dbt', 'send_anonymous_usage_stats': 'True', 'quiet': 'False', 'warn_error': 'None', 'partial_parse': 'True', 'use_colors': 'True', 'indirect_selection': 'eager', 'invocation_command': 'dbt docs serve', 'use_experimental_parser': 'False', 'log_path': 'E:\\Study\\Stage\\Grocery-Sales-Database\\dbt\\logs'}
[0m12:24:46.082214 [debug] [MainThread]: Sending event: {'category': 'dbt', 'action': 'project_id', 'label': '1b808141-7ba8-407d-9c3c-3a02fd11e120', 'context': [<snowplow_tracker.self_describing_json.SelfDescribingJson object at 0x000001F0A8C76FD0>]}
[0m12:24:46.119986 [debug] [MainThread]: Sending event: {'category': 'dbt', 'action': 'adapter_info', 'label': '1b808141-7ba8-407d-9c3c-3a02fd11e120', 'context': [<snowplow_tracker.self_describing_json.SelfDescribingJson object at 0x000001F0AA9E56A0>]}
